id,nombre,email,telefono,whatsapp,direccion,website,instagram,facebook,google_maps_url,is_premium,verificado
1,"Cabañas Rocas Amarillas- 2 Estrellas – Valle Grande",,"1 – Valle Grande""",260154624765,"""Ruta Prov. 173 – km 29",,http://www.rocas-amarillas.com.ar/,https://www.instagram.com/rocas_amarillas/,,,0
2,"Hostel Shanti-Las Paredes",,260154660674154663902,260154660674154663902,"Av. Hipólito Yrigoyen 2602 -Las Paredes",http://www.shantihostel.com.ar/,https://www.instagram.com/shanti.hostel/?hl=es,https://www.facebook.com/Shanti-Hostel-169966623058058/?ref=br_rs,,,0
3,"Hotel Regine- 2 Estrellas",,5492604531997,5492604531997,"Independencia 623 -Ciudad",http://www.hotelregine.com.ar,https://www.instagram.com/hotelregine/?hl=es,,,,0
4,"BLAXON Steak House & Bar - RESTAURANTE - Ciudad",,,,"Cuba 17 Shopping -Local 1 y 5",,https://www.instagram.com/blaxonrestaurante/,,,,0
5,"Lucy Sol Cabañas – Las Paredes",,5492604576564,5492604576564,"Sarmiento 5100 – Las Paredes",,,https://www.facebook.com/p/Lucy-Sol-Caba%C3%B1as-San-Rafael-MZA-100057816513025/?locale=es_LA,,,0
6,"Cabañas Cangallo - Ciudad",,5492604582250,5492604582250,"Cangallo 1428- Ciudad",https://www.cabanascangallo.com/?fbclid=PAZXh0bgNhZW0CMTEAAafc-XQ70qYCDCCwIE0h1mAHYTmVL9GtM8Euv9XGCChGatQ-zA7rUeAvVR1WXA_aem_ufgDL554yRPdLMV20fQwJw,https://www.instagram.com/cabanascangallo.sanrafael/?hl=es,,,,0
7,"LA DELICIA Heladería",,2604422016,2604422016,"Domicilio   Buenos Aires 51 – Ciudad",,https://www.instagram.com/ladeliciahelados/?hl=es,,,,0
8,"FUNEZ UN BAR - Café - Bar",,"Ciudad de San Rafael.""",2604310229,"""Domicilio   Dean Funes 890",,,https://www.instagram.com/funez.unbar/,,,0
9,"CHAKANA Bar - Valle Grande",,,,"R. Prov. 173 Km 20 – Valle Grande",http://www.saintjosephweb.com.ar,,,,,0
10,"TOSCANA Restó - Ciudad",,2604406178,2604406178,"Domicilio  Castelli 19 Ciudad",,https://www.instagram.com/toscana_resto/?locale=zh-hans,,,,0
11,"Hotel Kalton – 3 Estrellas",,2604430047154060328,2604430047154060328,"Av. Hipólito Yrigoyen 120 – Ciudad",http://www.kaltonhotel.com,https://www.instagram.com/hotelkalton/?hl=es,,,,0
12,"Cabañas Calderón – Las Paredes",,5492604351626,5492604351626,"Avenida  Hipólito  Yrigoyen 2480 – Las Paredes",http://www.cabanascalderon.com.ar/,https://www.instagram.com/cabanascalderon/,,,,0
13,"HOT POLLO San Rafael - Ciudad",,,,"Domicilio  Avda Hipólito Yrigoyen 813 – Ciudad",,https://www.instagram.com/hot.pollo/?hl=es-la#,,,,0
14,"Cabañas Ermitazh – Valle Grande",,"km 13","5 – Valle Grande""","""Ruta Prov. 173",260154510202,,http://complejoermitazh.com/index.php,,,0
15,"Cabañas La Posta Del Cholo – Valle Grande",," km 24 – Valle Grande""",,"""Ruta Prov. 173",,,https://www.instagram.com/postadelcholo/?hl=es,,,0
16,"LA GRINGA (Restó) - Ciudad",,,,"Domicilio  Chile 26 – Ciudad",,https://www.instagram.com/lagringasr/,,,,0
17,"RISCO VIAJES E.V.T. - Excursiones Locales y Turismo Emisivo.",,,,"Av. San Martín 261 -Ciudad",https://www.riscoviajes.com/,https://www.instagram.com/riscoviajes/?hl=es-la,https://www.riscoviajes.com/,,,0
18,"Cabañas Las Rocas- Ciudad",,5492604599919,5492604599919,"Cangallo S N – Ciudad","http://cabañaslasrocas.com.ar/#!/-bienvenido/",,https://www.facebook.com/cabaniaslasrocas/,,,0
19,"Museo Posada Benelli - Las Paredes",,2604826030,2604826030,"Domicilio  Toledano norte 2960",,https://www.instagram.com/museoposadabenelli/,,,,0
20,"RIO AZUL (Parrilla -Restó) - Valle Grande",," km. 23.9""",,"""Ruta Prov. 173",,http://www.rioazulvallegrande.com.ar,https://www.instagram.com/rioazulvallegrande/,,,0
21,"Cabañas Espejos Del Río – Rama Caída",,260154223945154810160,260154223945154810160,"Ruta Prov. 175 s n Rama Caída",,https://www.instagram.com/espejosdelrio_alojamiento/,,,,0
22,"MILLANTI E.V.T. Excursiones Locales",,2604446540154062333,2604446540154062333,"Francia 56 -Ciudad",http://www.millantiviajes.com.ar/,https://www.instagram.com/millanti_viajes/,https://www.facebook.com/millanti/,,,0
23,"Big Bon - Ciudad",,,,"Av. Hipólito Yrigoyen 1625 – Ciudad",,https://www.instagram.com/bigbonresto/,https://www.facebook.com/Big-bon-100443642467974/,,,0
24,"LA DELICIA Heladería",,2604422016,2604422016,"Domicilio   Buenos Aires 51 – Ciudad",,https://www.instagram.com/ladeliciahelados/?hl=es,,,,0
25,"AL ANTOJO DEL COCINERO(Resto) - Ciudad",,"0261 333-7364","","Av. Balloffet 173 – Ciudad",https://www.facebook.com/Al-Antojo-del-Cocinero-401475969975590/?utm_source=foodlocate.com&utm_medium=referral,https://www.instagram.com/alantojodelcocinero/,https://www.facebook.com/Al-Antojo-del-Cocinero-401475969975590,,,0
26,"Nelumbo Petit Chalet – Las Paredes",,260154636280,260154636280,"Bentos 1400- Las Paredes",https://nelumbochalet.com.ar/,https://www.instagram.com/nelumbochalet/?hl=es,,,,0
27,"OLULA - Café de especialidad",,"  Ciudad""","","""Domicilio    República de Siria 96","",https://www.instagram.com/olulacafeteria/,https://www.instagram.com/olula.sr/,,,0
28,"Cabañas Río Soñado – Valle Grande",," km 13","5 – Valle Grande""","""Ruta Prov. 173",,,http://www.cabanasriosoniado.com.ar/,,,0
29,"MILLANTI E.V.T. Excursiones Locales",,2604446540154062333,2604446540154062333,"Francia 56 -Ciudad",http://www.millantiviajes.com.ar/,https://www.instagram.com/millanti_viajes/,https://www.facebook.com/millanti/,,,0
30,"Cabañas La Vita E Bella – Las Paredes",,5492604620272,5492604620272,"Las Vírgenes 1390  – Las Paredes",http://www.lavitaebella.com.ar/,https://www.instagram.com/lavitaebellacabanas/,,,,0
31,"MISS OLIVOS - (Visitas Guiadas- Venta de Productos) - Cuadro Benegas",,"5 – Cuadro Benegas""",2604510000,"""Domicilio  Ruta 144 km 674",,https://www.missolivos.com.ar/Instagram:,https://www.instagram.com/miss.olivos/,,,0
32,"KYLO Restó",,2604607528,2604607528,"Domicilio  Day 235 – Ciudad",,https://www.instagram.com/kylo.san.rafael/?hl=en,,,,0
33,"LA BICICLETA Resto Bar - Valle Grande",,"5 – Valle Grande""",,"""Domicilio  R. Prov. 173 km. 20",,,https://www.instagram.com/labicicletaresto/,,,0
34,"ENCUENTRO`S Café Resto Bar - Ciudad",,,,"Paseo de Los Niños 30- Parque Hipólito Yrigoyen- Ciudad",,,,,,0
35,"MORITA MIA- Complejo Vacacional - Rama Caída.",,1166757437,1166757437,"Calle Quiroga 500 – Rama Caída.-",https://moritamia.com.ar/,https://instagram.com/complejo.moritamia?utm_medium=copy_link,https://www.facebook.com/complejo.moritamia?mibextid=LQQJ4d,,,0
36,"EL NIHUIL (Restaurante-Parrilla) - El Nihuil",,549260565787,549260565787,"Domicilio  Grassi 65 – El Nihuil",,,,,,0
37,"Complejo Turístico Abraham- Ciudad",,260154322262,260154322262,"Perú 240 – Ciudad",,https://www.instagram.com/abraham_complejo_turistico/,,,,0
38,"Complejo Villa Hermosa – Rama Caída",,,,"La Bodega S N – Rama Caída",http://complejovillahermosa.com/,,,,,0
39,"BUFETT TERMINAL DE OMNIBUS - Ciudad",,,,"Gral. Paz 980 – Ciudad",,,,,,0
40,"Hostel Amukan - Ciudad",,,,"Av. 9 de Julio 1336 – Ciudad",,https://www.instagram.com/amukangh/?hl=es-la,,,,0
41,"FRAMBUESA- Café - Pastelería",,2613895474,2613895474,"Domicilio         Jose Hernández 2477 – Ciudad",,https://www.instagram.com/frambuesa.cake/,,,,0
42,"EL PALACIO DE LA EMPANADA",,"0260 442-0685","","Cnel. Suárez 675, M5600 San Rafael, Mendoza, Argentina","",https://www.instagram.com/elpalaciodelaempanada2020/,"",https://maps.google.com/?cid=7732731795516474261,0,0
43,"Oro Verde",,"0260 461-7366","","Av. Juan B. Alberdi 500, M5600HKJ San Rafael, Mendoza, Argentina",https://instagram.com/oroverdesrl?igshid=YmMyMTA2M2Y=,"","",https://maps.google.com/?cid=13154873282284940714,0,0
44,"Cabañas Complejo La Piedra – El Nihuil",,5492604577686,5492604577686,"Beltrán 320- El Nihuil",,,,,,0
45,"Hotel Almería – 2 Estrellas",,2604438020,2604438020,"Barcala 221 – Ciudad",http://www.almeriahotel.com.ar,https://www.instagram.com/hotel_almeria_san_rafael/?hl=es,,,,0
46,"Cabañas Cerro Encantado – 2 Estrellas – Valle Grande",,2604045367,2604045367,"Ruta Prov. 173 km 18 – Valle Grande",,https://www.instagram.com/cerro_encantado/,,,,0
47,"Cabañas Altos De La Bodega – Rama Caída",,260154693148341156577265,260154693148341156577265,"La Bodega 250 – Rama Caída",http://www.altosdelabodega.com.ar/,https://www.instagram.com/altosdelabodega/,https://www.facebook.com/altosdelabodega.com.ar/,,,0
48,"COLOR CAFÉ - Villa 25 de Mayo",,5492604570715,5492604570715,"Domicilio  9 de Julio esq. San Martin – Villa 25 de Mayo",,https://www.instagram.com/restaurante.colorcafe/?hl=es,https://www.facebook.com/Restaurante-Color-Cafe-1812221962390806,,,0
49,"CHEZ GASTON RESTAURANTE - Cuadro Benegas ( 1)",,,,"R. Nac. 144 km. 674-Cuadro Benegas",https://www.algodonhotels.com/wineestates/,,,,,0
50,"EL PALACIO DE LA EMPANADA",,"0260 442-0685","","Cnel. Suárez 675, M5600 San Rafael, Mendoza, Argentina","",https://www.instagram.com/elpalaciodelaempanada2020/,"",https://maps.google.com/?cid=7732731795516474261,0,0
51,"Apart Hotel Villa María Florales - Cuadro Benegas",,5492604597703,5492604597703,"Ruta Nacional 144 km 665 – Cuadro Benegas",http://www.mariaflorales.com.ar/,https://www.instagram.com/complejo_mariaflorales/,,,,0
52,"Cabañas Del Sol – Valle Grande",,"km 19","9- Valle Grande""","""Ruta Prov. 173",260154530098154400485,,http://www.cabanasdelsol.com.ar/,,,0
53,"BONAFIDE (Café) - Ciudad",,,,"Domicilio  Av. Hip. Yrigoyen 87 – Ciudad",,https://www.instagram.com/bonafide.sanrafael/?hl=es-la,,,,0
54,"SOL Y AVENTURA - Excursiones Locales",,2614193366,2614193366,"San Rafael",https://solyaventura.tur.ar/Instagram:,https://www.instagram.com/solyaventura.sr/,,,,0
55,"Cabañas Camino al Valle- Rama Caída",,,,"Lucato 400- Rama Caída",,https://www.instagram.com/camino_al_valle/,https://www.facebook.com/Caminoalvalle,,,0
56,"Cabañas El Eden – Las Paredes",,5492604597072,5492604597072,"El Toledano Sur 500 – Las Paredes",http://www.eledensanrafael.com.ar/,,,,,0
57,"CUARZO VIAJES Y TURISMO",,,,"Av. Balloffet 2.050 – Ciudad 54 9 2604 56-2363",https://cuarzoviajes.com.ar/,https://www.instagram.com/cuarzovyt/,,,,0
58,"LA POSTA DEL CHOLO (Restó) - Valle Grande - (1)",,,,"Ruta Prov. N  173 km 18 – Valle Grande",,https://www.instagram.com/postadelcholo/,https://www.facebook.com/laposta.delcholo,,,0
59,"EMPRESA DE TURISMO ITALO BUTTINI -E.V.T.- Turismo Emisivo.",,,,"Corrientes 494 – Ciudad",,https://www.instagram.com/turismobuttini/?hl=es-la,https://www.facebook.com/turismo.buttini/,,,0
60,"Valle Grande Hotel de Montaña- 3 Estrellas",,5492604401313,5492604401313,"R. Prov 173 km 35  – Valle Grande",http://www.hotelvallegrande.com,,,,,0
61,"RAFFEISH - Valle Grande",,,,"R. Prov. 173 km 29 – Valle Grande",https://www.raffeish.com.ar/,https://www.instagram.com/raffeishturismo/,,,,0
62,"Casas Viejas – Las Paredes",,,,"Valentín Bianchi 6500 – Las Paredes",http://www.fincacasasviejas.com.ar/,,,,,0
63,"HOT POLLO San Rafael - Ciudad",,,,"Domicilio  Avda Hipólito Yrigoyen 813 – Ciudad",,https://www.instagram.com/hot.pollo/?hl=es-la#,,,,0
64,"EL FORTIN Café - Ciudad",,,,"Domicilio  Barcala y Las Heras – Ciudad",,https://www.instagram.com/elfortinpanaderia/?hl=es,,,,0
65,"Cabañas La Cosecha – Rama Caída",,260154418312,260154418312,"Cubillos 6165 –  Rama Caída",https://www.cabanaslacosecha.com.ar/,https://www.instagram.com/cablacosecha/,,,,0
66,"Cabañas Saint Bernard – Cuadro Nacional",,5492604682657,5492604682657,"Avenida  Alberdi 6500 – Cuadro Nacional",,,,,,0
67,"EL TOMILLO (Los Carolinos Lodge) - Villa 25 de Mayo",,,,"Mitre 300 – Villa 25 de Mayo",http://www.loscarolinoslodge.com/,,,,,0
68,"Chaglasian Winery & Vineyards",,2604340827,2604340827,"Ubicación  Valentín  Bianchi 1.600 – Las Paredes",https://chaglasianwinery.com/bodega-boutique-en-san-rafael-mendoza-argentina/Instagram:,https://www.instagram.com/chaglasianwineandsuites/,https://www.facebook.com/Chaglasian,,,0
69,"Apart Hotel Tierra Mora - Ciudad",,5491157002168,5491157002168,"Ameghino 350 – Ciudad",https://www.tierramora.com.ar/es/,,,,,0
70,"SUD (Restó) Hotel Tower Inn & Suites - Ciudad - (1)",,,,"Av. H. Yrigoyen 774 – Ciudad",http://www.towersanrafael.com,https://www.instagram.com/sud.restaurante/?hl=es,,,,0
71,"PASTELLA- Café - Pastelería",,2604342496,2604342496,"Domicilio  Av. San Martín 435 – Ciudad",,https://www.instagram.com/pastella.sr/,,,,0
72,"Casas de Campo La Josefina – Rama Caída",,,,"Los Olivos 1050 – Rama Caída",,,,,,0
73,"RISTTRETO Café",,2604557559,2604557559,"Domicilio  Pellegrini 40    – Ciudad",,https://www.instagram.com/ristretto.cafe.bar/?hl=es-la,,,,0
74,"Cabañas La Palloza – Cuadro Benegas",,"5 – Cuadro Benegas""",261156057074,"""Ruta 144 km 672",,,https://www.instagram.com/complejolapalloza/,,,0
75,"Cabañas Del Cerro – Valle Grande",," km 17","9 – Valle Grande""","""Ruta Prov. 173",,,http://www.complejodelcerro.com/,,,0
76,"LA ABEJA (Bodega / Espumantes) - Ciudad",,,,"Av. Hipólito Yrigoyen 1900 – Ciudad",http://www.bodegalaabeja.com.ar,https://www.instagram.com/bodegalaabeja/?hl=es-la,https://www.facebook.com/Laabejabodega,,,0
77,"AL MUNDO San Rafael- (Franquicia)-Turismo Emisivo",,"0810-220-1031 ext. 100","","Av. H. Yrigoyen 1799",https://almundo.com.ar/,"","",,,0
78,"HOGAREÑO&#8217;S 🏡-Restaurante y Comidas para llevar",,km498,"Salto de las Rosas- San Rafael""","""Domicilio  Ruta Nacional 143",2604560330,,,,,0
79,"PARRILLA LO DEL TURCO - Ciudad",,2604677105,2604677105,"Domicilio  Callao 600 – Ciudad",,https://www.instagram.com/parrillalodelturco/?__d=11,,,,0
80,"CANTINA A GOGÓ",,"0260 402-0231","","Chile 9, M5600 San Rafael, Mendoza, Argentina","",https://www.instagram.com/cantinaagogo/,"",https://maps.google.com/?cid=17848181092760582528,0,0
81,"HOTEL NITRA II - Valle Grande",,"2 – Valle Grande""",,"""R. Prov. 173 km. 25",,https://www.hotelesnitra.com.ar/,,,,0
82,"Hostel Nido - Ciudad",,2604222133,2604222133,"Cnel. Ricardo Day 111 – Ciudad",,https://www.instagram.com/nido_hostel/?hl=es-la,https://www.facebook.com/nidohostel,,,0
83,"LABIANO (Bodega / Espumantes) - Rama Caída",,5492604635030,5492604635030,"Cubillos 3850 – Rama Caída",http://www.bodegalabiano.com,https://www.instagram.com/bodegalabiano/?hl=es-la,https://www.facebook.com/bodega.labiano,,,0
84,"EL PINITO - Heladerías",,2604595379,2604595379,"Domicilio  Av. Hipólito Yrigoyen 1565 – Ciudad",,https://www.instagram.com/elpinito_helados/?hl=es,,,,0
85,"DE MARTIS TURISMO- E.V.T. (Sucursal San Rafael) - Turismo Emisivo",,,,"Chile 462 –  Local 2- Planta Baja – Ciudad",http://www.demartis.com.ar/,,,,,0
86,"Cabañas Posada Del Angel- Valle Grande",,"8 – Valle Grande""",260154641782154605066,"""Ruta Prov. N  173 km 14",,http://www.posadasdelangel.com.ar/,https://www.instagram.com/posadasdelangelvallegrande/,,,0
87,"La Casona de Crismajo – Cuadro Benegas",,260154664695,260154664695,"Mercado 300 – Cuadro Benegas",,https://www.instagram.com/lacasona.decrismajo/?hl=es,,,,0
88,"SYRAH Restaurante - Las Paredes",,"Las Paredes""",2604802010,"""Domicilio  El Chañaral 2000",,,https://www.instagram.com/syrah.resto/?gad_source=1&gclid=Cj0KCQjw3vO3BhCqARIsAEWblcDFWPb93sIYZu5aUHw3SRF4vk4uDEcq2sI5xMSfaIBcqSuX1yDuW5waAlZaEALw_wcB,,,0
89,"Chalet Los Troncos - Cuadro Benegas",,260154630935,260154630935,"El Moro 3500 – Cuadro Benegas",,https://www.instagram.com/chaletlostroncos/?hl=es,,,,0
90,"Barrancas Suites – Villa 25 de Mayo",,5492604539394,5492604539394,"La Bodega S N – Villa 25 de Mayo",http://www.barrancassuites.com/,,,,,0
91,"MAGIC TOP Helados",,26044425281,26044425281,"Domicilio  Av. Mitre 202 – Ciudad",,https://www.instagram.com/heladosmagicdelivery/,,,,0
92,"Cabañas La Divina Pereza – Rama Caída",,5492604030573,5492604030573,"Cubillos 4035- Rama Caída",http://www.ladivinapereza.com.ar/,https://www.instagram.com/divinapereza/,https://www.facebook.com/divina.pereza/?__tn__=%2Cd%2CP-R&eid=ARCb_vEOugdNTxwqEPMznbDl7fWrtdH9Vw0pLiJ2MWl1BPAhIa4c-hDTZqJu6ab3NmokkU6QC6wWXBlX,,,0
93,"Valle Grande Aventura",,"0260 459-3696","","34.8351900, -68.5126320, M5600 Valle Grande, Mendoza, Argentina",https://vallegrandeaventura.com.ar/,"","",https://maps.google.com/?cid=1139713816795091720,0,0
94,"LA NUEVA COSECHA 71 (Café- Minutas) - Ciudad",,,,"Av. Hipólito Yrigoyen 674 – Ciudad",,,,,,0
95,"Cabañas El Chañar – 1 Estrella – Cuadro Benegas",,,,"El Moro 4623 – Cuadro Benegas",http://www.xn--cabaaselchaar-lkbh.com.ar/,,https://www.facebook.com/cabaniaselchaniar.com.ar/,,,1
96,"Apart Hotel Vecchia Terra - Ciudad",,5492604221204,5492604221204,"Castelli 23  – Ciudad",http://www.vecchiaterra.com.ar/,https://www.instagram.com/vecchia_terra/?hl=es,https://www.facebook.com/vecchiaterraapart/,,,0
97,"CALLE ANGOSTA (Enorestó Bodega Ibarra) - Rama Caída",,,,"Cubillos 3550 – Rama Caída",,https://www.instagram.com/bodegaibarra/?hl=es-la,https://www.facebook.com/BodegaBoutiqueIbarra,,,0
98,"Cabañas Valle Grande Hotel de Montaña – Estrella – Valle Grande",," km 35 – Valle Grande""",,"""Ruta Prov. 173",,http://www.hotelvallegrande.com/,,,,0
99,"HOTEL NITRA II - Valle Grande",,"2 – Valle Grande""",,"""R. Prov. 173 km. 25",,https://www.hotelesnitra.com.ar/,,,,0
100,"Apart Hotel Ámbar",,5492604636042,5492604636042,"Chile 259 – Planta Alta  – Ciudad","","","",,,0
101,"BONAFIDE (Café) - Ciudad",,,,"Domicilio  Av. Hip. Yrigoyen 87 – Ciudad",,https://www.instagram.com/bonafide.sanrafael/?hl=es-la,,,,0
102,"MARY Lomitos",,"0260 443-2990","","Las Aucas 1826, M5600 San Rafael, Mendoza, Argentina",https://pedidos.masdelivery.com/mary-lomitos,https://www.instagram.com/marylomitos/,"",https://maps.google.com/?cid=17189454009944389488,0,0
103,"BODEGA GRAND ESTATE (vinos)",,5492604594274,5492604594274,"Domicilio  Castelli 1331 –  CP 5600  – Ciudad",https://grandestate.com.ar/Instagram:,https://www.instagram.com/turismograndestate/,,,,0
104,"Finca La Penúltima",,5492604054453,5492604054453,"Las Heras 487 – Villa 25 de Mayo",http://www.fincalapenultima.com,https://www.instagram.com/fincalapenultima/?hl=es,,,,0
105,"EL NIHUIL HOTEL (Resto)- El Nihuil - (1)",,,,"La Pasarella 1200- El Nihuil",https://www.smata.com.ar/el-nihuil-hotel/,,,,,0
106,"Complejo Villa Bonita – Villa 25 de Mayo",,2604537154,2604537154,"Ruta Prov. N  150 – S N- Villa 25 de Mayo",http://www.complejovillabonita.com.ar/,https://www.instagram.com/complejovillabonita/,,,,0
107,"L´OBRADOR (Comedor De Campo) - Las Paredes - (1)",,,,"Bentos 50 Pasillo 1 – Las Paredes",,https://www.instagram.com/lobradorsr/,https://www.facebook.com/L-Obrador-570792939655533,,,0
108,"EXCURSIONES AHORA EV.T. -Excursiones Locales.",,,,"Av. Hipólito Yrigoyen 642 – Ciudad",http://www.excursionesahora.com.ar/,https://www.instagram.com/excursionesahora/,,,,0
109,"LOMORO Helados & Café",,,,"Domicilio  Av. Balloffet 1205 – Ciudad",,https://www.instagram.com/heladoslomorosanrafael/?hl=es,,,,0
110,"Moment’s Bar - Ciudad",,5492604400990,5492604400990,"Av. Deán Funes 998 – Ciudad",https://momentstulugar.com/,https://www.instagram.com/moments.tu.lugar/?hl=es,,,,0
111,"RIO AZUL (Parrilla -Restó) - Valle Grande",," km. 23.9""",,"""Ruta Prov. 173",,http://www.rioazulvallegrande.com.ar,https://www.instagram.com/rioazulvallegrande/,,,0
112,"La Dante Viajes",,2604414179,2604414179,"Domicilio  Alem 52 – Ciudad de San Rafael",,https://www.instagram.com/ladanteviajes/,,,,0
113,"EL TOMILLO (Los Carolinos Lodge) - Villa 25 de Mayo",,,,"Mitre 300 – Villa 25 de Mayo",http://www.loscarolinoslodge.com/,,,,,0
114,"SUD (Restó) Hotel Tower Inn & Suites - Ciudad - (1)",,,,"Av. H. Yrigoyen 774 – Ciudad",http://www.towersanrafael.com,https://www.instagram.com/sud.restaurante/?hl=es,,,,0
115,"EPSILONCRU VINEYARDS (Bodega) - Las Paredes.",,"Las Paredes.""",5492604397784,"""El chañaral 3698",,https://epsiloncvineyards.com/,https://www.instagram.com/epsiloncru.vineyards/,,,0
116,"Cabañas BET-EL - Rama Caída",,,,"El Moro 2505 – Rama Caída",,https://www.instagram.com/betelsanrafael/?hl=es-la,https://www.facebook.com/cabanasbetelsanrafael,,,1
117,"LABIANO (Bodega / Espumantes) - Rama Caída",,5492604635030,5492604635030,"Cubillos 3850 – Rama Caída",http://www.bodegalabiano.com,https://www.instagram.com/bodegalabiano/?hl=es-la,https://www.facebook.com/bodega.labiano,,,0
118,"SOL Y AVENTURA - Excursiones Locales",,2614193366,2614193366,"San Rafael",https://solyaventura.tur.ar/Instagram:,https://www.instagram.com/solyaventura.sr/,,,,0
119,"CHECHO A LA LLAMA ( Parrilla) - Cuadro Nacional",,,,"Domicilio  Ignacio Sueta 830 – Cuadro Nacional",,https://www.instagram.com/chechoalallama/,,,,0
120,"Cabañas Altos Del Valle – Rama Caída",,,,"Cubillos 8000 – Rama Caída",http://www.altosdelvallesr.com.ar/,,,,,0
121,"Hotel Rex - 1 estrella",,2604014779,2604014779,"Domicilio  Avda. Hipólito Yrigoyen 56",,https://www.instagram.com/hotel_rex2024/,,,,0
122,"BAHRÜ - Ciudad",,260154625273,260154625273,"Av. Hipólito Yrigoyen 1899 – Ciudad",,https://www.instagram.com/bahru.club/,https://www.facebook.com/bahru.club,,,0
123,"CAFÉ DEL MUNDO - Ciudad",,,,"Ubicación 1   Avda. Hipólito Yrigoyen 1661 – Ciudad",https://www.cafedelmundo.com.ar/,https://www.instagram.com/cafedelmundoarg/,,,,0
124,"FIGO RESTAURANTE - Rama Caída",,"4 entre Cubillos y Perdiguez","Rama Caída""","""Domicilio  Ruta 143 Km 513",2604504455,,,,,0
125,"BODEGA BOURNETT (Bodega / Espumantes) - Cuadro Nacional",,5492604063291,5492604063291,"Ruta 154 s n – Cuadro Nacional",http://bournett.com.ar/,https://www.instagram.com/bodegabournett/?hl=es-la,https://www.facebook.com/vinosbournett,,,0
126,"Cabañas Malbec – Las Paredes",,5492604623691,5492604623691,"Jensen 115  – Las Paredes",,,,,,0
127,"FINCA CUADRO BENEGAS - Cuadro Benegas",,,,"Calle el Vencedor esquina Mercado. Distrito Cuadro Benegas",https://fincacuadrobenegas.com.ar,https://www.instagram.com/fincacuadrobenegas/,,,,0
128,"VILLA BONITA Resto de Campo (Restó) - Villa 25 de Mayo (1)",,,,"Ruta 150 s n – Villa 25 de Mayo",http://www.complejovillabonita.com.ar,https://www.instagram.com/complejovillabonita/,,,,0
129,"CANTINA A GOGÓ",,"0260 402-0231","","Chile 9, M5600 San Rafael, Mendoza, Argentina","",https://www.instagram.com/cantinaagogo/,"",https://maps.google.com/?cid=17848181092760582528,0,0
130,"MITTO Helados & Café",,2604023893,2604023893,"Domicilio  Av. Hipólito Yrigoyen 1737 – Ciudad",,https://www.instagram.com/mittoheladoos/?hl=es,,,,0
131,"NEW SHALAKO - Ciudad",,"0260 468-9430","","Av. Hipólito Yrigoyen 510 – Ciudad",https://instagram.com/new.shalako?utm_medium=copy_link,https://www.instagram.com/new.shalako/,"",,,0
132,"MISS OLIVOS - (Visitas Guiadas- Venta de Productos) - Cuadro Benegas",,"5 – Cuadro Benegas""",2604510000,"""Domicilio  Ruta 144 km 674",,https://www.missolivos.com.ar/Instagram:,https://www.instagram.com/miss.olivos/,,,0
133,"BODEGA ETNIA",,5492604023673,5492604023673,"Domicilio   Cubillos 2225 – Rama Caída",https://bodegaetnia.com/,https://www.instagram.com/bodegaetnia/profilecard/?igsh=a3pwcGJmend2cGlk,,,,0
134,"BODEGA ETNIA",,5492604023673,5492604023673,"Domicilio   Cubillos 2225 – Rama Caída",https://bodegaetnia.com/,https://www.instagram.com/bodegaetnia/profilecard/?igsh=a3pwcGJmend2cGlk,,,,0
135,"Apart Hotel San Martín & Spa – 2 Estrellas",,5492604549057,5492604549057,"Avenida  San Martín 435  – Ciudad",http://www.sanmartinhotelspa.com/,https://www.instagram.com/hotelsanmartin_spa/,https://www.facebook.com/SanMartinHotelSpa/,,,0
136,"LA GRINGA (Restó) - Ciudad",,,,"Domicilio  Chile 26 – Ciudad",,https://www.instagram.com/lagringasr/,,,,0
137,"Cabañas Ayres de Cuyo – Las Paredes",,54901169483112,54901169483112,"Bianchi 1000 – Las Paredes",http://www.ayresdecuyo.com/,https://www.instagram.com/ayresdecuyo/,,,,0
138,"MENDOSUR E.V.T. Excursiones Locales y Turismo Emisivo",,,,"Av. Balloffet 54 – Ciudad",http://www.turismomendosur.com.ar/,https://www.instagram.com/mendosur_excursiones/?hl=es-la,https://www.facebook.com/www.turismomendosur.com.ar,,,0
139,"Hotel Tower Inn & Suites – 4 Estrellas",,,,"Av. Hipólito Yrigoyen 760 – Ciudad",http://www.towersanrafael.com,https://www.instagram.com/towerhotelsuites/?hl=es,,,,1
140,"Terra Lombarda (Bodega) - Rama Caída",,5492604595269,5492604595269,"Cubillos 4300 – Rama Caída",https://linktr.ee/bodegaterralombarda,https://www.instagram.com/bodegaterralombarda/,,,,0
141,"BENELLI CAFÉ -Museo Café - Ciudad san rafael",,2604446876,2604446876,"Domicilio  Avda. Balloffet 876 – Ciudad","","","",,,0
142,"Cabañas La Martina Casa de Campo – Rama Caída",,260154517234,260154517234,"Arroyo 1331",http://www.xn--cabaaslamartina-1qb.com.ar/,https://www.instagram.com/lamartina.cdc/,,,,0
143,"PARADOR MILLCAYAC - Valle Grande",,2604408014,2604408014,"Domicilio  R. Provincial 173 km. 19- Valle Grande",,,,,,0
144,"Los Cactus – Rama Caída",,,,"José Mora 395 – Rama Caída",,,https://www.facebook.com/Caba%C3%B1a-Los-Cactus-355497607968288,,,0
145,"Secretos del Monte",,"0260 453-4177","","5600, Justo en frente de GNC pacifico, Av. Ing. Julio Balloffet 2869, M5600 San Rafael, Mendoza, Argentina",http://www.secretosdelmonte.com/,"","",https://maps.google.com/?cid=8477328962055156805,0,0
146,"KYLO Restó",,2604607528,2604607528,"Domicilio  Day 235 – Ciudad",,https://www.instagram.com/kylo.san.rafael/?hl=en,,,,0
147,"EPSILONCRU VINEYARDS (Bodega) - Las Paredes.",,"Las Paredes.""",5492604397784,"""El chañaral 3698",,https://epsiloncvineyards.com/,https://www.instagram.com/epsiloncru.vineyards/,,,0
148,"TOWDAH VIAJES - Empresa de Viajes y Turismo",,5492604036822,5492604036822,"Agencia 100   On Line",https://www.towdahviajes.com.ar/Instagram:,https://www.instagram.com/towdahviajes/,,,,0
149,"THE CLUB ( Restaurant & Bar) - Barrio TAC- Ciudad",,5492604059405,5492604059405,"Canadá 12  – Barrio TAC – Ciudad de San Rafael",https://www.theclub.com.ar/,https://www.instagram.com/stories/theclubsanrafael/?hl=es,,,,0
150,"GOOD PANCHO 19 - Ciudad",,,,"Avda. Balloffet 115 – Ciudad",,https://www.instagram.com/goodpancho.sr/,https://www.facebook.com/Pancho19SanRafael,,,0
151,"NINA (Café- Bar) -Ciudad",,2604356668,2604356668,"Domicilio  San Martín y Olascoaga – Ciudad",,https://www.instagram.com/nina_cafebar/,,,,0
152,"HOTEL VALLE GRANDE - Valle Grande",,5492604401313,5492604401313,"R. Provincial 173 Km 35 – Valle Grande",http://hotelvallegrande.com.ar/,,,,,0
153,"LA ALICIA (Restaurante & Hotel de campo)",,"San Rafael""",2604545545,"""Domicilio  Goudge",,,https://www.instagram.com/hotel_laalicia/?hl=es,,,0
154,"PARADOR EL DESVIO- El Desvio",,2604350203,2604350203,"Ubicación  Ruta Nacional 144 y Ruta Provincial 180- Desvio El Nihuil",,,,,,0
155,"Casas de Campo La Josefina – Rama Caída",,,,"Los Olivos 1050 – Rama Caída",,,,,,0
156,"EL PINITO - Heladerías",,2604595379,2604595379,"Domicilio  Av. Hipólito Yrigoyen 1565 – Ciudad",,https://www.instagram.com/elpinito_helados/?hl=es,,,,0
157,"Valle Grande Hotel de Montaña- 3 Estrellas",,5492604401313,5492604401313,"R. Prov 173 km 35  – Valle Grande",http://www.hotelvallegrande.com,,,,,0
158,"DE MARTIS TURISMO- E.V.T. (Sucursal San Rafael) - Turismo Emisivo",,,,"Chile 462 –  Local 2- Planta Baja – Ciudad",http://www.demartis.com.ar/,,,,,0
159,"SUMUS Crepes & Coffe / Juguería - Ciudad",,,,"Domicilio   Av. San Martín 265 – Ciudad",,https://www.instagram.com/sumussanrafael/,,,,0
160,"COMPLEJO UTN Los Reyunos",,2604021708,2604021708,"Ubicación  Ruta Provincial 150 – Los Reyunos",https://www.reyunos.utn.edu.ar/habitaciones.html,https://www.instagram.com/utn_losreyunos/?hl=es,,,,0
161,"ANAHI- Helados",,"",2604019103,"Ubicación  Av. Hipólito Yrigoyen  1475- Ciudad",https://www.pedidosya.com.ar/restaurantes/san-rafael/heladeria-anahi-san-rafael-menu,https://www.instagram.com/heladosanahi/?hl=es-la,https://www.facebook.com/heladosanahi/?locale=es_LA,,,0
162,"EL PATIO (Café Bar) - Ciudad",,154061648,154061648,"Domicilio  Hipólito Yrigoyen 1555 – Ciudad",,https://www.instagram.com/elpatio.goodfood/?hl=es,https://www.facebook.com/elpatiobeerhouse,,,0
163,"Apart Hotel Patios del Mediterráneo – 1 Estrella",,,,"Avenida San Martín 77  – Ciudad",http://www.patiosdelmediterraneo.com/,https://www.instagram.com/patio.mediterraneo.apart.hotel/,,,,0
164,"PANCHO 19 - Ciudad",,,,"Day  239 – Ciudad",,,,,,0
165,"RITUAL (Minutas- Cervecería) - Ciudad",,,,"Domicilio  Av. Sarmiento 2100 – Ciudad",,https://www.instagram.com/ritualcomidasycerveza/?hl=es,https://www.facebook.com/ritualcomidasycerveza,,,0
166,"RITUAL (Minutas- Cervecería) - Ciudad",,,,"Domicilio  Av. Sarmiento 2100 – Ciudad",,https://www.instagram.com/ritualcomidasycerveza/?hl=es,https://www.facebook.com/ritualcomidasycerveza,,,0
167,"LA COCINA DE PETTRA (Resto)",,,,"Bartolomé Mitre 3866, B1650 San Martín, Provincia de Buenos Aires, Argentina",https://linktr.ee/lacocinadepettra,https://www.instagram.com/lacocinadepettra/,"",,,0
168,"LUPE TAQUERIA BAR (Taquería- Bar)",,2604572729,2604572729,"Domicilio  Av. Mariano Moreno y Chile – Ciudad",,,,,,0
169,"SDG TRAVEL- Turismo Emisivo",,2604559238,2604559238,"Avellaneda 243 – Ciudad",http://www.sdgtravel.net/,https://www.instagram.com/sdgtravel2020/,,,,0
170,"Chaglasian Wine & Suites – Las Paredes",,,,"Valentín Bianchi 1600 -Las Paredes",https://chaglasianwinery.com/Instagram:,https://www.instagram.com/chaglasianwineandsuites/?hl=es,,,,0
171,"MENDOSUR E.V.T. Excursiones Locales y Turismo Emisivo",,,,"Av. Balloffet 54 – Ciudad",http://www.turismomendosur.com.ar/,https://www.instagram.com/mendosur_excursiones/?hl=es-la,https://www.facebook.com/www.turismomendosur.com.ar,,,0
172,"MAJAL SUSHI - Ciudad",,"","","Los Franceses 25 – Ciudad",https://majalsushi.com.ar/,https://www.instagram.com/majalsushi/,"",,,0
173,"LA MANSA GRILL HOUSE - Cuadro Bombal - Cuadro Nacional",,"5-  Cuadro Bombal – Cuadro Nacional""",260154238499154062002,"""Ruta 146 km 383",,https://lamansa.com.ar/,https://www.instagram.com/lamansawinesestates/,,,0
174,"SURCANDO VIAJES E.V.T. - Turismo Emisivo",,260154221266,260154221266,"Olascoaga 155 Local 3 – Ciudad",,https://www.instagram.com/surcandoviajes/,https://www.facebook.com/surcandoviajes/,,,0
175,"SURCANDO VIAJES E.V.T. - Turismo Emisivo",,260154221266,260154221266,"Olascoaga 155 Local 3 – Ciudad",,https://www.instagram.com/surcandoviajes/,https://www.facebook.com/surcandoviajes/,,,0
176,"EL MATUNGO Restaurante",,"Villa 25 de Mayo","San Rafael.""","""Domicilio  Los Andes 263",5492604502558,,,,,0
177,"NORDICO - Cerveza al Paso - Ciudad",,,,"H. Yrigoyen 718 – Ciudad",,https://www.instagram.com/elnordicocraftbeer/?hl=es,https://www.facebook.com/elnordicocraftbeer,,,0
178,"MOSTAZA - Ciudad",,,,"Avenida Hipólito Yrigoyen 1530 – Ciudad",http://www.mostazaweb.com.ar,,,,,0
179,"BLASCO E.VT. - Turismo Emisivo",,,,"Bombal 70 – Ciudad",,https://www.instagram.com/blascoviajes/?hl=es-la,https://www.facebook.com/pages/category/Travel-Company/Blasco-Viajes-1960993763965371/,,,0
180,"PARRILLA AL CAR",,2604560049,2604560049,"Domicilio   Ruta Nacional 143 – Salto de Las Rosas- San Rafael",,,https://www.facebook.com/profile.php?id=100056740227713,,,0
181,"BALCARCE (Café) - Ciudad",,,,"Domicilio  25 de Mayo esq. E. Ríos – Ciudad",,https://www.instagram.com/balcarcesanrafaelok/?hl=es-la,,,,0
182,"Casa Quinta Las Rosas – La Llave",,,,"San Martín y Bernardino Izuel – La Llave",http://www.casaquintalasrosas.com.ar/,,,,,0
184,"Finca La Encantada – Rama Caída",,,,"Los Olivos 900 – Rama Caída",http://www.fincalaencantada.com/,https://www.instagram.com/fincalaencantada/?hl=es,,,,0
185,"LA BICICLETA Resto Bar - Valle Grande",,"5 – Valle Grande""",,"""Domicilio  R. Prov. 173 km. 20",,,https://www.instagram.com/labicicletaresto/,,,0
186,"Cabañas La Horqueta – Rama Caída",,,,"Cubillos 6165 – km 5- Rama Caída",http://www.complejolahorqueta.com.ar/,,https://www.facebook.com/santiago.toledo1,,,0
187,"Cabañas Agata – Valle Grande",,"km 22","5 – Valle Grande""","""Ruta Prov. 173",2604667079,,http://www.agatacabanas.com.ar/,,,0
188,"RISCO VIAJES E.V.T. - Excursiones Locales y Turismo Emisivo.",,,,"Av. San Martín 261 -Ciudad",https://www.riscoviajes.com/,https://www.instagram.com/riscoviajes/?hl=es-la,https://www.riscoviajes.com/,,,0
189,"FUNEZ UN BAR - Café - Bar",,"Ciudad de San Rafael.""",2604310229,"""Domicilio   Dean Funes 890",,,https://www.instagram.com/funez.unbar/,,,0
190,"Apart Hotel Los Carolinos Lodge – Villa 25 de Mayo",,5492604535254,5492604535254,"https   wa.me 5492604535254",http://www.loscarolinoslodge.com/,https://www.instagram.com/loscarolinoslodge/,,,,0
191,"DUVAR Resto Club -",,2604664018,2604664018,"Domicilio  Hipólito Yrigoyen 3524 – Las Paredes",,https://www.instagram.com/duvarrestoclub/,,,,0
192,"La Casona de Crismajo – Cuadro Benegas",,260154664695,260154664695,"Mercado 300 – Cuadro Benegas",,https://www.instagram.com/lacasona.decrismajo/?hl=es,,,,0
193,"PARRILLA LO DEL TURCO - Ciudad",,2604677105,2604677105,"Domicilio  Callao 600 – Ciudad",,https://www.instagram.com/parrillalodelturco/?__d=11,,,,0
194,"LA JUANITA (Restó de Campo ) - Las Paredes",,,,"Domicilio  V. Bianchi 5500 – Las Paredes",,https://www.instagram.com/lajuanitarestaurantcasadete/?hl=es,,,,0
195,"Hotel Balloffet – 1 Estrella",,,,"Av. Balloffet 326 – Ciudad",,,,,,0
196,"ARGANA WINE (Bodega) - Atuel Norte",,2604407699,2604407699,"R. Nac. 143 km 475 – Atuel Norte",http://arganawines.com.ar/es/,https://www.instagram.com/arganawines/?hl=es-la,"",,,0
197,"BABEL (Bar Restó) - Ciudad",,,,"Av. Hipólito Yrigoyen 1574 – Ciudad",,,https://www.facebook.com/BabelBarResto,,,0
198,"POSADA DE CAMPO PURA VIDA - Rama Caída",," Rama Caída""",,"""Ejército de los Andes 7417",,https://posadapuravida.com.ar/,https://www.instagram.com/posadapura/,,,0
199,"Cabañas Balcón Del Atuel – Valle Grande",,"km 18 – Valle Grande""",260154679932,"""Ruta Prov. 173",,http://www.balcondelatuel.com.ar/,https://www.instagram.com/balcondelatuel/,,,0
200,"SYRAH Restaurante - Las Paredes",,"Las Paredes""",2604802010,"""Domicilio  El Chañaral 2000",,,https://www.instagram.com/syrah.resto/?gad_source=1&gclid=Cj0KCQjw3vO3BhCqARIsAEWblcDFWPb93sIYZu5aUHw3SRF4vk4uDEcq2sI5xMSfaIBcqSuX1yDuW5waAlZaEALw_wcB,,,0
201,"DON CARLOS (Café-Bar) - Ciudad",,260154519325,260154519325,"Domicilio  Avenida Hipólito Yrigoyen 71 – Ciudad",,,,,,0
202,"LA BODEGA RESTO - Ciudad",,,,"Domicilio  Av. Deán Funes 898 – Ciudad",,,,,,0
203,"SUTER PETIT RESTO - Cocina de Autor",,2604808681,2604808681,"Ubicación  Av. Hipólito Yrigoyen 3003 – Las Paredes",https://linktr.ee/suterpetitresto,,,,,0
204,"PATIO DE COMIDAS &#8220;FOOD PARK - Ciudad",,,,"Hipólito Yrigoyen 1680 – Ciudad",,https://www.instagram.com/foodpark.sr/?hl=es-la#,,,,0
205,"MALUFA E.V.T. - Excursiones Locales",,,,"Chile 642 – Ciudad",http://www.malufaviajes.com.ar/,https://www.instagram.com/malufaviajes/,,,,0
206,"DIAMANTE VIAJES E.V.T. Excursiones Locales y Turismo Emisivo",,,,"Av. Hipólito Yrigoyen 824 -Ciudad",http://www.diamanteviajes.tur.ar/,https://www.instagram.com/diamanteviajesok/?hl=es-la,https://www.facebook.com/diamanteviajes/,,,0
207,"Chef Indoors Take Away",,"0260 15-402-4206","","Hipólito Buchardo 1770, M5600 San Rafael, Mendoza, Argentina","","","",https://maps.google.com/?cid=2651370814797349809,,0
208,"Martina Manuel Cabañas – Valle Grande",,"Km. 13.5 – Valle Grande""",111526978208,"""Ruta Prov. 173",,https://www.martinamanuel.com/,https://www.instagram.com/cabanasmartinamanuel/,,,0
209,"ENCUENTRO`S Café Resto Bar - Ciudad",,,,"Paseo de Los Niños 30- Parque Hipólito Yrigoyen- Ciudad",,,,,,0
210,"ALOHA Heladería - San Rafael",,2604562367,2604562367,"Ubicación  Chile 51 y 9 de Julio esq. Jujuy- San Rafael","",https://www.instagram.com/heladosaloha.sanrafael/,"",,,0
211,"HIMOFF (Panchos - Minutas ) - Ciudad",,,,"Domicilio  Saavedra 2 – Ciudad",,https://www.instagram.com/himoff_pancheria/?hl=es-la,,,,0
212,"ANTIDOTO GINTONERIA",,2604323232,2604323232,"Avda. Hipólito Yrigoyen Esq. Pueyrredón – Ciudad","",https://www.instagram.com/antidoto.gintoneria/?hl=es,https://www.facebook.com/antidoto.gintoneria,,,0
213,"RISTTRETO Café",,2604557559,2604557559,"Domicilio  Pellegrini 40    – Ciudad",,https://www.instagram.com/ristretto.cafe.bar/?hl=es-la,,,,0
214,"COCINA DE FUEGO (Parilla) - Ciudad",,260154596800,260154596800,"Domicilio  Avda. San Martín 220 – Ciudad",,https://www.instagram.com/cocinadefuego/,,,,0
215,"COCINA DE FUEGO (Parilla) - Ciudad",,260154596800,260154596800,"Domicilio  Avda. San Martín 220 – Ciudad",,https://www.instagram.com/cocinadefuego/,,,,0
216,"GUANTANAMO POOL BAR - Ciudad",,,,"Hipólito Yrigoyen 1630 – Ciudad",,https://www.instagram.com/guantanamo.sanrafael/?hl=es,,,,0
217,"LA PREVIA Restó",,2604419615,2604419615,"Domicilio  Av. H. Yrigoyen 2717  – Ciudad",,https://www.instagram.com/laprevia.resto/,,,,0
218,"ATHENA (Bar - Cervecería)- Ciudad",,,,"Avda. H. Yrigoyen 1652  – Ciudad",,https://www.instagram.com/athena.sanrafael/,,,,0
219,"NATURALEZA TURISMO - E.V.T. Turismo Emisivo",,2604060643,2604060643,"Santa Fé 15- Local 2",,https://www.instagram.com/naturalezaturismo.sr/,https://www.facebook.com/profile.php?id=100063787460487,,,0
220,"MURVILLE (Bodega / Espumantes) - Las Paredes",,5492604347435,5492604347435,"Av. Hipólito Yrigoyen 5814 – Las Paredes",http://www.murville.com,https://www.instagram.com/bodegamurville/?hl=es-la,https://www.facebook.com/bodega.murville,,,0
221,"TIERRA DEL VINO E.V.T. - Excursiones Locales",,260154311572,260154311572,"Av. San Martín 416 – Ciudad",http://www.tierradelvino.com.ar/,https://www.instagram.com/tierradelvinoexcursiones/,,,,0
222,"Chalet Los Troncos - Cuadro Benegas",,260154630935,260154630935,"El Moro 3500 – Cuadro Benegas",,https://www.instagram.com/chaletlostroncos/?hl=es,,,,0
223,"SAN ISIDRO - Café Restó - Ciudad",,,,"Avda. Hipólito Yrigoyen 700 – Ciudad",,https://www.instagram.com/cafesanisidro.sr/,,,,0
224,"BIERO (Cervecería) - Ciudad",,,,"Avenida  Av. Hipólito Yrigoyen 2065 – Ciudad",,https://www.instagram.com/bierodraftbeer/?hl=es,https://www.facebook.com/bierodraftbeer,,,0
225,"Finca El Alpataco- Rama Caída",,,,"Ejército De Los Andes 5007 – Rama Caída",,,,,,0
226,"BRUTO Café- Ciudad",,2604663800,2604663800,"San Martin y Olascoaga – Ciudad",,https://www.instagram.com/bruto_panaderia/?hl=es,,,,0
227,"FINCA AMAKAIK -Viñedos - Bodega - Enoturismo",,1153349712,1153349712,"Domicilio   Calle Larga  5 y Rio Atuel – Cañada Seca – San Rafael",https://www.fincamakaik.com.ar/,https://www.instagram.com/amakaikvinos/,,,,0
228,"PORTAL DEL ATUEL (Restó) - Valle Grande - (1)",,,,"R. Prov. 173 km 35 -Valle Grande","http://: www.portaldelatuel.com.ar",,,,,0
229,"MIKELINO´S - Pizzería",,2604225441,2604225441,"Domicilio  Av. H. Yrigoyen 1663   -Ciudad",,https://www.instagram.com/mikelinosoficial/?hl=es,,,,0
230,"INTI- CO(Restó) -Los Reyunos",,260154563767,260154563767,"Club de Náutica y Pesca –  Los Reyunos",,https://www.instagram.com/inticolosreyunos/,,,,0
231,"VENAMI (Café)- Ciudad",,,,"Maza y E. Civit  – Ciudad",,,,,,0
232,"MORITA MIA- Complejo Vacacional - Rama Caída.",,1166757437,1166757437,"Calle Quiroga 500 – Rama Caída.-",https://moritamia.com.ar/,https://instagram.com/complejo.moritamia?utm_medium=copy_link,https://www.facebook.com/complejo.moritamia?mibextid=LQQJ4d,,,0
233,"BODEGA BOUTIQUE IBARRA (Bodega / Restaurante) - Rama Caída",,5492604040144,5492604040144,"Cubillos 3550 – Rama Caída",http://www.bodegafamiliaibarra.com.ar,https://www.instagram.com/bodegaibarra/?hl=es,https://www.facebook.com/BodegaBoutiqueIbarra,,,0
234,"SAN TELMO Restó & Bar - Ciudad",,2604398872,2604398872,"Domicilio  Hipólito Yrigoyen 344 – Ciudad",,https://www.instagram.com/santelmobarcafe.sr/,,,,0
235,"ESTACION BELGRANO (Sandwichería) - Ciudad",,,,"Av. San Martín 307 – Ciudad",,,,,,0
236,"ICONO VIAJES E.V.T. - Turismo Emisivo -",,2604420155,2604420155,"Domicilio  Buchardo 30",https://www.iconoviajes.tur.ar/,https://www.instagram.com/iconoviajes/,,,,0
237,"AYUM ELUN ALDEA DE RIO - (Restaurante) - Valle Grande - (1)",,"5 – Valle Grande""",5492604538866,"""Ruta  Provincial Nº  173 Km. 20",,http://www.ayumelun.com,,,,0
238,"Cabañas Acacias de la Villa – Villa 25 de Mayo",,5492604554965,5492604554965,"Sarmiento 148 – Villa 25 de Mayo",http://www.acaciasdelavilla.com.ar/,,,,,0
239,"SANTAGUCHERIA - Sandwicheria",,,,"Domicilio  Av. H. Yrigoyen 2468   – Las Paredes",,https://www.instagram.com/santagucheria/,,,,0
240,"Corbo Wine Bar - Ciudad",,,,"Domicilio  Av. Hipólito Yrigoyen 1600 – Ciudad",,https://www.instagram.com/corbo.winebar/,,,,0
241,"BONAFIDE Cereales (Café) - Cuadro Nacional",,,,"Av. Mitre 3001 – Cuadro Nacional",,https://www.instagram.com/bonafide.sanrafael/?hl=es-la,,,,0
242,"MANO NEGRA (Resto Bar)",,2604010510,2604010510,"Domicilio  Lago chico Valle Grande  antes de subir caracoles a la derecha",,,,,,0
243,"CHAKANA Bar (Café -Bar) - Valle Grande",,,,"Ruta Prov. 173 km 20 – Valle Grande",http://www.saintjosephweb.com.ar/,,,,,0
244,"OPORTO RESTAURANTE -Ciudad",,2604671861,2604671861,"Avenida Balloffet 124",,https://www.instagram.com/oporto.sr/?hl=es,,,,0
245,"BODEGA GRAND ESTATE (vinos)",,5492604594274,5492604594274,"Domicilio  Castelli 1331 –  CP 5600  – Ciudad",https://grandestate.com.ar/Instagram:,https://www.instagram.com/turismograndestate/,,,,0
246,"BODEGA TORNAGHI (Bodega) - Ciudad",,,,"Pasteur 715 – Ciudad",http://www.tornaghi.com.ar/,https://www.instagram.com/tornaghiwines/?hl=es-la,https://www.facebook.com/tornaghiwines,,,0
248,"SABORES DE MI PUEBLO - Villa 25 de Mayo",,5492604317897,5492604317897,"San Martin 295 – Villa 25 de Mayo",,https://www.instagram.com/saboresdemipueblo25/,,,,0
249,"PIZZA MARCA (Pizzería) - Ciudad",,,,"Domicilio. Avda. San Martin 479 – Ciudad",,,,,,0
250,"LA TANA - Ciudad",,,,"Domicilio  Dean Funes 10 – Ciudad",,https://www.instagram.com/latanapizzassr/?hl=es,,,,0
251,"EL CABLE Restaurante - Parrilla",,2604577795,2604577795,"Ubicación  Ruta Provincial 175 – Rama Caída –  San Rafael",,https://www.instagram.com/elcablewakepark/,,,,0
252,"EL VIEJO BODEGON - (Restó) - Las Paredes",,2604550000,2604550000,"Domicilio  Avda. Hipólito Yrigoyen 2299 – Las Paredes",https://www.elviejobodegonsr.com/?fbclid=IwY2xjawFo9HZleHRuA2FlbQIxMAABHYf3IVowPVwcjavItqOTCofyS7UIdGAieEM5xAVeWp5FIsWSLh4ccW1RGQ_aem_xysWOVaEKZysqctxF_0s5g,https://www.instagram.com/elviejobodegonsr/,https://www.facebook.com/elviejobodegonsanrafael,,,0
253,"EL COYOTE - E.V.T. Excursiones Locales",,5492602604530508,5492602604530508,"Carlos W. Lencinas 51 Loc. 1  – Ciudad",https://elcoyoteviajesyturismo.tur.ar/,https://elcoyoteviajesyturismo.tur.ar/,,,,0
254,"SR. CAFE (Café- Bar)",,2604429107,2604429107,"Domicilio  San Martín esq. H. Yrigoyen – Ciudad",,,https://www.facebook.com/Sr.cafeSR/?paipv=0&eav=Afak9LSFxaW4qatHySQ6zOMeujDbG4E1B7DmVbUmhh-PnurVg3MX3__cljWmgURHSPM&_rdr,,,0
255,"Barrancas Suites – Villa 25 de Mayo",,5492604539394,5492604539394,"La Bodega S N – Villa 25 de Mayo",http://www.barrancassuites.com/,,,,,0
256,"VALLES DEL SOL E.V.T.- Turismo Emisivo",,,,"Av. Rodolfo Iselin 58 – Ciudad",http://www.vallesdelsol.com.ar,,https://www.facebook.com/valles.delsol,,,0
257,"MARTYNIUK Lodge - Las Paredes",,"Las Paredes""",5491130400204,"""Calle Los Maitenes Nº 1600",,http://martyniuk.ar/,https://www.instagram.com/martyniuk_lodges/?utm_medium=copy_link,,,0
258,"CASA MADRE Restaurante- Casa de Té",,2613895474,2613895474,"Domicilio  Avenida  Hipólito Yrigoyen 5814 – LAS PAREDES",,https://www.instagram.com/casamadre2024/,https://www.facebook.com/people/Frambuesa-pasteler%C3%ADa-cafe-resto/100051045673835/?locale=es_ES,,,0
259,"SAJET E.V.T.- Turismo Emisivo",,260154518355,260154518355,"Cnel. Suarez 605 – Ciudad",http://www.sajet.com.ar/,,,,,0
260,"GARRISON CAFE- BAR - Ciudad",,,,"Domicilio  Avda. H. Yrigoyen 355 – Ciudad",,https://www.instagram.com/garrison.cafebar/,,,,0
261,"LUCI Agencia de Viajes - Excursiones Locales y Turismo Emisivo.",,54926043486685492604672643,54926043486685492604672643,"Agencia On Line",,https://www.instagram.com/agencialuciviajesok/,,,,0
262,"AUKAN EXPEDICIONES - Excursiones Locales y Turismo Emisivo.",,,,"Avda. El Libertador 20 piso 3 of. 10 – Ciudad",http://www.aukanexpediciones.com/,,,,,0
264,"EL CAMINO DEL VINO - Wine Bar & Chill Out",,2604414300,2604414300,"Domicilio  Coronel Suárez 475- Ciudad de San Rafael",https://linktr.ee/elcaminodelvino?utm_source=linktree_profile_share,,,,,0
265,"RAWSON Bar",,2604352562,2604352562,"Instagram  Rawson Bar",,https://www.instagram.com/rawsonbar/?hl=es-la,,,,0
266,"MI BAR - CITO ( Sandwichería- Bar)- Valle Grande",,"800 – Valle Grande""",,"""Ruta 173 km 17",,,https://www.instagram.com/mibarcitosr/,,,0
267,"BARRICAS BODEGON MENDOCINO - Parrilla",,2604126964,2604126964,"Domicilio  Avda. Hipólito Yrigoyen 4041 – Las Paredes",,https://www.instagram.com/barricasbodegonmendocino/,,,,0
268,"Bodega ÚLTIMA FRONTERA -",,5492604124284,5492604124284,"Ubicación   Sardini y Las Vírgenes – Las Paredes",https://www.bodegaultimafrontera.com.ar/,https://www.instagram.com/bodega.ultimafrontera/?hl=es,,,,0
269,"PIPI PANCHOS (Panchería- Minutas) - Ciudad",,,,"Bernardo de Irigoyen 119 – Ciudad",,https://www.instagram.com/pipi.1981/?hl=es-la#,,,,0
270,"FRANCA TOUR E.V.T. - Turismo Emisivo",,2604425077154530079,2604425077154530079,"Av. Espejo 139  -Ciudad",,https://www.instagram.com/francatourviajes/,,,,0
271,Yancanelo,,"0260 443-5197","","Av. Hipólito Yrigoyen 4030, San Rafael, Mendoza, Argentina",http://www.yancanelo.com/,"","",https://maps.google.com/?cid=983784894698513773,0,0
272,"JEAN RIVIER(Bodega) - Las Paredes",,5492604232226,5492604232226,"Av. Hipólito Yrigoyen 2385 – Las Paredes",http://www.jeanrivier.com/,https://www.instagram.com/bodegajeanrivier/?hl=es-la,https://www.facebook.com/bodegajeanrivier,,,0
273,"Azalea Luxury Lodge – Las Paredes",,5492604571788,5492604571788,"Las Vírgenes 2882 – Las Paredes",http://www.azalea.com.ar,https://www.instagram.com/azalealuxurylodge/?hl=es,,,,0
274,"FAMILIA CAMARGO (Bodega / Espumantes) -Las Paredes",,260154681754,260154681754,"Domicilio  Calle Bertani Norte 1600 – Las Paredes",,https://www.instagram.com/familiacamargo_vinos.aceites/,,,,0
275,"TABERNA MOSCU Coffee Bar - Ciudad",,2604396777,2604396777,"Pellegrini 153 – Ciudad",,https://www.instagram.com/moscu.sr/,,,,0
276,"RESTAURANTE LAZARO - Ciudad",,,,"Domicilio  Almafuerte 94 – Ciudad.",,,,,,0
277,"DILYS TOURS - Excursiones Locales y Turismo Emisivo.",,2604530327,2604530327,"Página Web  https   dilystours.paquetedinamico.com",https://dilystours.paquetedinamico.com/,,,,,0
278,"LA BARRA (Bar- Café) - Valle Grande",,,,"Base Lago Valle Grande",,,https://www.facebook.com/portaldelatuelsanrafael/,,,0
279,"BIER 26 (Cervecería - Minutas) - Rama Caída",,2604607472,2604607472,"Domicilio  Cubillos 7864 – Rama Caída",,https://www.instagram.com/bier.26/,,,,0
280,"MAGIC TOP Helados",,26044425281,26044425281,"Domicilio  Av. Mitre 202 – Ciudad",,https://www.instagram.com/heladosmagicdelivery/,,,,0
281,ALLOLIO,,"0260 453-0812","","Papa Juan XXIII N° 1820, M5600 San Rafael, Mendoza, Argentina",https://www.olivicolallolio.com/,"","",https://maps.google.com/?cid=12748198049880920152,0,0
282,"CHECHO A LA LLAMA ( Parrilla) - Cuadro Nacional",,,,"Domicilio  Ignacio Sueta 830 – Cuadro Nacional",,https://www.instagram.com/chechoalallama/,,,,0
283,"PAPRIKA RESTAURANTE & EVENTOS - VALLE GRANDE",,2604624765,2604624765,"Ruta Provincial 173 km. 27600",https://paprikamendoza.ar/,,,,,0
284,"Cabañas Complejo Turístico Motel Cañón Del Atuel – Cañón del Atuel",,2604551525,2604551525,"Ruta Prov. 173 km 60- Cañón del Atuel",,,,,,0
285,"BODEGA IACCARINI (Bodega) - Las Paredes",,,,"Calle Iaccarini  ex Sardini  – Las Paredes",https://www.bodegaiaccarini.com.ar/,https://www.instagram.com/bodega.iaccarini/?hl=es-la,https://www.facebook.com/BodegaIaccarini,,,0
286,"Big Bon - Ciudad",,,,"Av. Hipólito Yrigoyen 1625 – Ciudad",,https://www.instagram.com/bigbonresto/,https://www.facebook.com/Big-bon-100443642467974/,,,0
287,"Finca La Penúltima",,5492604054453,5492604054453,"Las Heras 487 – Villa 25 de Mayo",http://www.fincalapenultima.com,https://www.instagram.com/fincalapenultima/?hl=es,,,,0
288,"ZUIZA Helados & Café",,2604414071,2604414071,"Domicilio  Pellegrini 248 – Ciudad",,https://www.instagram.com/suizaheladeria/,,,,0
289,"BODEGA FAMILIA MORGAN (Bodega) – Las Paredes",,5492604118353,5492604118353,"El Tambo y Jensen – Las Paredes",https://familiamorgan.com.ar/,https://www.instagram.com/bodegafamiliamorgan/,,,,0
290,"ORIGEN (Restó - Casa de Té – Bar)",,2604649806,2604649806,"Domicilio  Cubillos 3.201  – Rama Caída",,https://www.instagram.com/origen_ramacaida/?hl=es,,,,0
291,"WAMAI E.V.T. - Turismo Emisivo.",,260154614567,260154614567,"Chile 755 – Ciudad",http://www.wamaiviajes.tur.ar/index.html,https://www.instagram.com/wamaiviajes/,,,,0
292,"Apart La Aldea de San Rafael",,5492604536078,5492604536078,"Hipólito Yrigoyen 4398 – Las Paredes",http://www.laaldeadesanrafael.com.ar,https://www.instagram.com/laaldeadesanrafael/,,,,0
293,"Cabañas Inti Co - Los Reyunos",,5492604563767,5492604563767,"Club de Pesca y Náutica – Los Reyunos",http://www.losreyunossanrafael.com,https://www.instagram.com/inticolosreyunos/,,,,0
294,"Apart Hotel Los Carolinos Lodge – Villa 25 de Mayo",,5492604535254,5492604535254,"https   wa.me 5492604535254",http://www.loscarolinoslodge.com/,https://www.instagram.com/loscarolinoslodge/,,,,0
295,"Cabañas Ayum Elun Aldea de Río – Valle Grande",,"5 – Valle Grande""",260154538866,"""Ruta Prov. 173 km 20",,http://www.ayumelun.com/,https://www.instagram.com/ayumelun.aldeaderio/,,,0
296,"Complejo Villa Ciruelos- Las Paredes",,5492604617900,5492604617900,"Bertani Sur 1300 – Las Paredes",https://www.villaciruelos.com.ar/,https://www.instagram.com/cabanasvillaciruelos,https://www.facebook.com/villaciruelos,,,0
297,"Terra Lombarda (Bodega) - Rama Caída",,5492604595269,5492604595269,"Cubillos 4300 – Rama Caída",https://linktr.ee/bodegaterralombarda,https://www.instagram.com/bodegaterralombarda/,,,,0
298,"Atuel Cabañas – Valle Grande",,"0260 440-3173","","""Ruta Prov. 173",https://www.atuelcabana.com.ar/,http://www.atuelcabana.com.ar/,"",,,0
299,"EL NIHUIL (Restaurante-Parrilla) - El Nihuil",,549260565787,549260565787,"Domicilio  Grassi 65 – El Nihuil",,,,,,0
300,"PARRILLA DE LA FINCA",,2604500166,2604500166,"Domicilio  Av. H. Yrigoyen 5501 – Las Paredes",,,,,,0
301,"Nihuil Hotel – El Nihuil",,,,"El Nihuil  a 75 km. de Ciudad de San Rafael",https://www.smata.com.ar/el-nihuil-hotel/,,,,,0
302,"Cabañas del Puente – Las Paredes",,5491167947338,5491167947338,"Los Filtros 8501 – Las Paredes",http://www.cabdelpuente.com/,https://www.instagram.com/cabdelpuente_sr/,,,,0
303,"MITTO Helados & Café",,2604023893,2604023893,"Domicilio  Av. Hipólito Yrigoyen 1737 – Ciudad",,https://www.instagram.com/mittoheladoos/?hl=es,,,,0
304,"BODEGA FOW & Restó - Cuadro Benegas",,5492604606882,5492604606882,"DOMICILIO  Calle Mercado 1405 – Cuadro Benegas",https://linktr.ee/fowines,https://www.instagram.com/fowines.fow/,,,,0
305,"S&M Drinks - Ciudad",,,,"Av. Moreno y Belgrano – Ciudad",,,,,,0
306,"Cabañas Finca Richmond – Cuadro Benegas",,"3 – Cuadro Benegas""",260154632132,"""R. Nacional 144 Km- 669",,,https://www.instagram.com/fincarichmond/,,,0
307,"Cabañas El Paraíso Del Valle – Valle Grande",,"km 18 – Valle Grande""",260154535442,"""Ruta Prov. 173",,https://www.instagram.com/elparaiso_delvalle/,https://www.instagram.com/elparaiso_delvalle/,,,0
308,"La Finca Multiespacio - Ciudad",,5492604410548,5492604410548,"Patricias Mendocinas 2133 – Ciudad",https://www.lafinca.com.ar/,https://www.instagram.com/cabanaslafincamultiespacio/,,,,0
309,"FINCA EL NEVADO (Bodega) - Rama Caída",,5492604051563,5492604051563,"Cubillos 2000 – Rama Caída",http://www.fincaelnevado.com,https://www.instagram.com/bodegafincaelnevado/?hl=es-la,https://www.facebook.com/Bodega-Finca-El-Nevado-239465196492754,,,0
310,"CUARZO VIAJES Y TURISMO",,,,"Av. Balloffet 2.050 – Ciudad 54 9 2604 56-2363",https://cuarzoviajes.com.ar/,https://www.instagram.com/cuarzovyt/,,,,0
311,"CHAKANA Bar - Valle Grande",,,,"R. Prov. 173 Km 20 – Valle Grande",http://www.saintjosephweb.com.ar,,,,,0
312,"NEW SHALAKO - Ciudad",,"0260 468-9430","","Av. Hipólito Yrigoyen 510 – Ciudad",https://instagram.com/new.shalako?utm_medium=copy_link,https://www.instagram.com/new.shalako/,"",,,0
313,"EL FORTIN Café - Ciudad",,,,"Domicilio  Barcala y Las Heras – Ciudad",,https://www.instagram.com/elfortinpanaderia/?hl=es,,,,0
314,"Chaglasian Winery & Vineyards",,2604340827,2604340827,"Ubicación  Valentín  Bianchi 1.600 – Las Paredes",https://chaglasianwinery.com/bodega-boutique-en-san-rafael-mendoza-argentina/Instagram:,https://www.instagram.com/chaglasianwineandsuites/,https://www.facebook.com/Chaglasian,,,0
315,"JOKER VIAJES E.V.T.- Excursiones Locales",,,,"Los Franceses 25 -Ciudad",http://www.jokerviajes.com.ar/,https://www.instagram.com/jokerviajesevt/,,,,0
316,"SABORES delicatessen",,"0260 458-3296",2604583296,"EUH, RN143 km 514, M5603 San Rafael, Mendoza, Argentina",http://www.saboresjucamar.com.ar/,"","",https://maps.google.com/?cid=4013459787224973988,1,0
317,"CEBO ANDINO (Restaurante) - Los Reyunos",,,,"R. Prov. 150 km. 30- Los Reyunos",,https://www.instagram.com/kaiketurismo/?hl=es-la,,,,0
318,"JOSSELIN Heladería",,2604424809,2604424809,"Domicilio  Av. San Martín 85 – Ciudad",,https://www.instagram.com/josselinheladeria/?hl=es,,,,0
319,"BAKO Café - Restó - Valle Grande",,"5 Valle Grande"," San Rafael.""","""Domicilio    Ruta 173 Km 14",,,,,,0
320,"CANTINA A GO GO - Ciudad",,260154108487,260154108487,"Avda. San Martín y Chile – Ciudad",,https://www.instagram.com/cantinaagogo/?hl=es,https://www.facebook.com/CantinaaGoGo,,,0
321,"ROCA (Bodega)- Cañada Seca",,5492604590430,5492604590430,"R. Prov. 165 – La Pichana – Cañada Seca",http://www.rocawines.com,https://www.instagram.com/alfredo.rocawines/?hl=es-la,https://www.facebook.com/BodegaAlfredoRoca,,,0
322,"Cabañas Buena Vista – Valle Grande",,2601545464844248671,2601545464844248671,"Ruta Prov. 173 km 18 – Valle Grande",http://www.buenavistadelvalle.com.ar/,https://www.instagram.com/buenavista.vallegrande/,,,,0
323,"Hotel Tower Inn & Suites – 4 Estrellas",,,,"Av. Hipólito Yrigoyen 760 – Ciudad",http://www.towersanrafael.com,https://www.instagram.com/towerhotelsuites/?hl=es,,,,1
324,"Apart Hotel Ámbar",,5492604636042,5492604636042,"Chile 259 – Planta Alta  – Ciudad","","","",,,0
325,"Cabañas El Valle- Ciudad",,5492604600031,5492604600031,"Av. Balloffet 1758 – Ciudad",http://www.cabanaselvalle.com.ar/,,,,,0
326,"Maktub Sabores de Medio Oriente",,"0260 456-9552","","El Pehuenche 1750, M5600 San Rafael, Mendoza, Argentina",https://pedidodirecto.app/maktub,https://www.instagram.com/maktub.sanrafael/,"",https://maps.google.com/?cid=2116254204068205058,0,0
327,"EL MATUNGO Restaurante",,"Villa 25 de Mayo","San Rafael.""","""Domicilio  Los Andes 263",5492604502558,,,,,0
328,"Complejo Turístico Abraham- Ciudad",,260154322262,260154322262,"Perú 240 – Ciudad",,https://www.instagram.com/abraham_complejo_turistico/,,,,0
329,"POSADA DE CAMPO PURA VIDA - Rama Caída",," Rama Caída""",,"""Ejército de los Andes 7417",,https://posadapuravida.com.ar/,https://www.instagram.com/posadapura/,,,0
330,"BAHRÜ - Ciudad",,260154625273,260154625273,"Av. Hipólito Yrigoyen 1899 – Ciudad",,https://www.instagram.com/bahru.club/,https://www.facebook.com/bahru.club,,,0
331,"EL NIHUIL HOTEL (Resto)- El Nihuil - (1)",,,,"La Pasarella 1200- El Nihuil",https://www.smata.com.ar/el-nihuil-hotel/,,,,,0
332,"Complejo Villa Hermosa – Rama Caída",,,,"La Bodega S N – Rama Caída",http://complejovillahermosa.com/,,,,,0
333,"LLAMATIVO Resto /Bar -Cañada Seca",,2604405557,2604405557,"Domicilio  Ruta 143 El Tropezón",,https://www.instagram.com/llamativorestobar/?hl=es-la,https://www.facebook.com/p/Llamativo-Resto-Bar-100083025745805/,,,0
334,"ZEQUECH RESTAURANTE - Valle Grande",,,,"R. Prov. 173 km 22  – Valle Grande",,https://www.instagram.com/zequech_resto_bar/,,,,0
335,"COLOR CAFÉ - Villa 25 de Mayo",,5492604570715,5492604570715,"Domicilio  9 de Julio esq. San Martin – Villa 25 de Mayo",,https://www.instagram.com/restaurante.colorcafe/?hl=es,https://www.facebook.com/Restaurante-Color-Cafe-1812221962390806,,,0
336,"RAFFEISH - Valle Grande",,,,"R. Prov. 173 km 29 – Valle Grande",https://www.raffeish.com.ar/,https://www.instagram.com/raffeishturismo/,,,,0
337,"Rafting en San Rafael - Taccu Aventura",,"0260 440-5176","","ruta 173 km 20800 Valle Grande, M5603 San Rafael, Mendoza, Argentina",http://www.taccuaventura.com/,"","",https://maps.google.com/?cid=14003682689555571223,0,0
338,"BLAXON Steak House & Bar - RESTAURANTE - Ciudad",,,,"Cuba 17 Shopping -Local 1 y 5",,https://www.instagram.com/blaxonrestaurante/,,,,0
339,"CALLE ANGOSTA (Enorestó Bodega Ibarra) - Rama Caída",,,,"Cubillos 3550 – Rama Caída",,https://www.instagram.com/bodegaibarra/?hl=es-la,https://www.facebook.com/BodegaBoutiqueIbarra,,,0
340,"BOMBASTICK San Rafael - Burger-Bar",,2604604343,2604604343,"Domicilio  Av. H. Yrigoyen 2.451 – Las Paredes",,https://www.instagram.com/bombastick.sanrafael/,,,,0
341,"Cabañas Tardecitas Del Atuel – Rama Caída",,260154504933,260154504933,"La Bodega 800 – Rama Caída",,https://www.instagram.com/tardecitas2020/,https://www.facebook.com/cabanas.t.sanrafael/,,,0
342,"Hostel Antonieta - Ciudad",,260154011920,260154011920,"Day 244 – Ciudad",https://antonietahostel.com.ar/,https://www.instagram.com/antonietahostel/?hl=es,,,,0
343,"Apart Hotel Milenium - 1 Estrella",,5492604651295,5492604651295,"Coronel Day 20 – Ciudad",http://www.apartmilenium.com.ar/,https://www.instagram.com/plaza_milenium_hotel_y_apart/,,,,0
344,"RINCON DEL VALLE (Restó-Bar) - Valle Grande",,"5 – Valle Grande""",,"""R. Prov. 173 km 24",,http://www.rincondelvallecab.com.ar/,https://www.instagram.com/restorincondelvalle/,,,0
345,"Nelumbo Petit Chalet – Las Paredes",,260154636280,260154636280,"Bentos 1400- Las Paredes",https://nelumbochalet.com.ar/,https://www.instagram.com/nelumbochalet/?hl=es,,,,0
347,Yancanelo,,"0260 443-5197","","Av. Hipólito Yrigoyen 4030, San Rafael, Mendoza, Argentina",http://www.yancanelo.com/,"","",https://maps.google.com/?cid=983784894698513773,0,0
348,"Bodega ÚLTIMA FRONTERA -",,5492604124284,5492604124284,"Ubicación   Sardini y Las Vírgenes – Las Paredes",https://www.bodegaultimafrontera.com.ar/,https://www.instagram.com/bodega.ultimafrontera/?hl=es,,,,0
349,"La Carmelita- Las Paredes",,,,"Carmona 2500 – Las Paredes",http://www.fincalacarmelitahotel.com/,,,,,0
350,"Cabañas Carü Leufu – Valle Grande",,"4 – Valle Grande""",260154418025,"""Ruta Prov. 173 km Ruta Prov. 173 km 17",,http://www.caruleufu.com.ar/,https://www.instagram.com/caruleufuofficial/,,,0
351,"Cabañas Las Acequias – Rama Caída",,,,"Ejército de Los Andes 3300 – Rama Caída",http://www.lasacequiassanrafael.com/,,,,,0
352,"CAÑON DEL ATUEL- E.V.T. Turismo Emisivo",,,,"Av. San Martín 325 – Ciudad",,,,,,0
353,"Cabañas Del Lago – Los Reyunos",,5492604404042,5492604404042,"Club de Pesca y Náutica – Los Reyunos",http://www.cabanasreyunos.com.ar/,https://www.instagram.com/casadel_lago/,,,,0
354,"Complejo Villa Bonita – Villa 25 de Mayo",,2604537154,2604537154,"Ruta Prov. N  150 – S N- Villa 25 de Mayo",http://www.complejovillabonita.com.ar/,https://www.instagram.com/complejovillabonita/,,,,0
355,"Oro Verde",,"0260 461-7366","","Av. Juan B. Alberdi 500, M5600HKJ San Rafael, Mendoza, Argentina",https://instagram.com/oroverdesrl?igshid=YmMyMTA2M2Y=,"","",https://maps.google.com/?cid=13154873282284940714,0,0
356,Ketobac,,"0260 442-2082","","Av. Gral. José de San Martín 175, M5600 San Rafael, Mendoza, Argentina",http://www.ketobac.com/,"","",https://maps.google.com/?cid=18333753111439069129,0,0
358,"BUFETT TERMINAL DE OMNIBUS - Ciudad",,,,"Gral. Paz 980 – Ciudad",,,,,,0
359,Ketobac,,"0260 442-2082","","Av. Gral. José de San Martín 175, M5600 San Rafael, Mendoza, Argentina",http://www.ketobac.com/,"","",https://maps.google.com/?cid=18333753111439069129,0,0
360,"Hotel Inti’s- 1 Estrella",,2601545570742604129999,2601545570742604129999,"Corrientes 35 – Ciudad – GPS S  34º 37.098  O  68º 19.889",,https://www.instagram.com/hotelintis_/?hl=es,,,,0
361,"ALMALEK - Restó / Bar -  San Rafael",,2604264633,2604264633,"Domicilio  Av. Hipolito Yrigoyen 1650 – Ciudad",https://linktr.ee/almalekrestaurante,https://www.instagram.com/almalek_shawarma/profilecard/?igsh=MXA1eTdyOWRoMDRydg%3D%3D,"",,,0
362,"Cabañas Frutos Deliciosos- Rama Caída",,,,"R. Nac. 143 km 513 – Rama Caída",http://frutosdeliciosos.com.ar/cabanas/,https://www.instagram.com/fruto.sdeliciosos/?hl=es,,,,0
363,"Apart Hotel Sesma – Cuadro Nacional – 2 Estrellas",,5492604323299,5492604323299,"Calle Salas 500 – Cuadro Nacional",http://www.complejosesma.com.ar,https://www.instagram.com/complejo_sesma/,,,,0
364,"TOWDAH VIAJES - Empresa de Viajes y Turismo",,5492604036822,5492604036822,"Agencia 100   On Line",https://www.towdahviajes.com.ar/Instagram:,https://www.instagram.com/towdahviajes/,,,,0
365,"Apart Hotel Cavis - 1 Estrella",,5492604600662,5492604600662,"Avenida  Balloffet 150 – Ciudad",https://www.aparthotelcavis.com.ar/,,,,,0
366,"ARGANA WINE (Bodega) - Atuel Norte",,2604407699,2604407699,"R. Nac. 143 km 475 – Atuel Norte",http://arganawines.com.ar/es/,https://www.instagram.com/arganawines/?hl=es-la,"",,,0
367,"PASTELLA- Café - Pastelería",,2604342496,2604342496,"Domicilio  Av. San Martín 435 – Ciudad",,https://www.instagram.com/pastella.sr/,,,,0
368,"Cabañas Las Escondidas Entre Río y Montañas – Valle Grande",," km 15 – Valle Grande""",,"""Ruta P Ruta Prov. 173",,http://www.lasescondidas.com/,https://www.instagram.com/cab.lasescondidas/,,,0
369,"ATUEL TRAVEL - Excursiones Locales y Turismo Emisivo.",,2604634770,2604634770,"Buenos Aires 31 – Ciudad",https://www.atueltravel.com.ar/,https://www.instagram.com/atuel.travel/?hl=es-la,https://www.facebook.com/atueltravel,,,0
370,"La Dante Viajes",,2604414179,2604414179,"Domicilio  Alem 52 – Ciudad de San Rafael",,https://www.instagram.com/ladanteviajes/,,,,0
371,"Secretos del Monte",,"0260 453-4177","","5600, Justo en frente de GNC pacifico, Av. Ing. Julio Balloffet 2869, M5600 San Rafael, Mendoza, Argentina",http://www.secretosdelmonte.com/,"","",https://maps.google.com/?cid=8477328962055156805,0,0
372,"Apart Hotel La Bodega- Las Paredes",,5492604571788,5492604571788,"Las Vírgenes 2880 – Las Paredes",http://www.labodegaaparthotel.com/,,,,,0
374,"Hotel Francia - Ciudad",,26015433729202604429351,26015433729202604429351,"Francia 248 – Ciudad",https://alojamientofrancia.com.ar/,https://www.instagram.com/hotel_francia/,"Hotel Francia",,,0
375,"Cabañas El Pueblo Escondido – Rama Caída",,260154408456,260154408456,"Cubillos 4035 – Rama Caída",http://www.elpuebloescondido.com.ar/,https://www.instagram.com/pueblo.escondido/,,,,0
376,"TOSCANA Restó - Ciudad",,2604406178,2604406178,"Domicilio  Castelli 19 Ciudad",,https://www.instagram.com/toscana_resto/?locale=zh-hans,,,,0
377,"PARADOR MILLCAYAC - Valle Grande",,2604408014,2604408014,"Domicilio  R. Provincial 173 km. 19- Valle Grande",,,,,,0
378,"FRAMBUESA- Café - Pastelería",,2613895474,2613895474,"Domicilio         Jose Hernández 2477 – Ciudad",,https://www.instagram.com/frambuesa.cake/,,,,0
379,"LA POSTA DEL CHOLO (Restó) - Valle Grande - (1)",,,,"Ruta Prov. N  173 km 18 – Valle Grande",,https://www.instagram.com/postadelcholo/,https://www.facebook.com/laposta.delcholo,,,0
380,"CAFÉ DEL MUNDO - Ciudad",,,,"Ubicación 1   Avda. Hipólito Yrigoyen 1661 – Ciudad",https://www.cafedelmundo.com.ar/,https://www.instagram.com/cafedelmundoarg/,,,,0
381,"CABAÑAS ELITA - Rama Caída",,541132636242,541132636242,"Domicilio  Ejército de Los Andes 6905- Rama Caída",,https://www.instagram.com/elitasanrafael,https://www.facebook.com/ElitaSanRafael/,,,0
382,"GOYENECHEA (Bodega) - Villa Atuel",,,,"Sotero Arizu s n Villa Atuel",http://www.goyenechea.com,https://www.instagram.com/bodegagoyenechea/?hl=es-la,https://www.facebook.com/bodegagoyenechea,,,0
383,"Cabañas Del Sur- Rama Caída",,,,"Ejército de Los Andes 550",http://www.xn--cabaasdelsurmza-1qb.com.ar/,https://www.instagram.com/cabanas_del_sur/,,,,0
384,"Apart Hotel Ayum Elun Aldea de Río - Valle Grande",,"0260 453-8866",5492604538866,"""Ruta Prov. 173 km 20",https://www.ayumelun.com/,http://www.ayumelun.com/,https://www.instagram.com/ayumelun.aldeaderio/,,,0
385,"THE CLUB ( Restaurant & Bar) - Barrio TAC- Ciudad",,5492604059405,5492604059405,"Canadá 12  – Barrio TAC – Ciudad de San Rafael",https://www.theclub.com.ar/,https://www.instagram.com/stories/theclubsanrafael/?hl=es,,,,0
386,"ASTOR Cervecería - San Rafael",,"","","Av. Balloffet 396 – Ciudad",https://sanrafaelturismo.gov.ar/2022/03/30/astor-cerveceria/,https://www.instagram.com/astor.sanrafael/,"",,,0
387,"Cabañas La Montielita - Rama Caída",,2604056615,2604056615,"Domicilio  RN143 km 511  entre calles Arroyo y Gutierrez  – Rama Caída",https://www.lamontielita.com.ar/,https://www.instagram.com/lamontielitamza/,,,,0
388,"Apart Hotel Ayum Elun Aldea de Río - Valle Grande",,"0260 453-8866",5492604538866,"""Ruta Prov. 173 km 20",https://www.ayumelun.com/,http://www.ayumelun.com/,https://www.instagram.com/ayumelun.aldeaderio/,,,0
389,"Apart Hotel Los Reyunos – 1 Estrella – Los Reyunos",,5492604682007,5492604682007,"Club de Náutica y Pesca – Los Reyunos",http://www.losreyunos.net/,https://www.instagram.com/losreyunosapart/,,,,0
390,"Los Cactus – Rama Caída",,,,"José Mora 395 – Rama Caída",,,https://www.facebook.com/Caba%C3%B1a-Los-Cactus-355497607968288,,,0
391,"EMPRESA DE TURISMO ITALO BUTTINI -E.V.T.- Turismo Emisivo.",,,,"Corrientes 494 – Ciudad",,https://www.instagram.com/turismobuttini/?hl=es-la,https://www.facebook.com/turismo.buttini/,,,0
392,"FIGO RESTAURANTE - Rama Caída",,"4 entre Cubillos y Perdiguez","Rama Caída""","""Domicilio  Ruta 143 Km 513",2604504455,,,,,0
393,"VIENTO ANDINO Complejo de Cabañas",,5492604400666,5492604400666,"Sardini Sur 1205 – Las Paredes",https://www.vientoandino.com.ar/?fbclid=PAZXh0bgNhZW0CMTEAAac9ZGGQsolyho_eHdiohl7EJPDeHHd6VuI_1JG7q4ZcAFtoc6kJ8SOed32dsQ_aem_qluQ6l4F4DLacakHk2ZCZQ,https://www.instagram.com/complejovientoandino?igsh=cWw5amQzdHoxMTAz&utm_source=qr,,,,0
394,"Apart Hotel Talú - Ciudad",,5492604619229,5492604619229,"Blas Parera esq. Roca – Ciudad",,https://www.instagram.com/taluapart/?hl=es,,,,0
395,"Cabañas Los Niyus – Rama Caída",,260154694868,260154694868,"Calle Cubillos 4035 – Rama Caída",,https://www.instagram.com/losniyus/,,,,0
396,"Cabañas La Viñuela – Ciudad",,5492604534006,5492604534006,"Santiago Grain 3030 – Loteo Viñuela  Altura de Dean Funes y Los Filtros  –",http://www.lavinuela.com.ar/,,https://www.facebook.com/lavinuela/,,,0
397,"LA MANSA WINE ESTATES - Cuadro Nacional",,"5 – Cuadro Nacional""",,"""Ruta 146 km 383",,http://www.lamansa.com.ar,https://www.instagram.com/lamansawines/?hl=es-la,,,0
398,"L´OBRADOR (Comedor De Campo) - Las Paredes - (1)",,,,"Bentos 50 Pasillo 1 – Las Paredes",,https://www.instagram.com/lobradorsr/,https://www.facebook.com/L-Obrador-570792939655533,,,0
399,"BODEGA BOURNETT (Bodega / Espumantes) - Cuadro Nacional",,5492604063291,5492604063291,"Ruta 154 s n – Cuadro Nacional",http://bournett.com.ar/,https://www.instagram.com/bodegabournett/?hl=es-la,https://www.facebook.com/vinosbournett,,,0
400,"Cabañas El Mangrullo – Rama Caída",,,,"Ej. De Los Andes 8900 – Rama Caída",,,,,,0
401,"AGATA VIAJES- E.V.T. - San Rafael",,"","","","","","",,1,0
402,"EL PATIO (Café Bar) - Ciudad",,154061648,154061648,"Domicilio  Hipólito Yrigoyen 1555 – Ciudad",,https://www.instagram.com/elpatio.goodfood/?hl=es,https://www.facebook.com/elpatiobeerhouse,,,0
403,"LA NUEVA COSECHA 71 (Café- Minutas) - Ciudad",,,,"Av. Hipólito Yrigoyen 674 – Ciudad",,,,,,0
404,"GOOD PANCHO 19 - Ciudad",,,,"Avda. Balloffet 115 – Ciudad",,https://www.instagram.com/goodpancho.sr/,https://www.facebook.com/Pancho19SanRafael,,,0
405,"Cabañas El Auca – Villa 25 de Mayo",,2604670652,2604670652,"Los Andes 145 – Villa 25 de Mayo",,https://www.instagram.com/elauca/,,,,0
406,"Cabañas Expoarte -Las Paredes",,5492604670625,5492604670625,"Bertani Sur  1285 – Las  Paredes",,https://www.instagram.com/cabanas_expoarte/,,,,0
407,"ALOHA Heladería - San Rafael",,2604562367,2604562367,"Ubicación  Chile 51 y 9 de Julio esq. Jujuy- San Rafael","",https://www.instagram.com/heladosaloha.sanrafael/,"",,,0
408,"HOGAREÑO&#8217;S 🏡-Restaurante y Comidas para llevar",,km498,"Salto de las Rosas- San Rafael""","""Domicilio  Ruta Nacional 143",2604560330,,,,,0
409,"LA ABEJA (Bodega / Espumantes) - Ciudad",,,,"Av. Hipólito Yrigoyen 1900 – Ciudad",http://www.bodegalaabeja.com.ar,https://www.instagram.com/bodegalaabeja/?hl=es-la,https://www.facebook.com/Laabejabodega,,,0
410,"PANCHO 19 - Ciudad",,,,"Day  239 – Ciudad",,,,,,0
411,"Casas Viejas – Las Paredes",,,,"Valentín Bianchi 6500 – Las Paredes",http://www.fincacasasviejas.com.ar/,,,,,0
412,"Hostel Shanti-Las Paredes",,260154660674154663902,260154660674154663902,"Av. Hipólito Yrigoyen 2602 -Las Paredes",http://www.shantihostel.com.ar/,https://www.instagram.com/shanti.hostel/?hl=es,https://www.facebook.com/Shanti-Hostel-169966623058058/?ref=br_rs,,,0
413,"ALMALEK - Restó / Bar -  San Rafael",,2604264633,2604264633,"Domicilio  Av. Hipolito Yrigoyen 1650 – Ciudad",https://linktr.ee/almalekrestaurante,https://www.instagram.com/almalek_shawarma/profilecard/?igsh=MXA1eTdyOWRoMDRydg%3D%3D,"",,,0
414,"Cabañas Altos Del Valle – Rama Caída",,,,"Cubillos 8000 – Rama Caída",http://www.altosdelvallesr.com.ar/,,,,,0
415,"Cabañas Los Niyus – Rama Caída",,260154694868,260154694868,"Calle Cubillos 4035 – Rama Caída",,https://www.instagram.com/losniyus/,,,,0
416,"Cabañas Valle Grande Hotel de Montaña – Estrella – Valle Grande",," km 35 – Valle Grande""",,"""Ruta Prov. 173",,http://www.hotelvallegrande.com/,,,,0
417,"Cabañas El Abrazo – Rama Caída",,260154679616,260154679616,"Ejercito De Los Andes 9000 – Rama Caída",http://www.cabanaselabrazo.com.ar/,https://www.instagram.com/cabanaselabrazo/,,,,0
418,"Cabañas Aldo – Las Paredes",,5492604589050,5492604589050,"El Toledano 3195 – Las Paredes",,https://www.instagram.com/cabaldo.sanrafael/,https://www.facebook.com/cabanasaldosanrafael/,,,0
419,"Hotel Ciudad – 1 Estrella",,2604385362,2604385362,"Entre Ríos 96 – Ciudad",,https://www.instagram.com/hotel.ciudadsr/?hl=es,,,,0
420,"Cabañas Los Chalecitos – Valle Grande",,,,"Ruta N  173 km. 13 – Valle Grande.",http://www.loschalecitos.com.ar/,https://www.instagram.com/loschalecitosok/?hl=es,https://www.facebook.com/loschalecitosok/,,,0
421,"Cabañas Aitué- Valle Grande",,"1 – Valle Grande""",2604090644,"""Ruta Prov. 173 km 25",,http://www.complejoaitue.com.ar/,,,,0
422,"Hotel Inti’s- 1 Estrella",,2601545570742604129999,2601545570742604129999,"Corrientes 35 – Ciudad – GPS S  34º 37.098  O  68º 19.889",,https://www.instagram.com/hotelintis_/?hl=es,,,,0
423,"Cabañas La Montielita - Rama Caída",,2604056615,2604056615,"Domicilio  RN143 km 511  entre calles Arroyo y Gutierrez  – Rama Caída",https://www.lamontielita.com.ar/,https://www.instagram.com/lamontielitamza/,,,,0
424,"Cabañas Complejo Turístico Motel Cañón Del Atuel – Cañón del Atuel",,2604551525,2604551525,"Ruta Prov. 173 km 60- Cañón del Atuel",,,,,,0
425,"Cabañas Cangallo - Ciudad",,5492604582250,5492604582250,"Cangallo 1428- Ciudad",https://www.cabanascangallo.com/?fbclid=PAZXh0bgNhZW0CMTEAAafc-XQ70qYCDCCwIE0h1mAHYTmVL9GtM8Euv9XGCChGatQ-zA7rUeAvVR1WXA_aem_ufgDL554yRPdLMV20fQwJw,https://www.instagram.com/cabanascangallo.sanrafael/?hl=es,,,,0
426,"Hotel Almería – 2 Estrellas",,2604438020,2604438020,"Barcala 221 – Ciudad",http://www.almeriahotel.com.ar,https://www.instagram.com/hotel_almeria_san_rafael/?hl=es,,,,0
427,"Cabañas Inti Co - Los Reyunos",,5492604563767,5492604563767,"Club de Pesca y Náutica – Los Reyunos",http://www.losreyunossanrafael.com,https://www.instagram.com/inticolosreyunos/,,,,0
428,"AL ANTOJO DEL COCINERO(Resto) - Ciudad",,"0261 333-7364","","Av. Balloffet 173 – Ciudad",https://www.facebook.com/Al-Antojo-del-Cocinero-401475969975590/?utm_source=foodlocate.com&utm_medium=referral,https://www.instagram.com/alantojodelcocinero/,https://www.facebook.com/Al-Antojo-del-Cocinero-401475969975590,,,0
429,"Hotel San Rafael – 3 Estrellas",,260443012728,260443012728,"Domicilio  Day 30 – Ciudad",http://www.sanrafaelhotel.com.ar,,,,,1
430,"Cabañas Finca Silvestre – Las Paredes",,5492604532314,5492604532314,"https   wa.me 5492604532314",http://www.fincasilvestre.com.ar/,https://www.instagram.com/fincasilvestre/,,,,0
431,"Hotel Nuevo Mundo – 3 Estrellas",,5492604630087,5492604630087,"Av. Balloffet 725 – Ciudad",,https://www.instagram.com/hotelnuevomundo1503/?hl=es,,,,0
432,"Cabañas Aicanay - Sólo para Parejas – Las Paredes",,549260497848,549260497848,"San Isidro 2850 – Las Paredes",http://www.cabanasaicanay.com.ar/,https://www.instagram.com/aicanay.cabanas/,,,,0
433,"EXCURSIONES AHORA EV.T. -Excursiones Locales.",,,,"Av. Hipólito Yrigoyen 642 – Ciudad",http://www.excursionesahora.com.ar/,https://www.instagram.com/excursionesahora/,,,,0
434,"Cabañas Balcón Del Atuel – Valle Grande",,"km 18 – Valle Grande""",260154679932,"""Ruta Prov. 173",,http://www.balcondelatuel.com.ar/,https://www.instagram.com/balcondelatuel/,,,0
435,"Hostel Rogupani - Ciudad",,5492604419889,5492604419889,"B. De Irigoyen 695 – Ciudad",,,,,,0
436,"Cabañas Tierra Virgen – Villa 25 de Mayo",,5492604593961,5492604593961,"https   wa.me 5492604593961",http://www.tierravirgencabanas.com/,,https://www.facebook.com/tierravirgencabanas/,,,0
437,"Cabañas Tierra Virgen – Villa 25 de Mayo",,5492604593961,5492604593961,"https   wa.me 5492604593961",http://www.tierravirgencabanas.com/,,https://www.facebook.com/tierravirgencabanas/,,,0
438,"Cabañas Altos la Villa – Villa 25 de Mayo",,5492604392739,5492604392739,"9 de julio 450 – Villa 25 de Mayo",http://www.altoslavilla.com.ar,https://www.instagram.com/altoslavilla/,,,,0
439,"Cabañas Altos la Villa – Villa 25 de Mayo",,5492604392739,5492604392739,"9 de julio 450 – Villa 25 de Mayo",http://www.altoslavilla.com.ar,https://www.instagram.com/altoslavilla/,,,,0
440,"Cabañas Calderón – Las Paredes",,5492604351626,5492604351626,"Avenida  Hipólito  Yrigoyen 2480 – Las Paredes",http://www.cabanascalderon.com.ar/,https://www.instagram.com/cabanascalderon/,,,,0
441,"Cabañas La Cosecha – Rama Caída",,260154418312,260154418312,"Cubillos 6165 –  Rama Caída",https://www.cabanaslacosecha.com.ar/,https://www.instagram.com/cablacosecha/,,,,0
442,"Hotel Dalí- 1 Estrella",,,,"Belgrano 44 – Ciudad",http://www.dalihotel.com.ar/,,,,,0
443,"Hotel Dalí- 1 Estrella",,,,"Belgrano 44 – Ciudad",http://www.dalihotel.com.ar/,,,,,0
444,"CASARTERO Eco Posada",,260154827716,260154827716,"Calle Artero 880 – Cañada Seca",http://www.casartero.com/,https://www.instagram.com/casartero/?hl=es,,,,0
445,"Cabañas El Abrazo – Rama Caída",,260154679616,260154679616,"Ejercito De Los Andes 9000 – Rama Caída",http://www.cabanaselabrazo.com.ar/,https://www.instagram.com/cabanaselabrazo/,,,,0
446,"Cabañas San Francisco – Las Paredes",,5492604586617,5492604586617,"Bentos 124 – Las Paredes",,,,,,0
447,"Cabañas El Arca De Noé – Rama Caída",,260154594306,260154594306,"Gutiérrez km 5 esq. Morales -Rama Caída",http://www.cabanaselarcadenoe.com.ar/,https://www.instagram.com/cabanaselarcadenoe/,https://www.facebook.com/cabanaselarcadenoe,,,0
448,"Cabañas Rincón Del Valle – Valle Grande",,"km 24","5 – Valle Grande""","""Ruta Prov. 173",2601545810682604604990,,http://www.rincondelvallecab.com.ar/,,,0
449,"Cabañas Jim-Yes – Rama Caída",,,,"Cubillos 5735 – Rama Caída",,,,,,0
450,"Hotel Nitra II – Valle Grande – 3 Estrellas",,2604530067,2604530067,"Ruta Prov. N  173 km 25.2 – Valle Grande",http://www.hotelesnitra.com.ar/hotel-san-rafael.html,,,,,0
451,"LA JUANITA (Restó de Campo ) - Las Paredes",,,,"Domicilio  V. Bianchi 5500 – Las Paredes",,https://www.instagram.com/lajuanitarestaurantcasadete/?hl=es,,,,0
452,"Cabañas Ayum Elun Aldea de Río – Valle Grande",,"5 – Valle Grande""",260154538866,"""Ruta Prov. 173 km 20",,http://www.ayumelun.com/,https://www.instagram.com/ayumelun.aldeaderio/,,,0
453,"ASTOR Cervecería - San Rafael",,"","","Av. Balloffet 396 – Ciudad",https://sanrafaelturismo.gov.ar/2022/03/30/astor-cerveceria/,https://www.instagram.com/astor.sanrafael/,"",,,0
454,"Cabañas Villa Santa Clara Del Atuel- Valle Grande",,,,"Ruta Prov. 173 km 12 – Valle Grande",http://www.villasantaclara.net/,https://www.instagram.com/villasantaclaradelatuel/?hl=es-la,https://www.facebook.com/santaclaradelatuel,,,0
455,"VIENTO ANDINO Complejo de Cabañas",,5492604400666,5492604400666,"Sardini Sur 1205 – Las Paredes",https://www.vientoandino.com.ar/?fbclid=PAZXh0bgNhZW0CMTEAAac9ZGGQsolyho_eHdiohl7EJPDeHHd6VuI_1JG7q4ZcAFtoc6kJ8SOed32dsQ_aem_qluQ6l4F4DLacakHk2ZCZQ,https://www.instagram.com/complejovientoandino?igsh=cWw5amQzdHoxMTAz&utm_source=qr,,,,0
456,"SAN ISIDRO - Café Restó - Ciudad",,,,"Avda. Hipólito Yrigoyen 700 – Ciudad",,https://www.instagram.com/cafesanisidro.sr/,,,,0
457,"VILLA BONITA Resto de Campo (Restó) - Villa 25 de Mayo (1)",,,,"Ruta 150 s n – Villa 25 de Mayo",http://www.complejovillabonita.com.ar,https://www.instagram.com/complejovillabonita/,,,,0
458,"DON CARLOS (Café-Bar) - Ciudad",,260154519325,260154519325,"Domicilio  Avenida Hipólito Yrigoyen 71 – Ciudad",,,,,,0
459,"LA MANSA GRILL HOUSE - Cuadro Bombal - Cuadro Nacional",,"5-  Cuadro Bombal – Cuadro Nacional""",260154238499154062002,"""Ruta 146 km 383",,https://lamansa.com.ar/,https://www.instagram.com/lamansawinesestates/,,,0
460,"SIERRA PINTADA E.V.T.- Excursiones Locales",,,,"Avda. San Martin 120 local 3- Ciudad de San Rafael",http://www.sierrapintada.com/,,,,,0
461,"Hotel Bonito – 2 Estrellas",,5492604566882,5492604566882,"Av. San Martín 329",,https://www.instagram.com/bonitohotel_sr/?hl=es,,,,0
462,"Cabañas Ermitazh – Valle Grande",,"km 13","5 – Valle Grande""","""Ruta Prov. 173",260154510202,,http://complejoermitazh.com/index.php,,,0
463,"Apart Hotel Los Reyunos – 1 Estrella – Los Reyunos",,5492604682007,5492604682007,"Club de Náutica y Pesca – Los Reyunos",http://www.losreyunos.net/,https://www.instagram.com/losreyunosapart/,,,,0
464,"Cabañas Agata – Valle Grande",,"km 22","5 – Valle Grande""","""Ruta Prov. 173",2604667079,,http://www.agatacabanas.com.ar/,,,0
465,"Cabañas El Valle- Ciudad",,5492604600031,5492604600031,"Av. Balloffet 1758 – Ciudad",http://www.cabanaselvalle.com.ar/,,,,,0
466,"Cabañas Finca Richmond – Cuadro Benegas",,"3 – Cuadro Benegas""",260154632132,"""R. Nacional 144 Km- 669",,,https://www.instagram.com/fincarichmond/,,,0
467,"Apart Hotel Cavis - 1 Estrella",,5492604600662,5492604600662,"Avenida  Balloffet 150 – Ciudad",https://www.aparthotelcavis.com.ar/,,,,,0
468,"Cabañas Aldo – Las Paredes",,5492604589050,5492604589050,"El Toledano 3195 – Las Paredes",,https://www.instagram.com/cabaldo.sanrafael/,https://www.facebook.com/cabanasaldosanrafael/,,,0
469,"Cabañas Arco Iris – Las Paredes",,5492604591478,5492604591478,"El Chañaral 776 -Las Paredes",http://cabanasarcoiris.com.ar/,,,,,0
470,"LA JARILLA HOSTEL",,2604567476,2604567476,"Ubicación  Av. San Martín 402 esq. Luzuriaga – Ciudad",,https://www.instagram.com/lajarillahostel/profilecard/?igsh=MWg1NmlydjNsdGM5Mg%3D%3D,https://www.facebook.com/profile.php?id=61560233292333&mibextid=ZbWKwL,,,0
471,"Cabañas Club De Pescadores – El Nihuil",,5492604552080,5492604552080,"Margen izquierda Lago El Nihuil",http://www.clubdepescadoressr.com.ar/,,,,,0
472,"Cabañas Buena Vista – Valle Grande",,2601545464844248671,2601545464844248671,"Ruta Prov. 173 km 18 – Valle Grande",http://www.buenavistadelvalle.com.ar/,https://www.instagram.com/buenavista.vallegrande/,,,,0
473,"Cabañas El Arca De Noé – Rama Caída",,260154594306,260154594306,"Gutiérrez km 5 esq. Morales -Rama Caída",http://www.cabanaselarcadenoe.com.ar/,https://www.instagram.com/cabanaselarcadenoe/,https://www.facebook.com/cabanaselarcadenoe,,,0
474,"Cabañas del Puente – Las Paredes",,5491167947338,5491167947338,"Los Filtros 8501 – Las Paredes",http://www.cabdelpuente.com/,https://www.instagram.com/cabdelpuente_sr/,,,,0
475,"Hotel Family Inn – Las Paredes – 2 Estrellas",,2604675514,2604675514,"Av. Hipólito Yrigoyen 5501 – Las Paredes",http://www.familyinnsanrafael.com.ar,,,,,0
476,"Cabañas El Pueblo Escondido – Rama Caída",,260154408456,260154408456,"Cubillos 4035 – Rama Caída",http://www.elpuebloescondido.com.ar/,https://www.instagram.com/pueblo.escondido/,,,,0
477,"Apart La Aldea de San Rafael",,5492604536078,5492604536078,"Hipólito Yrigoyen 4398 – Las Paredes",http://www.laaldeadesanrafael.com.ar,https://www.instagram.com/laaldeadesanrafael/,,,,0
478,"Apart Hotel Sesma – Cuadro Nacional – 2 Estrellas",,5492604323299,5492604323299,"Calle Salas 500 – Cuadro Nacional",http://www.complejosesma.com.ar,https://www.instagram.com/complejo_sesma/,,,,0
479,"Hostel Antonieta - Ciudad",,260154011920,260154011920,"Day 244 – Ciudad",https://antonietahostel.com.ar/,https://www.instagram.com/antonietahostel/?hl=es,,,,0
480,"CABAÑAS ELITA - Rama Caída",,541132636242,541132636242,"Domicilio  Ejército de Los Andes 6905- Rama Caída",,https://www.instagram.com/elitasanrafael,https://www.facebook.com/ElitaSanRafael/,,,0
481,"Cabañas La Viñuela – Ciudad",,5492604534006,5492604534006,"Santiago Grain 3030 – Loteo Viñuela  Altura de Dean Funes y Los Filtros  –",http://www.lavinuela.com.ar/,,https://www.facebook.com/lavinuela/,,,0
482,"Cabañas Espejos Del Río – Rama Caída",,260154223945154810160,260154223945154810160,"Ruta Prov. 175 s n Rama Caída",,https://www.instagram.com/espejosdelrio_alojamiento/,,,,0
483,"Cabañas Río Azul 2- 2 Estrellas – Valle Grande",,2604305017,2604305017,"Ruta Prov. 173 km 33 – Valle Grande",http://www.complejorioazul.com.ar/,https://www.instagram.com/rioazulvallegrande/,,,,0
484,"Cabañas La Horqueta – Rama Caída",,,,"Cubillos 6165 – km 5- Rama Caída",http://www.complejolahorqueta.com.ar/,,https://www.facebook.com/santiago.toledo1,,,0
485,"Cabañas Los Troncos- Ciudad",,5492604058587,5492604058587,"Avenida  Balloffet 2825- Ciudad",http://www.lostroncoscab.com.ar/,https://www.instagram.com/complejoturisticolostroncos/,,,,0
486,"Cabañas Los Nietos- Ciudad",,5492604655542,5492604655542,"Avenida  Vélez Sarsfield 1333 – Ciudad",,https://www.instagram.com/losnietoscabanas/,,,,0
487,"SAN TELMO Restó & Bar - Ciudad",,2604398872,2604398872,"Domicilio  Hipólito Yrigoyen 344 – Ciudad",,https://www.instagram.com/santelmobarcafe.sr/,,,,0
488,"COMPLEJO UTN Los Reyunos",,2604021708,2604021708,"Ubicación  Ruta Provincial 150 – Los Reyunos",https://www.reyunos.utn.edu.ar/habitaciones.html,https://www.instagram.com/utn_losreyunos/?hl=es,,,,0
489,"Apart Hotel Talú - Ciudad",,5492604619229,5492604619229,"Blas Parera esq. Roca – Ciudad",,https://www.instagram.com/taluapart/?hl=es,,,,0
490,"Cabañas Rocas Amarillas- 2 Estrellas – Valle Grande",,"1 – Valle Grande""",260154624765,"""Ruta Prov. 173 – km 29",,http://www.rocas-amarillas.com.ar/,https://www.instagram.com/rocas_amarillas/,,,0
491,"Apart Hotel La Bodega- Las Paredes",,5492604571788,5492604571788,"Las Vírgenes 2880 – Las Paredes",http://www.labodegaaparthotel.com/,,,,,0
492,"Cabañas Carü Leufu – Valle Grande",,"4 – Valle Grande""",260154418025,"""Ruta Prov. 173 km Ruta Prov. 173 km 17",,http://www.caruleufu.com.ar/,https://www.instagram.com/caruleufuofficial/,,,0
493,"Cabañas Complejo La Piedra – El Nihuil",,5492604577686,5492604577686,"Beltrán 320- El Nihuil",,,,,,0
494,"Cabañas Las Acequias – Rama Caída",,,,"Ejército de Los Andes 3300 – Rama Caída",http://www.lasacequiassanrafael.com/,,,,,0
495,"Hotel Francia - Ciudad",,26015433729202604429351,26015433729202604429351,"Francia 248 – Ciudad",https://alojamientofrancia.com.ar/,https://www.instagram.com/hotel_francia/,"Hotel Francia",,,0
496,"Cabañas La Divina Pereza – Rama Caída",,5492604030573,5492604030573,"Cubillos 4035- Rama Caída",http://www.ladivinapereza.com.ar/,https://www.instagram.com/divinapereza/,https://www.facebook.com/divina.pereza/?__tn__=%2Cd%2CP-R&eid=ARCb_vEOugdNTxwqEPMznbDl7fWrtdH9Vw0pLiJ2MWl1BPAhIa4c-hDTZqJu6ab3NmokkU6QC6wWXBlX,,,0
497,"Apart Hotel Colorina & Spa – San Rafael",,5492604692666,5491167059202,"Canadá 329 – Las Paredes",http://www.colorinamza.com.ar/san_rafael/,https://www.instagram.com/colorina.sr/,"",,,1
498,"Cabañas Río Diamante – Las Paredes",,5492604340135,5492604340135,"Los Filtros 5015 – Las Paredes",,https://www.instagram.com/cabanas_rio_diamante/,,,,0
499,"Cabañas Aoni Kenk- Rama Caída",,260154611611,260154611611,"Quiroga 400 Rama Caída",,https://www.instagram.com/aoni_kenk_sr/,https://www.facebook.com/cabanasaonikenksr/?locale=es_LA,,,0
500,"Cabañas Cuatro Cascadas – Valle Grande",,,,"Ruta Prov. 173 km 28 – Valle Grande",http://www.cuatrocascadas.com.ar/,,,,,0
501,"SUMUS Crepes & Coffe / Juguería - Ciudad",,,,"Domicilio   Av. San Martín 265 – Ciudad",,https://www.instagram.com/sumussanrafael/,,,,0
502,"Cabañas Calderón II – 2 Estrellas – Las Paredes",,5492604351626,5492604351626,"El Toledano Norte 255 – Las Paredes",http://www.cabanascalderon.com.ar/,https://www.instagram.com/cabanascalderon/,,,,0
503,"DUVAR Resto Club -",,2604664018,2604664018,"Domicilio  Hipólito Yrigoyen 3524 – Las Paredes",,https://www.instagram.com/duvarrestoclub/,,,,0
504,"LOMORO Helados & Café",,,,"Domicilio  Av. Balloffet 1205 – Ciudad",,https://www.instagram.com/heladoslomorosanrafael/?hl=es,,,,0
505,"LA COCINA DE PETTRA (Resto)",,,,"Bartolomé Mitre 3866, B1650 San Martín, Provincia de Buenos Aires, Argentina",https://linktr.ee/lacocinadepettra,https://www.instagram.com/lacocinadepettra/,"",,,0
506,"BIERO (Cervecería) - Ciudad",,,,"Avenida  Av. Hipólito Yrigoyen 2065 – Ciudad",,https://www.instagram.com/bierodraftbeer/?hl=es,https://www.facebook.com/bierodraftbeer,,,0
507,"GUANTANAMO POOL BAR - Ciudad",,,,"Hipólito Yrigoyen 1630 – Ciudad",,https://www.instagram.com/guantanamo.sanrafael/?hl=es,,,,0
508,"Hotel Family Inn – Las Paredes – 2 Estrellas",,2604675514,2604675514,"Av. Hipólito Yrigoyen 5501 – Las Paredes",http://www.familyinnsanrafael.com.ar,,,,,0
509,"Cabañas Las Rocas- Ciudad",,5492604599919,5492604599919,"Cangallo S N – Ciudad","http://cabañaslasrocas.com.ar/#!/-bienvenido/",,https://www.facebook.com/cabaniaslasrocas/,,,0
510,"Cabañas Villa Santa Clara Del Atuel- Valle Grande",,,,"Ruta Prov. 173 km 12 – Valle Grande",http://www.villasantaclara.net/,https://www.instagram.com/villasantaclaradelatuel/?hl=es-la,https://www.facebook.com/santaclaradelatuel,,,0
511,"Cabañas Arco Iris – Las Paredes",,5492604591478,5492604591478,"El Chañaral 776 -Las Paredes",http://cabanasarcoiris.com.ar/,,,,,0
512,"Cabañas Río Azul 2- 2 Estrellas – Valle Grande",,2604305017,2604305017,"Ruta Prov. 173 km 33 – Valle Grande",http://www.complejorioazul.com.ar/,https://www.instagram.com/rioazulvallegrande/,,,,0
513,"Cabañas Posada San Vicente – Rama Caída",,"5 – Rama Caída""",260154599141,"""Ruta Prov. 173 km 3",,http://www.posadasanvicente.net/,https://www.instagram.com/sanvicenteposada/,,,0
514,"Cabañas Lo De Luis – Las Paredes",,5492604330502,5492604330502,"Ruta Nacional 143 km 7.5 – Las Paredes",,https://www.instagram.com/cabanaslodeluis/?hl=es,,,,0
515,"Cabañas Rincón Azul – Rama Caída",,2601543317762604617379,2601543317762604617379,"Ejercito De Los Andes 9100 – Rama Caída.",http://www.rinconazulsanrafael.com/,https://www.instagram.com/cabanasrinconazul/,,,,0
516,"Cabañas Rincón Del Valle – Valle Grande",,"km 24","5 – Valle Grande""","""Ruta Prov. 173",2601545810682604604990,,http://www.rincondelvallecab.com.ar/,,,0
517,"Suter Petit Hotel – Las Paredes",,154808681,154808681,"Av. Hipolito Yrigoyen 3003 – Las Paredes",http://www.suterhotel.com.ar/,https://www.instagram.com/suter.petit.hotel/?hl=es,,,,0
518,"Cabañas La Vita E Bella – Las Paredes",,5492604620272,5492604620272,"Las Vírgenes 1390  – Las Paredes",http://www.lavitaebella.com.ar/,https://www.instagram.com/lavitaebellacabanas/,,,,0
519,"Hotel Balloffet – 1 Estrella",,,,"Av. Balloffet 326 – Ciudad",,,,,,0
520,"Nihuil Hotel – El Nihuil",,,,"El Nihuil  a 75 km. de Ciudad de San Rafael",https://www.smata.com.ar/el-nihuil-hotel/,,,,,0
521,"Cabañas Frutos Deliciosos- Rama Caída",,,,"R. Nac. 143 km 513 – Rama Caída",http://frutosdeliciosos.com.ar/cabanas/,https://www.instagram.com/fruto.sdeliciosos/?hl=es,,,,0
522,"Apart Hotel Patios del Mediterráneo – 1 Estrella",,,,"Avenida San Martín 77  – Ciudad",http://www.patiosdelmediterraneo.com/,https://www.instagram.com/patio.mediterraneo.apart.hotel/,,,,0
523,"Cabañas Expoarte -Las Paredes",,5492604670625,5492604670625,"Bertani Sur  1285 – Las  Paredes",,https://www.instagram.com/cabanas_expoarte/,,,,0
524,"Martina Manuel Cabañas – Valle Grande",,"Km. 13.5 – Valle Grande""",111526978208,"""Ruta Prov. 173",,https://www.martinamanuel.com/,https://www.instagram.com/cabanasmartinamanuel/,,,0
525,"Cabañas Las Escondidas Entre Río y Montañas – Valle Grande",," km 15 – Valle Grande""",,"""Ruta P Ruta Prov. 173",,http://www.lasescondidas.com/,https://www.instagram.com/cab.lasescondidas/,,,0
526,"Cabañas Los Troncos- Ciudad",,5492604058587,5492604058587,"Avenida  Balloffet 2825- Ciudad",http://www.lostroncoscab.com.ar/,https://www.instagram.com/complejoturisticolostroncos/,,,,0
527,"Cabañas Entre El Atuel Y El Diamante – Rama Caída",,2601545647000260154564702,2601545647000260154564702,"Cubillos 9700- Rama Caída",,https://www.instagram.com/cabanas_entreatuelydiamante/,,,,0
528,"Cabañas Cuatro Cascadas – Valle Grande",,,,"Ruta Prov. 173 km 28 – Valle Grande",http://www.cuatrocascadas.com.ar/,,,,,0
529,"BABEL (Bar Restó) - Ciudad",,,,"Av. Hipólito Yrigoyen 1574 – Ciudad",,,https://www.facebook.com/BabelBarResto,,,0
530,"Moment’s Bar - Ciudad",,5492604400990,5492604400990,"Av. Deán Funes 998 – Ciudad",https://momentstulugar.com/,https://www.instagram.com/moments.tu.lugar/?hl=es,,,,0
531,"BODEGA TORNAGHI (Bodega) - Ciudad",,,,"Pasteur 715 – Ciudad",http://www.tornaghi.com.ar/,https://www.instagram.com/tornaghiwines/?hl=es-la,https://www.facebook.com/tornaghiwines,,,0
532,"Hostel Rogupani - Ciudad",,5492604419889,5492604419889,"B. De Irigoyen 695 – Ciudad",,,,,,0
533,"LA PREVIA Restó",,2604419615,2604419615,"Domicilio  Av. H. Yrigoyen 2717  – Ciudad",,https://www.instagram.com/laprevia.resto/,,,,0
534,"NORDICO - Cerveza al Paso - Ciudad",,,,"H. Yrigoyen 718 – Ciudad",,https://www.instagram.com/elnordicocraftbeer/?hl=es,https://www.facebook.com/elnordicocraftbeer,,,0
535,"VALLES DEL SOL E.V.T.- Turismo Emisivo",,,,"Av. Rodolfo Iselin 58 – Ciudad",http://www.vallesdelsol.com.ar,,https://www.facebook.com/valles.delsol,,,0
536,"NINA (Café- Bar) -Ciudad",,2604356668,2604356668,"Domicilio  San Martín y Olascoaga – Ciudad",,https://www.instagram.com/nina_cafebar/,,,,0
537,"CASARTERO Eco Posada",,260154827716,260154827716,"Calle Artero 880 – Cañada Seca",http://www.casartero.com/,https://www.instagram.com/casartero/?hl=es,,,,0
538,"Cabañas El Auca – Villa 25 de Mayo",,2604670652,2604670652,"Los Andes 145 – Villa 25 de Mayo",,https://www.instagram.com/elauca/,,,,0
539,"Cabañas La Martina Casa de Campo – Rama Caída",,260154517234,260154517234,"Arroyo 1331",http://www.xn--cabaaslamartina-1qb.com.ar/,https://www.instagram.com/lamartina.cdc/,,,,0
540,"Cabañas Del Lago – Los Reyunos",,5492604404042,5492604404042,"Club de Pesca y Náutica – Los Reyunos",http://www.cabanasreyunos.com.ar/,https://www.instagram.com/casadel_lago/,,,,0
541,"Cabañas San Francisco – Las Paredes",,5492604586617,5492604586617,"Bentos 124 – Las Paredes",,,,,,0
542,"Hotel Ciudad – 1 Estrella",,2604385362,2604385362,"Entre Ríos 96 – Ciudad",,https://www.instagram.com/hotel.ciudadsr/?hl=es,,,,0
543,"ANAHI- Helados",,"",2604019103,"Ubicación  Av. Hipólito Yrigoyen  1475- Ciudad",https://www.pedidosya.com.ar/restaurantes/san-rafael/heladeria-anahi-san-rafael-menu,https://www.instagram.com/heladosanahi/?hl=es-la,https://www.facebook.com/heladosanahi/?locale=es_LA,,,0
544,"Cabañas Las Magnolias- Ciudad",,5492604482102,5492604482102,"Avenida  Balloffet 2245 – Ciudad",http://www.cabanaslasmagnolias.com.ar/,,,,,0
545,"Cabañas Oasis Del Sol – Villa 25 de Mayo",,5492604577003,5492604577003,"Francisco Arbet y S. Martín- Villa 25  de Mayo",http://www.oasisdelsol.com.ar/,,,,,0
546,"Cabañas San José – 1 Estrella – Cuadro Nacional",,5492604805927,5492604805927,"Los Ranqueles 120 – Cuadro Nacional",http://www.complejosanrafael.com.ar/,,,,,0
547,"Cabañas Río Azul 1- Valle Grande",,"km 33 – Valle Grande""",2604403457,"""Ruta Prov. 173",,http://www.rioazulvallegrande.com.ar/,https://www.instagram.com/rioazulvallegrande/,,,0
548,"Hostel Sigrum",,,,"San Juan 155 – Ciudad",,https://www.instagram.com/sigrumhostel/?hl=es-la,,,,0
549,"Cabañas Reina De La Paz – Rama Caída",,5492604646876,5492604646876,"Ejército De Los Andes 1100  – Rama Caída",http://www.cabanasreinadelapaz.com.ar/,,,,,0
550,"Cabañas Postal de los Cerros Finca – Rama Caída",,1131242100,1131242100,"La Bodega 789 – Rama Caída",http://www.postaldeloscerros.com.ar/,https://www.instagram.com/postaldeloscerros/,,,,0
551,"MARTYNIUK Lodge - Las Paredes",,"Las Paredes""",5491130400204,"""Calle Los Maitenes Nº 1600",,http://martyniuk.ar/,https://www.instagram.com/martyniuk_lodges/?utm_medium=copy_link,,,0
552,"Cabañas El Mangrullo – Rama Caída",,,,"Ej. De Los Andes 8900 – Rama Caída",,,,,,0
553,"MOSTAZA - Ciudad",,,,"Avenida Hipólito Yrigoyen 1530 – Ciudad",http://www.mostazaweb.com.ar,,,,,0
554,"ESTACION BELGRANO (Sandwichería) - Ciudad",,,,"Av. San Martín 307 – Ciudad",,,,,,0
555,"BODEGA BIANCHI (Bodega / Espumantes) - Las Paredes",,,,"R. Nac. 143 y Valentin Bianchi – Las Paredes",http://www.bodegasbianchi.com.ar,https://www.instagram.com/bodegasbianchi/?hl=es-la,https://www.facebook.com/BodegasBianchi,,,0
556,"Cabañas Río Diamante – Las Paredes",,5492604340135,5492604340135,"Los Filtros 5015 – Las Paredes",,https://www.instagram.com/cabanas_rio_diamante/,,,,0
557,"Cabañas Lo De Luis – Las Paredes",,5492604330502,5492604330502,"Ruta Nacional 143 km 7.5 – Las Paredes",,https://www.instagram.com/cabanaslodeluis/?hl=es,,,,0
558,"Hotel San Rafael – 3 Estrellas",,260443012728,260443012728,"Domicilio  Day 30 – Ciudad",http://www.sanrafaelhotel.com.ar,,,,,1
559,"Cabañas San José Del Atuel- Rama Caída",,260154572994,260154572994,"Ejército de Los Andes 1900 -Rama Caída",,https://www.instagram.com/sanjosedelatuel/,,,,0
560,"Atuel Cabañas – Valle Grande",,"0260 440-3173","","""Ruta Prov. 173",https://www.atuelcabana.com.ar/,http://www.atuelcabana.com.ar/,"",,,0
561,"LA BODEGA RESTO - Ciudad",,,,"Domicilio  Av. Deán Funes 898 – Ciudad",,,,,,0
562,"Hotel Kalton – 3 Estrellas",,2604430047154060328,2604430047154060328,"Av. Hipólito Yrigoyen 120 – Ciudad",http://www.kaltonhotel.com,https://www.instagram.com/hotelkalton/?hl=es,,,,0
563,"LUPE TAQUERIA BAR (Taquería- Bar)",,2604572729,2604572729,"Domicilio  Av. Mariano Moreno y Chile – Ciudad",,,,,,0
564,"Cabañas Las Magnolias- Ciudad",,5492604482102,5492604482102,"Avenida  Balloffet 2245 – Ciudad",http://www.cabanaslasmagnolias.com.ar/,,,,,0
565,"Valle Grande Aventura",,"0260 459-3696","","34.8351900, -68.5126320, M5600 Valle Grande, Mendoza, Argentina",https://vallegrandeaventura.com.ar/,"","",https://maps.google.com/?cid=1139713816795091720,0,0
566,"SDG TRAVEL- Turismo Emisivo",,2604559238,2604559238,"Avellaneda 243 – Ciudad",http://www.sdgtravel.net/,https://www.instagram.com/sdgtravel2020/,,,,0
567,"NATURALEZA TURISMO - E.V.T. Turismo Emisivo",,2604060643,2604060643,"Santa Fé 15- Local 2",,https://www.instagram.com/naturalezaturismo.sr/,https://www.facebook.com/profile.php?id=100063787460487,,,0
568,"BONY’S PIZZA (Pizzería) - Ciudad",,,,"Av. San Martín 459 – Ciudad",,https://www.instagram.com/bonys.pizza/,https://www.facebook.com/bonyspizza,,,0
569,"Cabañas Oasis Del Sol – Villa 25 de Mayo",,5492604577003,5492604577003,"Francisco Arbet y S. Martín- Villa 25  de Mayo",http://www.oasisdelsol.com.ar/,,,,,0
570,"SUTER PETIT RESTO - Cocina de Autor",,2604808681,2604808681,"Ubicación  Av. Hipólito Yrigoyen 3003 – Las Paredes",https://linktr.ee/suterpetitresto,,,,,0
571,"Cabañas San José Del Atuel- Rama Caída",,260154572994,260154572994,"Ejército de Los Andes 1900 -Rama Caída",,https://www.instagram.com/sanjosedelatuel/,,,,0
572,"Cabañas Los Chalecitos – Valle Grande",,,,"Ruta N  173 km. 13 – Valle Grande.",http://www.loschalecitos.com.ar/,https://www.instagram.com/loschalecitosok/?hl=es,https://www.facebook.com/loschalecitosok/,,,0
573,"Cabañas Bosque Divino – 4 Estrellas – Valle Grande",,"km 36 – Valle Grande""",5492604581603,"""Ruta Prov. 173",,http://www.bosquedivino.com.ar/,https://www.instagram.com/bosquedivino1/,,,0
574,"Cabañas Finca Silvestre – Las Paredes",,5492604532314,5492604532314,"https   wa.me 5492604532314",http://www.fincasilvestre.com.ar/,https://www.instagram.com/fincasilvestre/,,,,0
575,"Hotel Alas- 1 Estrella",,26044227324437435,26044227324437435,"Comandante Salas 51 – Ciudad",http://www.alashotel.com.ar/elhotel.html,https://www.instagram.com/hotelalas/?hl=es,,,,0
576,"Cabañas Calderón II – 2 Estrellas – Las Paredes",,5492604351626,5492604351626,"El Toledano Norte 255 – Las Paredes",http://www.cabanascalderon.com.ar/,https://www.instagram.com/cabanascalderon/,,,,0
577,"SABORES DE MI PUEBLO - Villa 25 de Mayo",,5492604317897,5492604317897,"San Martin 295 – Villa 25 de Mayo",,https://www.instagram.com/saboresdemipueblo25/,,,,0
578,"AYUM ELUN ALDEA DE RIO - (Restaurante) - Valle Grande - (1)",,"5 – Valle Grande""",5492604538866,"""Ruta  Provincial Nº  173 Km. 20",,http://www.ayumelun.com,,,,0
579,"CASA MADRE Restaurante- Casa de Té",,2613895474,2613895474,"Domicilio  Avenida  Hipólito Yrigoyen 5814 – LAS PAREDES",,https://www.instagram.com/casamadre2024/,https://www.facebook.com/people/Frambuesa-pasteler%C3%ADa-cafe-resto/100051045673835/?locale=es_ES,,,0
580,"Cabañas Acacias de la Villa – Villa 25 de Mayo",,5492604554965,5492604554965,"Sarmiento 148 – Villa 25 de Mayo",http://www.acaciasdelavilla.com.ar/,,,,,0
581,"Cabañas Aoni Kenk- Rama Caída",,260154611611,260154611611,"Quiroga 400 Rama Caída",,https://www.instagram.com/aoni_kenk_sr/,https://www.facebook.com/cabanasaonikenksr/?locale=es_LA,,,0
582,"BODEGA LIMBO- Cuadro Benegas",,,,"La Ortizana s n Cuadro Benegas",http://www.limbo.com.ar/,https://www.instagram.com/bodegalimbo/,https://www.facebook.com/bodegalimbo,,,0
583,"LA VIEJA BODEGA SERRA (Bodega / Aceite de Oliva) - Rama Caída",,5492604817994,5492604817994,"Cubillos 4900 –  Rama Caída",http://www.bodegaserra.com.ar,https://www.instagram.com/laviejabodegaserraok?utm_source=qr&igsh=MTF2cWxxaGcycW5nbw%3D%3D,,,,0
584,"GOYENECHEA (Bodega) - Villa Atuel",,,,"Sotero Arizu s n Villa Atuel",http://www.goyenechea.com,https://www.instagram.com/bodegagoyenechea/?hl=es-la,https://www.facebook.com/bodegagoyenechea,,,0
585,"OLULA - Café de especialidad",,"  Ciudad""","","""Domicilio    República de Siria 96","",https://www.instagram.com/olulacafeteria/,https://www.instagram.com/olula.sr/,,,0
586,"La Carmelita- Las Paredes",,,,"Carmona 2500 – Las Paredes",http://www.fincalacarmelitahotel.com/,,,,,0
587,"ICONO VIAJES E.V.T. - Turismo Emisivo -",,2604420155,2604420155,"Domicilio  Buchardo 30",https://www.iconoviajes.tur.ar/,https://www.instagram.com/iconoviajes/,,,,0
588,"Hotel Bonito – 2 Estrellas",,5492604566882,5492604566882,"Av. San Martín 329",,https://www.instagram.com/bonitohotel_sr/?hl=es,,,,0
589,"Cabañas Club De Pescadores – El Nihuil",,5492604552080,5492604552080,"Margen izquierda Lago El Nihuil",http://www.clubdepescadoressr.com.ar/,,,,,0
590,"Cabañas Cerro Encantado – 2 Estrellas – Valle Grande",,2604045367,2604045367,"Ruta Prov. 173 km 18 – Valle Grande",,https://www.instagram.com/cerro_encantado/,,,,0
591,"Lucy Sol Cabañas – Las Paredes",,5492604576564,5492604576564,"Sarmiento 5100 – Las Paredes",,,https://www.facebook.com/p/Lucy-Sol-Caba%C3%B1as-San-Rafael-MZA-100057816513025/?locale=es_LA,,,0
592,"SAJET E.V.T.- Turismo Emisivo",,260154518355,260154518355,"Cnel. Suarez 605 – Ciudad",http://www.sajet.com.ar/,,,,,0
593,"Alegría Apart - Ciudad de San Rafael",,"2604 53-2252","","Dirección  Belgrano 409 esquina Buenos Aires – Ciudad",http://www.alegriapart.com,https://www.instagram.com/alegria.apartsr/,https://www.facebook.com/alegriapart,,,0
594,"HOTEL VALLE GRANDE - Valle Grande",,5492604401313,5492604401313,"R. Provincial 173 Km 35 – Valle Grande",http://hotelvallegrande.com.ar/,,,,,0
595,"Maktub Sabores de Medio Oriente",,"0260 456-9552","","El Pehuenche 1750, M5600 San Rafael, Mendoza, Argentina",https://pedidodirecto.app/maktub,https://www.instagram.com/maktub.sanrafael/,"",https://maps.google.com/?cid=2116254204068205058,0,0
596,"AFTER HOUSE - Minutas - Hamburguesas",,"","","","","","",,1,1
597,"BLASCO E.VT. - Turismo Emisivo",,,,"Bombal 70 – Ciudad",,https://www.instagram.com/blascoviajes/?hl=es-la,https://www.facebook.com/pages/category/Travel-Company/Blasco-Viajes-1960993763965371/,,,0
598,"HIMOFF (Panchos - Minutas ) - Ciudad",,,,"Domicilio  Saavedra 2 – Ciudad",,https://www.instagram.com/himoff_pancheria/?hl=es-la,,,,0
599,"Hotel Nitra II – Valle Grande – 3 Estrellas",,2604530067,2604530067,"Ruta Prov. N  173 km 25.2 – Valle Grande",http://www.hotelesnitra.com.ar/hotel-san-rafael.html,,,,,0
600,"LA MANSA WINE ESTATES - Cuadro Nacional",,"5 – Cuadro Nacional""",,"""Ruta 146 km 383",,http://www.lamansa.com.ar,https://www.instagram.com/lamansawines/?hl=es-la,,,0
601,"LA ALICIA (Restaurante & Hotel de campo)",,"San Rafael""",2604545545,"""Domicilio  Goudge",,,https://www.instagram.com/hotel_laalicia/?hl=es,,,0
602,"Cabañas Aicanay - Sólo para Parejas – Las Paredes",,549260497848,549260497848,"San Isidro 2850 – Las Paredes",http://www.cabanasaicanay.com.ar/,https://www.instagram.com/aicanay.cabanas/,,,,0
603,"PATIO DE COMIDAS &#8220;FOOD PARK - Ciudad",,,,"Hipólito Yrigoyen 1680 – Ciudad",,https://www.instagram.com/foodpark.sr/?hl=es-la#,,,,0
604,"SAN RAFAEL EXCURSIONES evt Legajo 19108",,5492604565374,5492604565374,"Domicilio  25 de Mayo 15- Ciudad de San Rafael",,https://www.instagram.com/sanrafael.excursiones/,,,,0
605,"CLUB DE PESCADORES - El Nihuil",,5492604372753,5492604372753,"Club de Pescadores – El Nihuil",,,,,,0
606,"Cabañas Bosque Divino – 4 Estrellas – Valle Grande",,"km 36 – Valle Grande""",5492604581603,"""Ruta Prov. 173",,http://www.bosquedivino.com.ar/,https://www.instagram.com/bosquedivino1/,,,0
607,"Cabañas Río Azul 1- Valle Grande",,"km 33 – Valle Grande""",2604403457,"""Ruta Prov. 173",,http://www.rioazulvallegrande.com.ar/,https://www.instagram.com/rioazulvallegrande/,,,0
608,"Cabañas Entre El Atuel Y El Diamante – Rama Caída",,2601545647000260154564702,2601545647000260154564702,"Cubillos 9700- Rama Caída",,https://www.instagram.com/cabanas_entreatuelydiamante/,,,,0
609,"Cabañas Reina De La Paz – Rama Caída",,5492604646876,5492604646876,"Ejército De Los Andes 1100  – Rama Caída",http://www.cabanasreinadelapaz.com.ar/,,,,,0
610,"SIERRA PINTADA E.V.T.- Excursiones Locales",,,,"Avda. San Martin 120 local 3- Ciudad de San Rafael",http://www.sierrapintada.com/,,,,,0
611,"LA TANA - Ciudad",,,,"Domicilio  Dean Funes 10 – Ciudad",,https://www.instagram.com/latanapizzassr/?hl=es,,,,0
612,"PARRILLA AL CAR",,2604560049,2604560049,"Domicilio   Ruta Nacional 143 – Salto de Las Rosas- San Rafael",,,https://www.facebook.com/profile.php?id=100056740227713,,,0
613,"Chaglasian Wine & Suites – Las Paredes",,,,"Valentín Bianchi 1600 -Las Paredes",https://chaglasianwinery.com/Instagram:,https://www.instagram.com/chaglasianwineandsuites/?hl=es,,,,0
614,"Cabañas Rincón Azul – Rama Caída",,2601543317762604617379,2601543317762604617379,"Ejercito De Los Andes 9100 – Rama Caída.",http://www.rinconazulsanrafael.com/,https://www.instagram.com/cabanasrinconazul/,,,,0
615,"Apart Hotel Vecchia Terra - Ciudad",,5492604221204,5492604221204,"Castelli 23  – Ciudad",http://www.vecchiaterra.com.ar/,https://www.instagram.com/vecchia_terra/?hl=es,https://www.facebook.com/vecchiaterraapart/,,,0
616,"CABALGATAS SAN RAFAEL",,"0260 406-3688","","Carmona 1400, Mendoza, Argentina","","","",https://maps.google.com/?cid=11785984143316492603,0,0
617,"BONY’S PIZZA (Pizzería) - Ciudad",,,,"Av. San Martín 459 – Ciudad",,https://www.instagram.com/bonys.pizza/,https://www.facebook.com/bonyspizza,,,0
618,"SAN RAFAEL EXCURSIONES evt Legajo 19108",,5492604565374,5492604565374,"Domicilio  25 de Mayo 15- Ciudad de San Rafael",,https://www.instagram.com/sanrafael.excursiones/,,,,0
619,"Cabañas Tardecitas Del Atuel – Rama Caída",,260154504933,260154504933,"La Bodega 800 – Rama Caída",,https://www.instagram.com/tardecitas2020/,https://www.facebook.com/cabanas.t.sanrafael/,,,0
620,"OPORTO RESTAURANTE -Ciudad",,2604671861,2604671861,"Avenida Balloffet 124",,https://www.instagram.com/oporto.sr/?hl=es,,,,0
621,"Apart Hotel Colorina & Spa – San Rafael",,5492604692666,5491167059202,"Canadá 329 – Las Paredes",http://www.colorinamza.com.ar/san_rafael/,https://www.instagram.com/colorina.sr/,"",,,1
622,"LA VIEJA BODEGA SERRA (Bodega / Aceite de Oliva) - Rama Caída",,5492604817994,5492604817994,"Cubillos 4900 –  Rama Caída",http://www.bodegaserra.com.ar,https://www.instagram.com/laviejabodegaserraok?utm_source=qr&igsh=MTF2cWxxaGcycW5nbw%3D%3D,,,,0
623,"CLUB DE PESCADORES - El Nihuil",,5492604372753,5492604372753,"Club de Pescadores – El Nihuil",,,,,,0
624,"Lodge Algodón Wine – Cuadro Benegas",,2604295985,2604295985,"CASONA   LODGE",https://www.algodonhotels.com/wineestates/,,,,,0
625,"FINCA CUADRO BENEGAS - Cuadro Benegas",,,,"Calle el Vencedor esquina Mercado. Distrito Cuadro Benegas",https://fincacuadrobenegas.com.ar,https://www.instagram.com/fincacuadrobenegas/,,,,0
626,"ATUEL TRAVEL - Excursiones Locales y Turismo Emisivo.",,2604634770,2604634770,"Buenos Aires 31 – Ciudad",https://www.atueltravel.com.ar/,https://www.instagram.com/atuel.travel/?hl=es-la,https://www.facebook.com/atueltravel,,,0
627,"MALUFA E.V.T. - Excursiones Locales",,,,"Chile 642 – Ciudad",http://www.malufaviajes.com.ar/,https://www.instagram.com/malufaviajes/,,,,0
628,"PARADOR EL DESVIO- El Desvio",,2604350203,2604350203,"Ubicación  Ruta Nacional 144 y Ruta Provincial 180- Desvio El Nihuil",,,,,,0
629,"BALCARCE (Café) - Ciudad",,,,"Domicilio  25 de Mayo esq. E. Ríos – Ciudad",,https://www.instagram.com/balcarcesanrafaelok/?hl=es-la,,,,0
630,"APROBAR ROTISERIA - Ciudad",,,,"Av. Balloffet  901 – Ciudad",,,https://www.facebook.com/Graciela.aprobaresto,,,0
631,"DIAMANTE VIAJES E.V.T. Excursiones Locales y Turismo Emisivo",,,,"Av. Hipólito Yrigoyen 824 -Ciudad",http://www.diamanteviajes.tur.ar/,https://www.instagram.com/diamanteviajesok/?hl=es-la,https://www.facebook.com/diamanteviajes/,,,0
632,"LUCI Agencia de Viajes - Excursiones Locales y Turismo Emisivo.",,54926043486685492604672643,54926043486685492604672643,"Agencia On Line",,https://www.instagram.com/agencialuciviajesok/,,,,0
633,"Cabañas Saint Bernard – Cuadro Nacional",,5492604682657,5492604682657,"Avenida  Alberdi 6500 – Cuadro Nacional",,,,,,0
634,"LA DELICIA BULEVARD - Ciudad",,"","","H. Yrigoyen 1594 – Ciudad",https://ladeliciaboulevard.com.ar,https://www.instagram.com/ladeliciadelboulevard/,https://www.facebook.com/ladeliciadelboulevard,,,0
635,"GARRISON CAFE- BAR - Ciudad",,,,"Domicilio  Avda. H. Yrigoyen 355 – Ciudad",,https://www.instagram.com/garrison.cafebar/,,,,0
636,"PIPI PANCHOS (Panchería- Minutas) - Ciudad",,,,"Bernardo de Irigoyen 119 – Ciudad",,https://www.instagram.com/pipi.1981/?hl=es-la#,,,,0
637,"BODEGA BOUTIQUE IBARRA (Bodega / Restaurante) - Rama Caída",,5492604040144,5492604040144,"Cubillos 3550 – Rama Caída",http://www.bodegafamiliaibarra.com.ar,https://www.instagram.com/bodegaibarra/?hl=es,https://www.facebook.com/BodegaBoutiqueIbarra,,,0
638,"BODEGA LIMBO- Cuadro Benegas",,,,"La Ortizana s n Cuadro Benegas",http://www.limbo.com.ar/,https://www.instagram.com/bodegalimbo/,https://www.facebook.com/bodegalimbo,,,0
639,"ATHENA (Bar - Cervecería)- Ciudad",,,,"Avda. H. Yrigoyen 1652  – Ciudad",,https://www.instagram.com/athena.sanrafael/,,,,0
640,"Lodge Algodón Wine – Cuadro Benegas",,2604295985,2604295985,"CASONA   LODGE",https://www.algodonhotels.com/wineestates/,,,,,0
641,"TURISMO SAN RAFAEL E.V.T. - Turismo Emisivo. -",,,,"Entre Rios 1305 esq. Lisandro de la Torre – Ciudad",,,,,,0
642,"Apart Hotel Milenium - 1 Estrella",,5492604651295,5492604651295,"Coronel Day 20 – Ciudad",http://www.apartmilenium.com.ar/,https://www.instagram.com/plaza_milenium_hotel_y_apart/,,,,0
643,"Cabañas Del Sol – Valle Grande",,"km 19","9- Valle Grande""","""Ruta Prov. 173",260154530098154400485,,http://www.cabanasdelsol.com.ar/,,,0
644,"Finca El Alpataco- Rama Caída",,,,"Ejército De Los Andes 5007 – Rama Caída",,,,,,0
645,"FRANCA TOUR E.V.T. - Turismo Emisivo",,2604425077154530079,2604425077154530079,"Av. Espejo 139  -Ciudad",,https://www.instagram.com/francatourviajes/,,,,0
646,"Complejo Villa Ciruelos- Las Paredes",,5492604617900,5492604617900,"Bertani Sur 1300 – Las Paredes",https://www.villaciruelos.com.ar/,https://www.instagram.com/cabanasvillaciruelos,https://www.facebook.com/villaciruelos,,,0
647,"Chef Indoors Take Away",,"0260 15-402-4206","","Hipólito Buchardo 1770, M5600 San Rafael, Mendoza, Argentina","","","",https://maps.google.com/?cid=2651370814797349809,,0
648,"Cabañas Posada San Vicente – Rama Caída",,"5 – Rama Caída""",260154599141,"""Ruta Prov. 173 km 3",,http://www.posadasanvicente.net/,https://www.instagram.com/sanvicenteposada/,,,0
649,"TURISMO SAN RAFAEL E.V.T. - Turismo Emisivo. -",,,,"Entre Rios 1305 esq. Lisandro de la Torre – Ciudad",,,,,,0
650,"Hotel Alas- 1 Estrella",,26044227324437435,26044227324437435,"Comandante Salas 51 – Ciudad",http://www.alashotel.com.ar/elhotel.html,https://www.instagram.com/hotelalas/?hl=es,,,,0
651,"APROBAR ROTISERIA - Ciudad",,,,"Av. Balloffet  901 – Ciudad",,,https://www.facebook.com/Graciela.aprobaresto,,,0
652,"Casa Quinta Las Rosas – La Llave",,,,"San Martín y Bernardino Izuel – La Llave",http://www.casaquintalasrosas.com.ar/,,,,,0
653,"PIZZA MARCA (Pizzería) - Ciudad",,,,"Domicilio. Avda. San Martin 479 – Ciudad",,,,,,0
654,"Azalea Luxury Lodge – Las Paredes",,5492604571788,5492604571788,"Las Vírgenes 2882 – Las Paredes",http://www.azalea.com.ar,https://www.instagram.com/azalealuxurylodge/?hl=es,,,,0
655,"MURVILLE (Bodega / Espumantes) - Las Paredes",,5492604347435,5492604347435,"Av. Hipólito Yrigoyen 5814 – Las Paredes",http://www.murville.com,https://www.instagram.com/bodegamurville/?hl=es-la,https://www.facebook.com/bodega.murville,,,0
656,"BODEGA IACCARINI (Bodega) - Las Paredes",,,,"Calle Iaccarini  ex Sardini  – Las Paredes",https://www.bodegaiaccarini.com.ar/,https://www.instagram.com/bodega.iaccarini/?hl=es-la,https://www.facebook.com/BodegaIaccarini,,,0
657,"Cabañas San José – 1 Estrella – Cuadro Nacional",,5492604805927,5492604805927,"Los Ranqueles 120 – Cuadro Nacional",http://www.complejosanrafael.com.ar/,,,,,0
658,"AUKAN EXPEDICIONES - Excursiones Locales y Turismo Emisivo.",,,,"Avda. El Libertador 20 piso 3 of. 10 – Ciudad",http://www.aukanexpediciones.com/,,,,,0
659,"Cabañas Posada Del Angel- Valle Grande",,"8 – Valle Grande""",260154641782154605066,"""Ruta Prov. N  173 km 14",,http://www.posadasdelangel.com.ar/,https://www.instagram.com/posadasdelangelvallegrande/,,,0
660,"Cabañas Aitué- Valle Grande",,"1 – Valle Grande""",2604090644,"""Ruta Prov. 173 km 25",,http://www.complejoaitue.com.ar/,,,,0
661,"JEAN RIVIER(Bodega) - Las Paredes",,5492604232226,5492604232226,"Av. Hipólito Yrigoyen 2385 – Las Paredes",http://www.jeanrivier.com/,https://www.instagram.com/bodegajeanrivier/?hl=es-la,https://www.facebook.com/bodegajeanrivier,,,0
662,"ALTO LIMAY - Las Paredes",,"","","El Chañaral Nº 800 – Las Paredes",http://www.altolimaywines.com.ar,https://www.instagram.com/bodegaaltolimay/?hl=es-la,"",,,0
663,"PAPRIKA RESTAURANTE & EVENTOS - VALLE GRANDE",,2604624765,2604624765,"Ruta Provincial 173 km. 27600",https://paprikamendoza.ar/,,,,,0
664,"Hostel Sigrum",,,,"San Juan 155 – Ciudad",,https://www.instagram.com/sigrumhostel/?hl=es-la,,,,0
665,"Cabañas Los Nietos- Ciudad",,5492604655542,5492604655542,"Avenida  Vélez Sarsfield 1333 – Ciudad",,https://www.instagram.com/losnietoscabanas/,,,,0
666,"PARRILLA DE LA FINCA",,2604500166,2604500166,"Domicilio  Av. H. Yrigoyen 5501 – Las Paredes",,,,,,0
667,"Suter Petit Hotel – Las Paredes",,154808681,154808681,"Av. Hipolito Yrigoyen 3003 – Las Paredes",http://www.suterhotel.com.ar/,https://www.instagram.com/suter.petit.hotel/?hl=es,,,,0
668,"EL CABLE Restaurante - Parrilla",,2604577795,2604577795,"Ubicación  Ruta Provincial 175 – Rama Caída –  San Rafael",,https://www.instagram.com/elcablewakepark/,,,,0
669,"Hostel Amukan - Ciudad",,,,"Av. 9 de Julio 1336 – Ciudad",,https://www.instagram.com/amukangh/?hl=es-la,,,,0
670,"FAMILIA CAMARGO (Bodega / Espumantes) -Las Paredes",,260154681754,260154681754,"Domicilio  Calle Bertani Norte 1600 – Las Paredes",,https://www.instagram.com/familiacamargo_vinos.aceites/,,,,0
671,"Museo Posada Benelli - Las Paredes",,2604826030,2604826030,"Domicilio  Toledano norte 2960",,https://www.instagram.com/museoposadabenelli/,,,,0
672,"CABALGATAS SAN RAFAEL",,"0260 406-3688","","Carmona 1400, Mendoza, Argentina","","","",https://maps.google.com/?cid=11785984143316492603,0,0
673,"BODEGA CLANN MARANGI vinos de autor",,"Belgrano 863 – Cuadro Benegas",549260028125,Bodegas,"","",https://www.instagram.com/clannmarangi,,,0
674,"TABERNA MOSCU Coffee Bar - Ciudad",,2604396777,2604396777,"Pellegrini 153 – Ciudad",,https://www.instagram.com/moscu.sr/,,,,0
675,"Hotel Nuevo Mundo – 3 Estrellas",,5492604630087,5492604630087,"Av. Balloffet 725 – Ciudad",,https://www.instagram.com/hotelnuevomundo1503/?hl=es,,,,0
676,"CASINO TOWER - Ciudad",,,,"Avda. H. Yrigoyen 760 – Ciudad",https://www.towersanrafael.com/es/,,,,,0
677,"Alegría Apart - Ciudad de San Rafael",,"2604 53-2252","","Dirección  Belgrano 409 esquina Buenos Aires – Ciudad",http://www.alegriapart.com,https://www.instagram.com/alegria.apartsr/,https://www.facebook.com/alegriapart,,,0
678,"Apart Hotel Tierra Mora - Ciudad",,5491157002168,5491157002168,"Ameghino 350 – Ciudad",https://www.tierramora.com.ar/es/,,,,,0
679,"Cabañas La Palloza – Cuadro Benegas",,"5 – Cuadro Benegas""",261156057074,"""Ruta 144 km 672",,,https://www.instagram.com/complejolapalloza/,,,0
680,"TIERRA DEL VINO E.V.T. - Excursiones Locales",,260154311572,260154311572,"Av. San Martín 416 – Ciudad",http://www.tierradelvino.com.ar/,https://www.instagram.com/tierradelvinoexcursiones/,,,,0
681,"Finca La Encantada – Rama Caída",,,,"Los Olivos 900 – Rama Caída",http://www.fincalaencantada.com/,https://www.instagram.com/fincalaencantada/?hl=es,,,,0
682,"ZUIZA Helados & Café",,2604414071,2604414071,"Domicilio  Pellegrini 248 – Ciudad",,https://www.instagram.com/suizaheladeria/,,,,0
683,"Cabañas El Paraíso Del Valle – Valle Grande",,"km 18 – Valle Grande""",260154535442,"""Ruta Prov. 173",,https://www.instagram.com/elparaiso_delvalle/,https://www.instagram.com/elparaiso_delvalle/,,,0
684,"BRUTO Café- Ciudad",,2604663800,2604663800,"San Martin y Olascoaga – Ciudad",,https://www.instagram.com/bruto_panaderia/?hl=es,,,,0
685,"Cabañas Río Soñado – Valle Grande",," km 13","5 – Valle Grande""","""Ruta Prov. 173",,,http://www.cabanasriosoniado.com.ar/,,,0
686,"LA JARILLA HOSTEL",,2604567476,2604567476,"Ubicación  Av. San Martín 402 esq. Luzuriaga – Ciudad",,https://www.instagram.com/lajarillahostel/profilecard/?igsh=MWg1NmlydjNsdGM5Mg%3D%3D,https://www.facebook.com/profile.php?id=61560233292333&mibextid=ZbWKwL,,,0
687,"Cabañas El Eden – Las Paredes",,5492604597072,5492604597072,"El Toledano Sur 500 – Las Paredes",http://www.eledensanrafael.com.ar/,,,,,0
688,"RESTAURANTE LAZARO - Ciudad",,,,"Domicilio  Almafuerte 94 – Ciudad.",,,,,,0
689,"SANTAGUCHERIA - Sandwicheria",,,,"Domicilio  Av. H. Yrigoyen 2468   – Las Paredes",,https://www.instagram.com/santagucheria/,,,,0
690,"DILYS TOURS - Excursiones Locales y Turismo Emisivo.",,2604530327,2604530327,"Página Web  https   dilystours.paquetedinamico.com",https://dilystours.paquetedinamico.com/,,,,,0
691,"FINCA AMAKAIK -Viñedos - Bodega - Enoturismo",,1153349712,1153349712,"Domicilio   Calle Larga  5 y Rio Atuel – Cañada Seca – San Rafael",https://www.fincamakaik.com.ar/,https://www.instagram.com/amakaikvinos/,,,,0
692,"EL CAMINO DEL VINO - Wine Bar & Chill Out",,2604414300,2604414300,"Domicilio  Coronel Suárez 475- Ciudad de San Rafael",https://linktr.ee/elcaminodelvino?utm_source=linktree_profile_share,,,,,0
693,"JOKER VIAJES E.V.T.- Excursiones Locales",,,,"Los Franceses 25 -Ciudad",http://www.jokerviajes.com.ar/,https://www.instagram.com/jokerviajesevt/,,,,0
694,"BODEGA FOW & Restó - Cuadro Benegas",,5492604606882,5492604606882,"DOMICILIO  Calle Mercado 1405 – Cuadro Benegas",https://linktr.ee/fowines,https://www.instagram.com/fowines.fow/,,,,0
695,"Cabañas Jim-Yes – Rama Caída",,,,"Cubillos 5735 – Rama Caída",,,,,,0
696,"PORTAL DEL ATUEL (Restó) - Valle Grande - (1)",,,,"R. Prov. 173 km 35 -Valle Grande","http://: www.portaldelatuel.com.ar",,,,,0
697,"Hostel Nido - Ciudad",,2604222133,2604222133,"Cnel. Ricardo Day 111 – Ciudad",,https://www.instagram.com/nido_hostel/?hl=es-la,https://www.facebook.com/nidohostel,,,0
698,"RAWSON Bar",,2604352562,2604352562,"Instagram  Rawson Bar",,https://www.instagram.com/rawsonbar/?hl=es-la,,,,0
699,"Apart Hotel San Martín & Spa – 2 Estrellas",,5492604549057,5492604549057,"Avenida  San Martín 435  – Ciudad",http://www.sanmartinhotelspa.com/,https://www.instagram.com/hotelsanmartin_spa/,https://www.facebook.com/SanMartinHotelSpa/,,,0
700,"AILLANTU E.V.T. ",,"0260 443-8444","","Alsina 389 – Ciudad","",https://www.instagram.com/aillantu_viajes/,https://www.facebook.com/aillantu.viajes/,,1,0
701,"ALTO LIMAY - Las Paredes",,"","","El Chañaral Nº 800 – Las Paredes",http://www.altolimaywines.com.ar,https://www.instagram.com/bodegaaltolimay/?hl=es-la,"",,,0
702,"S&M Drinks - Ciudad",,,,"Av. Moreno y Belgrano – Ciudad",,,,,,0
703,"SABORES delicatessen",,"0260 458-3296",2604583296,"EUH, RN143 km 514, M5603 San Rafael, Mendoza, Argentina",http://www.saboresjucamar.com.ar/,"","",https://maps.google.com/?cid=4013459787224973988,1,0
704,"EL COYOTE - E.V.T. Excursiones Locales",,5492602604530508,5492602604530508,"Carlos W. Lencinas 51 Loc. 1  – Ciudad",https://elcoyoteviajesyturismo.tur.ar/,https://elcoyoteviajesyturismo.tur.ar/,,,,0
705,"Cabañas Altos De La Bodega – Rama Caída",,260154693148341156577265,260154693148341156577265,"La Bodega 250 – Rama Caída",http://www.altosdelabodega.com.ar/,https://www.instagram.com/altosdelabodega/,https://www.facebook.com/altosdelabodega.com.ar/,,,0
706,"Cabañas Camino al Valle- Rama Caída",,,,"Lucato 400- Rama Caída",,https://www.instagram.com/camino_al_valle/,https://www.facebook.com/Caminoalvalle,,,0
707,"CASINO TOWER - Ciudad",,,,"Avda. H. Yrigoyen 760 – Ciudad",https://www.towersanrafael.com/es/,,,,,0
708,"Hotel Rex - 1 estrella",,2604014779,2604014779,"Domicilio  Avda. Hipólito Yrigoyen 56",,https://www.instagram.com/hotel_rex2024/,,,,0
709,"MIKELINOS - Restaurante/Pizzeria",,2604427448,2604427448,"Domicilio  Entre Rios esq. Buchardo – Ciudad","",https://www.instagram.com/mikelinosoficial/,"",,,0
710,"Pizzas Trina",,"0260 456-9123","","Av. Ing. Julio Balloffet 1499, M5600 San Rafael, Mendoza, Argentina",https://www.instagram.com/pizzastrina,https://www.instagram.com/pizzastrina/,"",https://maps.google.com/?cid=9565920703065552362,0,0
711,"SR. CAFE (Café- Bar)",,2604429107,2604429107,"Domicilio  San Martín esq. H. Yrigoyen – Ciudad",,,https://www.facebook.com/Sr.cafeSR/?paipv=0&eav=Afak9LSFxaW4qatHySQ6zOMeujDbG4E1B7DmVbUmhh-PnurVg3MX3__cljWmgURHSPM&_rdr,,,0
712,"MI BAR - CITO ( Sandwichería- Bar)- Valle Grande",,"800 – Valle Grande""",,"""Ruta 173 km 17",,,https://www.instagram.com/mibarcitosr/,,,0
713,"Corbo Wine Bar - Ciudad",,,,"Domicilio  Av. Hipólito Yrigoyen 1600 – Ciudad",,https://www.instagram.com/corbo.winebar/,,,,0
714,"CEBO ANDINO (Restaurante) - Los Reyunos",,,,"R. Prov. 150 km. 30- Los Reyunos",,https://www.instagram.com/kaiketurismo/?hl=es-la,,,,0
715,"MIKELINO´S - Pizzería",,2604225441,2604225441,"Domicilio  Av. H. Yrigoyen 1663   -Ciudad",,https://www.instagram.com/mikelinosoficial/?hl=es,,,,0
716,"Hotel Regine- 2 Estrellas",,5492604531997,5492604531997,"Independencia 623 -Ciudad",http://www.hotelregine.com.ar,https://www.instagram.com/hotelregine/?hl=es,,,,0
717,"BENELLI CAFÉ -Museo Café - Ciudad san rafael",,2604446876,2604446876,"Domicilio  Avda. Balloffet 876 – Ciudad","","","",,,0
718,"BODEGA FAMILIA MORGAN (Bodega) – Las Paredes",,5492604118353,5492604118353,"El Tambo y Jensen – Las Paredes",https://familiamorgan.com.ar/,https://www.instagram.com/bodegafamiliamorgan/,,,,0
719,"ANTIDOTO GINTONERIA",,2604323232,2604323232,"Avda. Hipólito Yrigoyen Esq. Pueyrredón – Ciudad","",https://www.instagram.com/antidoto.gintoneria/?hl=es,https://www.facebook.com/antidoto.gintoneria,,,0
720,"Cabañas BET-EL - Rama Caída",,,,"El Moro 2505 – Rama Caída",,https://www.instagram.com/betelsanrafael/?hl=es-la,https://www.facebook.com/cabanasbetelsanrafael,,,1
721,"BODEGA BIANCHI (Bodega / Espumantes) - Las Paredes",,,,"R. Nac. 143 y Valentin Bianchi – Las Paredes",http://www.bodegasbianchi.com.ar,https://www.instagram.com/bodegasbianchi/?hl=es-la,https://www.facebook.com/BodegasBianchi,,,0
722,"Cabañas Del Sur- Rama Caída",,,,"Ejército de Los Andes 550",http://www.xn--cabaasdelsurmza-1qb.com.ar/,https://www.instagram.com/cabanas_del_sur/,,,,0
723,"La Finca Multiespacio - Ciudad",,5492604410548,5492604410548,"Patricias Mendocinas 2133 – Ciudad",https://www.lafinca.com.ar/,https://www.instagram.com/cabanaslafincamultiespacio/,,,,0
724,"ORIGEN (Restó - Casa de Té – Bar)",,2604649806,2604649806,"Domicilio  Cubillos 3.201  – Rama Caída",,https://www.instagram.com/origen_ramacaida/?hl=es,,,,0
725,"Cabañas Del Cerro – Valle Grande",," km 17","9 – Valle Grande""","""Ruta Prov. 173",,,http://www.complejodelcerro.com/,,,0
726,"GRIDO Helados",,,,"Domicilio  Av. Moreno 47 – Ciudad",,https://www.instagram.com/gridomoreno.sr/,,,,0
727,"BONAFIDE Cereales (Café) - Cuadro Nacional",,,,"Av. Mitre 3001 – Cuadro Nacional",,https://www.instagram.com/bonafide.sanrafael/?hl=es-la,,,,0
728,"ZEQUECH RESTAURANTE - Valle Grande",,,,"R. Prov. 173 km 22  – Valle Grande",,https://www.instagram.com/zequech_resto_bar/,,,,0
729,"FINCA EL NEVADO (Bodega) - Rama Caída",,5492604051563,5492604051563,"Cubillos 2000 – Rama Caída",http://www.fincaelnevado.com,https://www.instagram.com/bodegafincaelnevado/?hl=es-la,https://www.facebook.com/Bodega-Finca-El-Nevado-239465196492754,,,0
730,"Pizzas Trina",,"0260 456-9123","","Av. Ing. Julio Balloffet 1499, M5600 San Rafael, Mendoza, Argentina",https://www.instagram.com/pizzastrina,https://www.instagram.com/pizzastrina/,"",https://maps.google.com/?cid=9565920703065552362,0,0
731,"CHEZ GASTON RESTAURANTE - Cuadro Benegas ( 1)",,,,"R. Nac. 144 km. 674-Cuadro Benegas",https://www.algodonhotels.com/wineestates/,,,,,0
732,"MARY Lomitos",,"0260 443-2990","","Las Aucas 1826, M5600 San Rafael, Mendoza, Argentina",https://pedidos.masdelivery.com/mary-lomitos,https://www.instagram.com/marylomitos/,"",https://maps.google.com/?cid=17189454009944389488,0,0
733,"JOSSELIN Heladería",,2604424809,2604424809,"Domicilio  Av. San Martín 85 – Ciudad",,https://www.instagram.com/josselinheladeria/?hl=es,,,,0
734,"Cabañas Postal de los Cerros Finca – Rama Caída",,1131242100,1131242100,"La Bodega 789 – Rama Caída",http://www.postaldeloscerros.com.ar/,https://www.instagram.com/postaldeloscerros/,,,,0
735,"LLAMATIVO Resto /Bar -Cañada Seca",,2604405557,2604405557,"Domicilio  Ruta 143 El Tropezón",,https://www.instagram.com/llamativorestobar/?hl=es-la,https://www.facebook.com/p/Llamativo-Resto-Bar-100083025745805/,,,0
736,"LA BARRA (Bar- Café) - Valle Grande",,,,"Base Lago Valle Grande",,,https://www.facebook.com/portaldelatuelsanrafael/,,,0
737,"MANO NEGRA (Resto Bar)",,2604010510,2604010510,"Domicilio  Lago chico Valle Grande  antes de subir caracoles a la derecha",,,,,,0
738,"EL VIEJO BODEGON - (Restó) - Las Paredes",,2604550000,2604550000,"Domicilio  Avda. Hipólito Yrigoyen 2299 – Las Paredes",https://www.elviejobodegonsr.com/?fbclid=IwY2xjawFo9HZleHRuA2FlbQIxMAABHYf3IVowPVwcjavItqOTCofyS7UIdGAieEM5xAVeWp5FIsWSLh4ccW1RGQ_aem_xysWOVaEKZysqctxF_0s5g,https://www.instagram.com/elviejobodegonsr/,https://www.facebook.com/elviejobodegonsanrafael,,,0
739,ALLOLIO,,"0260 453-0812","","Papa Juan XXIII N° 1820, M5600 San Rafael, Mendoza, Argentina",https://www.olivicolallolio.com/,"","",https://maps.google.com/?cid=12748198049880920152,0,0
740,"INTI- CO(Restó) -Los Reyunos",,260154563767,260154563767,"Club de Náutica y Pesca –  Los Reyunos",,https://www.instagram.com/inticolosreyunos/,,,,0
741,"CHAKANA Bar (Café -Bar) - Valle Grande",,,,"Ruta Prov. 173 km 20 – Valle Grande",http://www.saintjosephweb.com.ar/,,,,,0
742,"Cabañas El Chañar – 1 Estrella – Cuadro Benegas",,,,"El Moro 4623 – Cuadro Benegas",http://www.xn--cabaaselchaar-lkbh.com.ar/,,https://www.facebook.com/cabaniaselchaniar.com.ar/,,,1
743,"MIKELINOS - Restaurante/Pizzeria",,2604427448,2604427448,"Domicilio  Entre Rios esq. Buchardo – Ciudad","",https://www.instagram.com/mikelinosoficial/,"",,,0
744,"MAJAL SUSHI - Ciudad",,"","","Los Franceses 25 – Ciudad",https://majalsushi.com.ar/,https://www.instagram.com/majalsushi/,"",,,0
745,"Apart Hotel Villa María Florales - Cuadro Benegas",,5492604597703,5492604597703,"Ruta Nacional 144 km 665 – Cuadro Benegas",http://www.mariaflorales.com.ar/,https://www.instagram.com/complejo_mariaflorales/,,,,0
746,"LA DELICIA BULEVARD - Ciudad",,"","","H. Yrigoyen 1594 – Ciudad",https://ladeliciaboulevard.com.ar,https://www.instagram.com/ladeliciadelboulevard/,https://www.facebook.com/ladeliciadelboulevard,,,0
747,"BAKO Café - Restó - Valle Grande",,"5 Valle Grande"," San Rafael.""","""Domicilio    Ruta 173 Km 14",,,,,,0
748,"VENAMI (Café)- Ciudad",,,,"Maza y E. Civit  – Ciudad",,,,,,0
749,"BIER 26 (Cervecería - Minutas) - Rama Caída",,2604607472,2604607472,"Domicilio  Cubillos 7864 – Rama Caída",,https://www.instagram.com/bier.26/,,,,0
750,"BARRICAS BODEGON MENDOCINO - Parrilla",,2604126964,2604126964,"Domicilio  Avda. Hipólito Yrigoyen 4041 – Las Paredes",,https://www.instagram.com/barricasbodegonmendocino/,,,,0
751,"CANTINA A GO GO - Ciudad",,260154108487,260154108487,"Avda. San Martín y Chile – Ciudad",,https://www.instagram.com/cantinaagogo/?hl=es,https://www.facebook.com/CantinaaGoGo,,,0
752,"Cabañas La Posta Del Cholo – Valle Grande",," km 24 – Valle Grande""",,"""Ruta Prov. 173",,,https://www.instagram.com/postadelcholo/?hl=es,,,0
753,"Cabañas Malbec – Las Paredes",,5492604623691,5492604623691,"Jensen 115  – Las Paredes",,,,,,0
754,"Cabañas Ayres de Cuyo – Las Paredes",,54901169483112,54901169483112,"Bianchi 1000 – Las Paredes",http://www.ayresdecuyo.com/,https://www.instagram.com/ayresdecuyo/,,,,0
755,"RINCON DEL VALLE (Restó-Bar) - Valle Grande",,"5 – Valle Grande""",,"""R. Prov. 173 km 24",,http://www.rincondelvallecab.com.ar/,https://www.instagram.com/restorincondelvalle/,,,0
756,"ROCA (Bodega)- Cañada Seca",,5492604590430,5492604590430,"R. Prov. 165 – La Pichana – Cañada Seca",http://www.rocawines.com,https://www.instagram.com/alfredo.rocawines/?hl=es-la,https://www.facebook.com/BodegaAlfredoRoca,,,0
757,"BOMBASTICK San Rafael - Burger-Bar",,2604604343,2604604343,"Domicilio  Av. H. Yrigoyen 2.451 – Las Paredes",,https://www.instagram.com/bombastick.sanrafael/,,,,0
758,"WAMAI E.V.T. - Turismo Emisivo.",,260154614567,260154614567,"Chile 755 – Ciudad",http://www.wamaiviajes.tur.ar/index.html,https://www.instagram.com/wamaiviajes/,,,,0
759,"CAÑON DEL ATUEL- E.V.T. Turismo Emisivo",,,,"Av. San Martín 325 – Ciudad",,,,,,0
760,"GRIDO Helados",,,,"Domicilio  Av. Moreno 47 – Ciudad",,https://www.instagram.com/gridomoreno.sr/,,,,0
763,"AL MUNDO San Rafael- (Franquicia)-Turismo Emisivo",,"0810-220-1031 ext. 100","","Av. H. Yrigoyen 1799",https://almundo.com.ar/,"","",,,0
766,"BODEGA CLANN MARANGI vinos de autor",,"Belgrano 863 – Cuadro Benegas",549260028125,Bodegas,"","",https://www.instagram.com/clannmarangi,,,0
769,"Rafting en San Rafael - Taccu Aventura",,"0260 440-5176","","ruta 173 km 20800 Valle Grande, M5603 San Rafael, Mendoza, Argentina",http://www.taccuaventura.com/,"","",https://maps.google.com/?cid=14003682689555571223,0,0
788,"AGATA VIAJES- E.V.T. - San Rafael",,"","","","","","",,1,0
798,"AFTER HOUSE - Minutas - Hamburguesas",,"","","","","","",,1,1
799,"AILLANTU E.V.T. ",,"0260 443-8444","","Alsina 389 – Ciudad","",https://www.instagram.com/aillantu_viajes/,https://www.facebook.com/aillantu.viajes/,,1,0
