"Teléfono","Nombre","Categoría","Mensaje Texto","Link Directo WhatsApp"
"5492604545545","LA ALICIA (Restaurante & Hotel de campo)","Gastronomía","¡Hola Propietarios de *LA ALICIA (Restaurante & Hotel de campo)*! 👋

Somos del equipo de *San Rafael 360*. Somos la guía local de San Rafael. Vimos que su rubro es *Gastronomía* y estamos armando el directorio digital más completo de la ciudad.

Los invitamos a revisar vuestro perfil y cualquier otro que quieran consultar para que vean los distintos formatos que ofrecemos.

👉 Pueden verlo:
Ingresando en www.sanrafael360.com o si tienes celular con Android descargando la app de Play Store https://play.google.com/store/apps/details?id=com.sanrafael360.www.twa

Contratando el plan PREMIUM por $25.000 el trimestre y si eliges el pago anual con un 20% de descuento abonas solamente $80.000. 

Por este plan acceden a cargar una galería completa de fotos, videos, ubicación al instante con Google Maps, links a redes sociales, WhatsApp y más.

Si les interesa participar pueden responder a este mismo mensaje de WhatsApp.","https://wa.me/5492604545545?text=%C2%A1Hola%20Propietarios%20de%20*LA%20ALICIA%20(Restaurante%20%26%20Hotel%20de%20campo)*!%20%F0%9F%91%8B%0A%0ASomos%20del%20equipo%20de%20*San%20Rafael%20360*.%20Somos%20la%20gu%C3%ADa%20local%20de%20San%20Rafael.%20Vimos%20que%20su%20rubro%20es%20*Gastronom%C3%ADa*%20y%20estamos%20armando%20el%20directorio%20digital%20m%C3%A1s%20completo%20de%20la%20ciudad.%0A%0ALos%20invitamos%20a%20revisar%20vuestro%20perfil%20y%20cualquier%20otro%20que%20quieran%20consultar%20para%20que%20vean%20los%20distintos%20formatos%20que%20ofrecemos.%0A%0A%F0%9F%91%89%20Pueden%20verlo%3A%0AIngresando%20en%20www.sanrafael360.com%20o%20si%20tienes%20celular%20con%20Android%20descargando%20la%20app%20de%20Play%20Store%20https%3A%2F%2Fplay.google.com%2Fstore%2Fapps%2Fdetails%3Fid%3Dcom.sanrafael360.www.twa%0A%0AContratando%20el%20plan%20PREMIUM%20por%20%2425.000%20el%20trimestre%20y%20si%20eliges%20el%20pago%20anual%20con%20un%2020%25%20de%20descuento%20abonas%20solamente%20%2480.000.%20%0A%0APor%20este%20plan%20acceden%20a%20cargar%20una%20galer%C3%ADa%20completa%20de%20fotos%2C%20videos%2C%20ubicaci%C3%B3n%20al%20instante%20con%20Google%20Maps%2C%20links%20a%20redes%20sociales%2C%20WhatsApp%20y%20m%C3%A1s.%0A%0ASi%20les%20interesa%20participar%20pueden%20responder%20a%20este%20mismo%20mensaje%20de%20WhatsApp."
"5492604429107","SR. CAFE (Café- Bar)","Gastronomía","¡Hola Propietarios de *SR. CAFE (Café- Bar)*! 👋

Somos del equipo de *San Rafael 360*. Somos la guía local de San Rafael. Vimos que su rubro es *Gastronomía* y estamos armando el directorio digital más completo de la ciudad.

Los invitamos a revisar vuestro perfil y cualquier otro que quieran consultar para que vean los distintos formatos que ofrecemos.

👉 Pueden verlo:
Ingresando en www.sanrafael360.com o si tienes celular con Android descargando la app de Play Store https://play.google.com/store/apps/details?id=com.sanrafael360.www.twa

Contratando el plan PREMIUM por $25.000 el trimestre y si eliges el pago anual con un 20% de descuento abonas solamente $80.000. 

Por este plan acceden a cargar una galería completa de fotos, videos, ubicación al instante con Google Maps, links a redes sociales, WhatsApp y más.

Si les interesa participar pueden responder a este mismo mensaje de WhatsApp.","https://wa.me/5492604429107?text=%C2%A1Hola%20Propietarios%20de%20*SR.%20CAFE%20(Caf%C3%A9-%20Bar)*!%20%F0%9F%91%8B%0A%0ASomos%20del%20equipo%20de%20*San%20Rafael%20360*.%20Somos%20la%20gu%C3%ADa%20local%20de%20San%20Rafael.%20Vimos%20que%20su%20rubro%20es%20*Gastronom%C3%ADa*%20y%20estamos%20armando%20el%20directorio%20digital%20m%C3%A1s%20completo%20de%20la%20ciudad.%0A%0ALos%20invitamos%20a%20revisar%20vuestro%20perfil%20y%20cualquier%20otro%20que%20quieran%20consultar%20para%20que%20vean%20los%20distintos%20formatos%20que%20ofrecemos.%0A%0A%F0%9F%91%89%20Pueden%20verlo%3A%0AIngresando%20en%20www.sanrafael360.com%20o%20si%20tienes%20celular%20con%20Android%20descargando%20la%20app%20de%20Play%20Store%20https%3A%2F%2Fplay.google.com%2Fstore%2Fapps%2Fdetails%3Fid%3Dcom.sanrafael360.www.twa%0A%0AContratando%20el%20plan%20PREMIUM%20por%20%2425.000%20el%20trimestre%20y%20si%20eliges%20el%20pago%20anual%20con%20un%2020%25%20de%20descuento%20abonas%20solamente%20%2480.000.%20%0A%0APor%20este%20plan%20acceden%20a%20cargar%20una%20galer%C3%ADa%20completa%20de%20fotos%2C%20videos%2C%20ubicaci%C3%B3n%20al%20instante%20con%20Google%20Maps%2C%20links%20a%20redes%20sociales%2C%20WhatsApp%20y%20m%C3%A1s.%0A%0ASi%20les%20interesa%20participar%20pueden%20responder%20a%20este%20mismo%20mensaje%20de%20WhatsApp."
"5492604422016","LA DELICIA Helados Artesanales","Gastronomía","¡Hola Propietarios de *LA DELICIA Helados Artesanales*! 👋

Somos del equipo de *San Rafael 360*. Somos la guía local de San Rafael. Vimos que su rubro es *Gastronomía* y estamos armando el directorio digital más completo de la ciudad.

Los invitamos a revisar vuestro perfil y cualquier otro que quieran consultar para que vean los distintos formatos que ofrecemos.

👉 Pueden verlo:
Ingresando en www.sanrafael360.com o si tienes celular con Android descargando la app de Play Store https://play.google.com/store/apps/details?id=com.sanrafael360.www.twa

Contratando el plan PREMIUM por $25.000 el trimestre y si eliges el pago anual con un 20% de descuento abonas solamente $80.000. 

Por este plan acceden a cargar una galería completa de fotos, videos, ubicación al instante con Google Maps, links a redes sociales, WhatsApp y más.

Si les interesa participar pueden responder a este mismo mensaje de WhatsApp.","https://wa.me/5492604422016?text=%C2%A1Hola%20Propietarios%20de%20*LA%20DELICIA%20Helados%20Artesanales*!%20%F0%9F%91%8B%0A%0ASomos%20del%20equipo%20de%20*San%20Rafael%20360*.%20Somos%20la%20gu%C3%ADa%20local%20de%20San%20Rafael.%20Vimos%20que%20su%20rubro%20es%20*Gastronom%C3%ADa*%20y%20estamos%20armando%20el%20directorio%20digital%20m%C3%A1s%20completo%20de%20la%20ciudad.%0A%0ALos%20invitamos%20a%20revisar%20vuestro%20perfil%20y%20cualquier%20otro%20que%20quieran%20consultar%20para%20que%20vean%20los%20distintos%20formatos%20que%20ofrecemos.%0A%0A%F0%9F%91%89%20Pueden%20verlo%3A%0AIngresando%20en%20www.sanrafael360.com%20o%20si%20tienes%20celular%20con%20Android%20descargando%20la%20app%20de%20Play%20Store%20https%3A%2F%2Fplay.google.com%2Fstore%2Fapps%2Fdetails%3Fid%3Dcom.sanrafael360.www.twa%0A%0AContratando%20el%20plan%20PREMIUM%20por%20%2425.000%20el%20trimestre%20y%20si%20eliges%20el%20pago%20anual%20con%20un%2020%25%20de%20descuento%20abonas%20solamente%20%2480.000.%20%0A%0APor%20este%20plan%20acceden%20a%20cargar%20una%20galer%C3%ADa%20completa%20de%20fotos%2C%20videos%2C%20ubicaci%C3%B3n%20al%20instante%20con%20Google%20Maps%2C%20links%20a%20redes%20sociales%2C%20WhatsApp%20y%20m%C3%A1s.%0A%0ASi%20les%20interesa%20participar%20pueden%20responder%20a%20este%20mismo%20mensaje%20de%20WhatsApp."
"5492604126964","BARRICAS BODEGON MENDOCINO - Parrilla","Gastronomía","¡Hola Propietarios de *BARRICAS BODEGON MENDOCINO - Parrilla*! 👋

Somos del equipo de *San Rafael 360*. Somos la guía local de San Rafael. Vimos que su rubro es *Gastronomía* y estamos armando el directorio digital más completo de la ciudad.

Los invitamos a revisar vuestro perfil y cualquier otro que quieran consultar para que vean los distintos formatos que ofrecemos.

👉 Pueden verlo:
Ingresando en www.sanrafael360.com o si tienes celular con Android descargando la app de Play Store https://play.google.com/store/apps/details?id=com.sanrafael360.www.twa

Contratando el plan PREMIUM por $25.000 el trimestre y si eliges el pago anual con un 20% de descuento abonas solamente $80.000. 

Por este plan acceden a cargar una galería completa de fotos, videos, ubicación al instante con Google Maps, links a redes sociales, WhatsApp y más.

Si les interesa participar pueden responder a este mismo mensaje de WhatsApp.","https://wa.me/5492604126964?text=%C2%A1Hola%20Propietarios%20de%20*BARRICAS%20BODEGON%20MENDOCINO%20-%20Parrilla*!%20%F0%9F%91%8B%0A%0ASomos%20del%20equipo%20de%20*San%20Rafael%20360*.%20Somos%20la%20gu%C3%ADa%20local%20de%20San%20Rafael.%20Vimos%20que%20su%20rubro%20es%20*Gastronom%C3%ADa*%20y%20estamos%20armando%20el%20directorio%20digital%20m%C3%A1s%20completo%20de%20la%20ciudad.%0A%0ALos%20invitamos%20a%20revisar%20vuestro%20perfil%20y%20cualquier%20otro%20que%20quieran%20consultar%20para%20que%20vean%20los%20distintos%20formatos%20que%20ofrecemos.%0A%0A%F0%9F%91%89%20Pueden%20verlo%3A%0AIngresando%20en%20www.sanrafael360.com%20o%20si%20tienes%20celular%20con%20Android%20descargando%20la%20app%20de%20Play%20Store%20https%3A%2F%2Fplay.google.com%2Fstore%2Fapps%2Fdetails%3Fid%3Dcom.sanrafael360.www.twa%0A%0AContratando%20el%20plan%20PREMIUM%20por%20%2425.000%20el%20trimestre%20y%20si%20eliges%20el%20pago%20anual%20con%20un%2020%25%20de%20descuento%20abonas%20solamente%20%2480.000.%20%0A%0APor%20este%20plan%20acceden%20a%20cargar%20una%20galer%C3%ADa%20completa%20de%20fotos%2C%20videos%2C%20ubicaci%C3%B3n%20al%20instante%20con%20Google%20Maps%2C%20links%20a%20redes%20sociales%2C%20WhatsApp%20y%20m%C3%A1s.%0A%0ASi%20les%20interesa%20participar%20pueden%20responder%20a%20este%20mismo%20mensaje%20de%20WhatsApp."
"5492604430047","Hotel Kalton – 3 Estrellas","Hoteles","¡Hola Propietarios de *Hotel Kalton – 3 Estrellas*! 👋

Somos del equipo de *San Rafael 360*. Somos la guía local de San Rafael. Vimos que su rubro es *Hoteles* y estamos armando el directorio digital más completo de la ciudad.

Los invitamos a revisar vuestro perfil y cualquier otro que quieran consultar para que vean los distintos formatos que ofrecemos.

👉 Pueden verlo:
Ingresando en www.sanrafael360.com o si tienes celular con Android descargando la app de Play Store https://play.google.com/store/apps/details?id=com.sanrafael360.www.twa

Contratando el plan PREMIUM por $25.000 el trimestre y si eliges el pago anual con un 20% de descuento abonas solamente $80.000. 

Por este plan acceden a cargar una galería completa de fotos, videos, ubicación al instante con Google Maps, links a redes sociales, WhatsApp y más.

Si les interesa participar pueden responder a este mismo mensaje de WhatsApp.","https://wa.me/5492604430047?text=%C2%A1Hola%20Propietarios%20de%20*Hotel%20Kalton%20%E2%80%93%203%20Estrellas*!%20%F0%9F%91%8B%0A%0ASomos%20del%20equipo%20de%20*San%20Rafael%20360*.%20Somos%20la%20gu%C3%ADa%20local%20de%20San%20Rafael.%20Vimos%20que%20su%20rubro%20es%20*Hoteles*%20y%20estamos%20armando%20el%20directorio%20digital%20m%C3%A1s%20completo%20de%20la%20ciudad.%0A%0ALos%20invitamos%20a%20revisar%20vuestro%20perfil%20y%20cualquier%20otro%20que%20quieran%20consultar%20para%20que%20vean%20los%20distintos%20formatos%20que%20ofrecemos.%0A%0A%F0%9F%91%89%20Pueden%20verlo%3A%0AIngresando%20en%20www.sanrafael360.com%20o%20si%20tienes%20celular%20con%20Android%20descargando%20la%20app%20de%20Play%20Store%20https%3A%2F%2Fplay.google.com%2Fstore%2Fapps%2Fdetails%3Fid%3Dcom.sanrafael360.www.twa%0A%0AContratando%20el%20plan%20PREMIUM%20por%20%2425.000%20el%20trimestre%20y%20si%20eliges%20el%20pago%20anual%20con%20un%2020%25%20de%20descuento%20abonas%20solamente%20%2480.000.%20%0A%0APor%20este%20plan%20acceden%20a%20cargar%20una%20galer%C3%ADa%20completa%20de%20fotos%2C%20videos%2C%20ubicaci%C3%B3n%20al%20instante%20con%20Google%20Maps%2C%20links%20a%20redes%20sociales%2C%20WhatsApp%20y%20m%C3%A1s.%0A%0ASi%20les%20interesa%20participar%20pueden%20responder%20a%20este%20mismo%20mensaje%20de%20WhatsApp."
"5492604422732","Hotel Alas- 1 Estrella","Hoteles","¡Hola Propietarios de *Hotel Alas- 1 Estrella*! 👋

Somos del equipo de *San Rafael 360*. Somos la guía local de San Rafael. Vimos que su rubro es *Hoteles* y estamos armando el directorio digital más completo de la ciudad.

Los invitamos a revisar vuestro perfil y cualquier otro que quieran consultar para que vean los distintos formatos que ofrecemos.

👉 Pueden verlo:
Ingresando en www.sanrafael360.com o si tienes celular con Android descargando la app de Play Store https://play.google.com/store/apps/details?id=com.sanrafael360.www.twa

Contratando el plan PREMIUM por $25.000 el trimestre y si eliges el pago anual con un 20% de descuento abonas solamente $80.000. 

Por este plan acceden a cargar una galería completa de fotos, videos, ubicación al instante con Google Maps, links a redes sociales, WhatsApp y más.

Si les interesa participar pueden responder a este mismo mensaje de WhatsApp.","https://wa.me/5492604422732?text=%C2%A1Hola%20Propietarios%20de%20*Hotel%20Alas-%201%20Estrella*!%20%F0%9F%91%8B%0A%0ASomos%20del%20equipo%20de%20*San%20Rafael%20360*.%20Somos%20la%20gu%C3%ADa%20local%20de%20San%20Rafael.%20Vimos%20que%20su%20rubro%20es%20*Hoteles*%20y%20estamos%20armando%20el%20directorio%20digital%20m%C3%A1s%20completo%20de%20la%20ciudad.%0A%0ALos%20invitamos%20a%20revisar%20vuestro%20perfil%20y%20cualquier%20otro%20que%20quieran%20consultar%20para%20que%20vean%20los%20distintos%20formatos%20que%20ofrecemos.%0A%0A%F0%9F%91%89%20Pueden%20verlo%3A%0AIngresando%20en%20www.sanrafael360.com%20o%20si%20tienes%20celular%20con%20Android%20descargando%20la%20app%20de%20Play%20Store%20https%3A%2F%2Fplay.google.com%2Fstore%2Fapps%2Fdetails%3Fid%3Dcom.sanrafael360.www.twa%0A%0AContratando%20el%20plan%20PREMIUM%20por%20%2425.000%20el%20trimestre%20y%20si%20eliges%20el%20pago%20anual%20con%20un%2020%25%20de%20descuento%20abonas%20solamente%20%2480.000.%20%0A%0APor%20este%20plan%20acceden%20a%20cargar%20una%20galer%C3%ADa%20completa%20de%20fotos%2C%20videos%2C%20ubicaci%C3%B3n%20al%20instante%20con%20Google%20Maps%2C%20links%20a%20redes%20sociales%2C%20WhatsApp%20y%20m%C3%A1s.%0A%0ASi%20les%20interesa%20participar%20pueden%20responder%20a%20este%20mismo%20mensaje%20de%20WhatsApp."
"5492604670625","Cabañas Expoarte -Las Paredes","Cabañas","¡Hola Propietarios de *Cabañas Expoarte -Las Paredes*! 👋

Somos del equipo de *San Rafael 360*. Somos la guía local de San Rafael. Vimos que su rubro es *Cabañas* y estamos armando el directorio digital más completo de la ciudad.

Los invitamos a revisar vuestro perfil y cualquier otro que quieran consultar para que vean los distintos formatos que ofrecemos.

👉 Pueden verlo:
Ingresando en www.sanrafael360.com o si tienes celular con Android descargando la app de Play Store https://play.google.com/store/apps/details?id=com.sanrafael360.www.twa

Contratando el plan PREMIUM por $25.000 el trimestre y si eliges el pago anual con un 20% de descuento abonas solamente $80.000. 

Por este plan acceden a cargar una galería completa de fotos, videos, ubicación al instante con Google Maps, links a redes sociales, WhatsApp y más.

Si les interesa participar pueden responder a este mismo mensaje de WhatsApp.","https://wa.me/5492604670625?text=%C2%A1Hola%20Propietarios%20de%20*Caba%C3%B1as%20Expoarte%20-Las%20Paredes*!%20%F0%9F%91%8B%0A%0ASomos%20del%20equipo%20de%20*San%20Rafael%20360*.%20Somos%20la%20gu%C3%ADa%20local%20de%20San%20Rafael.%20Vimos%20que%20su%20rubro%20es%20*Caba%C3%B1as*%20y%20estamos%20armando%20el%20directorio%20digital%20m%C3%A1s%20completo%20de%20la%20ciudad.%0A%0ALos%20invitamos%20a%20revisar%20vuestro%20perfil%20y%20cualquier%20otro%20que%20quieran%20consultar%20para%20que%20vean%20los%20distintos%20formatos%20que%20ofrecemos.%0A%0A%F0%9F%91%89%20Pueden%20verlo%3A%0AIngresando%20en%20www.sanrafael360.com%20o%20si%20tienes%20celular%20con%20Android%20descargando%20la%20app%20de%20Play%20Store%20https%3A%2F%2Fplay.google.com%2Fstore%2Fapps%2Fdetails%3Fid%3Dcom.sanrafael360.www.twa%0A%0AContratando%20el%20plan%20PREMIUM%20por%20%2425.000%20el%20trimestre%20y%20si%20eliges%20el%20pago%20anual%20con%20un%2020%25%20de%20descuento%20abonas%20solamente%20%2480.000.%20%0A%0APor%20este%20plan%20acceden%20a%20cargar%20una%20galer%C3%ADa%20completa%20de%20fotos%2C%20videos%2C%20ubicaci%C3%B3n%20al%20instante%20con%20Google%20Maps%2C%20links%20a%20redes%20sociales%2C%20WhatsApp%20y%20m%C3%A1s.%0A%0ASi%20les%20interesa%20participar%20pueden%20responder%20a%20este%20mismo%20mensaje%20de%20WhatsApp."
"5492604317897","SABORES DE MI PUEBLO - Villa 25 de Mayo","Gastronomía","¡Hola Propietarios de *SABORES DE MI PUEBLO - Villa 25 de Mayo*! 👋

Somos del equipo de *San Rafael 360*. Somos la guía local de San Rafael. Vimos que su rubro es *Gastronomía* y estamos armando el directorio digital más completo de la ciudad.

Los invitamos a revisar vuestro perfil y cualquier otro que quieran consultar para que vean los distintos formatos que ofrecemos.

👉 Pueden verlo:
Ingresando en www.sanrafael360.com o si tienes celular con Android descargando la app de Play Store https://play.google.com/store/apps/details?id=com.sanrafael360.www.twa

Contratando el plan PREMIUM por $25.000 el trimestre y si eliges el pago anual con un 20% de descuento abonas solamente $80.000. 

Por este plan acceden a cargar una galería completa de fotos, videos, ubicación al instante con Google Maps, links a redes sociales, WhatsApp y más.

Si les interesa participar pueden responder a este mismo mensaje de WhatsApp.","https://wa.me/5492604317897?text=%C2%A1Hola%20Propietarios%20de%20*SABORES%20DE%20MI%20PUEBLO%20-%20Villa%2025%20de%20Mayo*!%20%F0%9F%91%8B%0A%0ASomos%20del%20equipo%20de%20*San%20Rafael%20360*.%20Somos%20la%20gu%C3%ADa%20local%20de%20San%20Rafael.%20Vimos%20que%20su%20rubro%20es%20*Gastronom%C3%ADa*%20y%20estamos%20armando%20el%20directorio%20digital%20m%C3%A1s%20completo%20de%20la%20ciudad.%0A%0ALos%20invitamos%20a%20revisar%20vuestro%20perfil%20y%20cualquier%20otro%20que%20quieran%20consultar%20para%20que%20vean%20los%20distintos%20formatos%20que%20ofrecemos.%0A%0A%F0%9F%91%89%20Pueden%20verlo%3A%0AIngresando%20en%20www.sanrafael360.com%20o%20si%20tienes%20celular%20con%20Android%20descargando%20la%20app%20de%20Play%20Store%20https%3A%2F%2Fplay.google.com%2Fstore%2Fapps%2Fdetails%3Fid%3Dcom.sanrafael360.www.twa%0A%0AContratando%20el%20plan%20PREMIUM%20por%20%2425.000%20el%20trimestre%20y%20si%20eliges%20el%20pago%20anual%20con%20un%2020%25%20de%20descuento%20abonas%20solamente%20%2480.000.%20%0A%0APor%20este%20plan%20acceden%20a%20cargar%20una%20galer%C3%ADa%20completa%20de%20fotos%2C%20videos%2C%20ubicaci%C3%B3n%20al%20instante%20con%20Google%20Maps%2C%20links%20a%20redes%20sociales%2C%20WhatsApp%20y%20m%C3%A1s.%0A%0ASi%20les%20interesa%20participar%20pueden%20responder%20a%20este%20mismo%20mensaje%20de%20WhatsApp."
"5492604429351","Hotel Francia - Ciudad","Hoteles","¡Hola Propietarios de *Hotel Francia - Ciudad*! 👋

Somos del equipo de *San Rafael 360*. Somos la guía local de San Rafael. Vimos que su rubro es *Hoteles* y estamos armando el directorio digital más completo de la ciudad.

Los invitamos a revisar vuestro perfil y cualquier otro que quieran consultar para que vean los distintos formatos que ofrecemos.

👉 Pueden verlo:
Ingresando en www.sanrafael360.com o si tienes celular con Android descargando la app de Play Store https://play.google.com/store/apps/details?id=com.sanrafael360.www.twa

Contratando el plan PREMIUM por $25.000 el trimestre y si eliges el pago anual con un 20% de descuento abonas solamente $80.000. 

Por este plan acceden a cargar una galería completa de fotos, videos, ubicación al instante con Google Maps, links a redes sociales, WhatsApp y más.

Si les interesa participar pueden responder a este mismo mensaje de WhatsApp.","https://wa.me/5492604429351?text=%C2%A1Hola%20Propietarios%20de%20*Hotel%20Francia%20-%20Ciudad*!%20%F0%9F%91%8B%0A%0ASomos%20del%20equipo%20de%20*San%20Rafael%20360*.%20Somos%20la%20gu%C3%ADa%20local%20de%20San%20Rafael.%20Vimos%20que%20su%20rubro%20es%20*Hoteles*%20y%20estamos%20armando%20el%20directorio%20digital%20m%C3%A1s%20completo%20de%20la%20ciudad.%0A%0ALos%20invitamos%20a%20revisar%20vuestro%20perfil%20y%20cualquier%20otro%20que%20quieran%20consultar%20para%20que%20vean%20los%20distintos%20formatos%20que%20ofrecemos.%0A%0A%F0%9F%91%89%20Pueden%20verlo%3A%0AIngresando%20en%20www.sanrafael360.com%20o%20si%20tienes%20celular%20con%20Android%20descargando%20la%20app%20de%20Play%20Store%20https%3A%2F%2Fplay.google.com%2Fstore%2Fapps%2Fdetails%3Fid%3Dcom.sanrafael360.www.twa%0A%0AContratando%20el%20plan%20PREMIUM%20por%20%2425.000%20el%20trimestre%20y%20si%20eliges%20el%20pago%20anual%20con%20un%2020%25%20de%20descuento%20abonas%20solamente%20%2480.000.%20%0A%0APor%20este%20plan%20acceden%20a%20cargar%20una%20galer%C3%ADa%20completa%20de%20fotos%2C%20videos%2C%20ubicaci%C3%B3n%20al%20instante%20con%20Google%20Maps%2C%20links%20a%20redes%20sociales%2C%20WhatsApp%20y%20m%C3%A1s.%0A%0ASi%20les%20interesa%20participar%20pueden%20responder%20a%20este%20mismo%20mensaje%20de%20WhatsApp."
"5492604223945","Cabañas Espejos Del Río – Rama Caída","Cabañas","¡Hola Propietarios de *Cabañas Espejos Del Río – Rama Caída*! 👋

Somos del equipo de *San Rafael 360*. Somos la guía local de San Rafael. Vimos que su rubro es *Cabañas* y estamos armando el directorio digital más completo de la ciudad.

Los invitamos a revisar vuestro perfil y cualquier otro que quieran consultar para que vean los distintos formatos que ofrecemos.

👉 Pueden verlo:
Ingresando en www.sanrafael360.com o si tienes celular con Android descargando la app de Play Store https://play.google.com/store/apps/details?id=com.sanrafael360.www.twa

Contratando el plan PREMIUM por $25.000 el trimestre y si eliges el pago anual con un 20% de descuento abonas solamente $80.000. 

Por este plan acceden a cargar una galería completa de fotos, videos, ubicación al instante con Google Maps, links a redes sociales, WhatsApp y más.

Si les interesa participar pueden responder a este mismo mensaje de WhatsApp.","https://wa.me/5492604223945?text=%C2%A1Hola%20Propietarios%20de%20*Caba%C3%B1as%20Espejos%20Del%20R%C3%ADo%20%E2%80%93%20Rama%20Ca%C3%ADda*!%20%F0%9F%91%8B%0A%0ASomos%20del%20equipo%20de%20*San%20Rafael%20360*.%20Somos%20la%20gu%C3%ADa%20local%20de%20San%20Rafael.%20Vimos%20que%20su%20rubro%20es%20*Caba%C3%B1as*%20y%20estamos%20armando%20el%20directorio%20digital%20m%C3%A1s%20completo%20de%20la%20ciudad.%0A%0ALos%20invitamos%20a%20revisar%20vuestro%20perfil%20y%20cualquier%20otro%20que%20quieran%20consultar%20para%20que%20vean%20los%20distintos%20formatos%20que%20ofrecemos.%0A%0A%F0%9F%91%89%20Pueden%20verlo%3A%0AIngresando%20en%20www.sanrafael360.com%20o%20si%20tienes%20celular%20con%20Android%20descargando%20la%20app%20de%20Play%20Store%20https%3A%2F%2Fplay.google.com%2Fstore%2Fapps%2Fdetails%3Fid%3Dcom.sanrafael360.www.twa%0A%0AContratando%20el%20plan%20PREMIUM%20por%20%2425.000%20el%20trimestre%20y%20si%20eliges%20el%20pago%20anual%20con%20un%2020%25%20de%20descuento%20abonas%20solamente%20%2480.000.%20%0A%0APor%20este%20plan%20acceden%20a%20cargar%20una%20galer%C3%ADa%20completa%20de%20fotos%2C%20videos%2C%20ubicaci%C3%B3n%20al%20instante%20con%20Google%20Maps%2C%20links%20a%20redes%20sociales%2C%20WhatsApp%20y%20m%C3%A1s.%0A%0ASi%20les%20interesa%20participar%20pueden%20responder%20a%20este%20mismo%20mensaje%20de%20WhatsApp."
"5492604430127","Hotel San Rafael – 3 Estrellas","Hoteles","¡Hola Propietarios de *Hotel San Rafael – 3 Estrellas*! 👋

Somos del equipo de *San Rafael 360*. Somos la guía local de San Rafael. Vimos que su rubro es *Hoteles* y estamos armando el directorio digital más completo de la ciudad.

Los invitamos a revisar vuestro perfil y cualquier otro que quieran consultar para que vean los distintos formatos que ofrecemos.

👉 Pueden verlo:
Ingresando en www.sanrafael360.com o si tienes celular con Android descargando la app de Play Store https://play.google.com/store/apps/details?id=com.sanrafael360.www.twa

Contratando el plan PREMIUM por $25.000 el trimestre y si eliges el pago anual con un 20% de descuento abonas solamente $80.000. 

Por este plan acceden a cargar una galería completa de fotos, videos, ubicación al instante con Google Maps, links a redes sociales, WhatsApp y más.

Si les interesa participar pueden responder a este mismo mensaje de WhatsApp.","https://wa.me/5492604430127?text=%C2%A1Hola%20Propietarios%20de%20*Hotel%20San%20Rafael%20%E2%80%93%203%20Estrellas*!%20%F0%9F%91%8B%0A%0ASomos%20del%20equipo%20de%20*San%20Rafael%20360*.%20Somos%20la%20gu%C3%ADa%20local%20de%20San%20Rafael.%20Vimos%20que%20su%20rubro%20es%20*Hoteles*%20y%20estamos%20armando%20el%20directorio%20digital%20m%C3%A1s%20completo%20de%20la%20ciudad.%0A%0ALos%20invitamos%20a%20revisar%20vuestro%20perfil%20y%20cualquier%20otro%20que%20quieran%20consultar%20para%20que%20vean%20los%20distintos%20formatos%20que%20ofrecemos.%0A%0A%F0%9F%91%89%20Pueden%20verlo%3A%0AIngresando%20en%20www.sanrafael360.com%20o%20si%20tienes%20celular%20con%20Android%20descargando%20la%20app%20de%20Play%20Store%20https%3A%2F%2Fplay.google.com%2Fstore%2Fapps%2Fdetails%3Fid%3Dcom.sanrafael360.www.twa%0A%0AContratando%20el%20plan%20PREMIUM%20por%20%2425.000%20el%20trimestre%20y%20si%20eliges%20el%20pago%20anual%20con%20un%2020%25%20de%20descuento%20abonas%20solamente%20%2480.000.%20%0A%0APor%20este%20plan%20acceden%20a%20cargar%20una%20galer%C3%ADa%20completa%20de%20fotos%2C%20videos%2C%20ubicaci%C3%B3n%20al%20instante%20con%20Google%20Maps%2C%20links%20a%20redes%20sociales%2C%20WhatsApp%20y%20m%C3%A1s.%0A%0ASi%20les%20interesa%20participar%20pueden%20responder%20a%20este%20mismo%20mensaje%20de%20WhatsApp."
"5492604677105","PARRILLA LO DEL TURCO - Ciudad","Gastronomía","¡Hola Propietarios de *PARRILLA LO DEL TURCO - Ciudad*! 👋

Somos del equipo de *San Rafael 360*. Somos la guía local de San Rafael. Vimos que su rubro es *Gastronomía* y estamos armando el directorio digital más completo de la ciudad.

Los invitamos a revisar vuestro perfil y cualquier otro que quieran consultar para que vean los distintos formatos que ofrecemos.

👉 Pueden verlo:
Ingresando en www.sanrafael360.com o si tienes celular con Android descargando la app de Play Store https://play.google.com/store/apps/details?id=com.sanrafael360.www.twa

Contratando el plan PREMIUM por $25.000 el trimestre y si eliges el pago anual con un 20% de descuento abonas solamente $80.000. 

Por este plan acceden a cargar una galería completa de fotos, videos, ubicación al instante con Google Maps, links a redes sociales, WhatsApp y más.

Si les interesa participar pueden responder a este mismo mensaje de WhatsApp.","https://wa.me/5492604677105?text=%C2%A1Hola%20Propietarios%20de%20*PARRILLA%20LO%20DEL%20TURCO%20-%20Ciudad*!%20%F0%9F%91%8B%0A%0ASomos%20del%20equipo%20de%20*San%20Rafael%20360*.%20Somos%20la%20gu%C3%ADa%20local%20de%20San%20Rafael.%20Vimos%20que%20su%20rubro%20es%20*Gastronom%C3%ADa*%20y%20estamos%20armando%20el%20directorio%20digital%20m%C3%A1s%20completo%20de%20la%20ciudad.%0A%0ALos%20invitamos%20a%20revisar%20vuestro%20perfil%20y%20cualquier%20otro%20que%20quieran%20consultar%20para%20que%20vean%20los%20distintos%20formatos%20que%20ofrecemos.%0A%0A%F0%9F%91%89%20Pueden%20verlo%3A%0AIngresando%20en%20www.sanrafael360.com%20o%20si%20tienes%20celular%20con%20Android%20descargando%20la%20app%20de%20Play%20Store%20https%3A%2F%2Fplay.google.com%2Fstore%2Fapps%2Fdetails%3Fid%3Dcom.sanrafael360.www.twa%0A%0AContratando%20el%20plan%20PREMIUM%20por%20%2425.000%20el%20trimestre%20y%20si%20eliges%20el%20pago%20anual%20con%20un%2020%25%20de%20descuento%20abonas%20solamente%20%2480.000.%20%0A%0APor%20este%20plan%20acceden%20a%20cargar%20una%20galer%C3%ADa%20completa%20de%20fotos%2C%20videos%2C%20ubicaci%C3%B3n%20al%20instante%20con%20Google%20Maps%2C%20links%20a%20redes%20sociales%2C%20WhatsApp%20y%20m%C3%A1s.%0A%0ASi%20les%20interesa%20participar%20pueden%20responder%20a%20este%20mismo%20mensaje%20de%20WhatsApp."
"5492604221204","Apart Hotel Vecchia Terra","Apart Hoteles","¡Hola Propietarios de *Apart Hotel Vecchia Terra*! 👋

Somos del equipo de *San Rafael 360*. Somos la guía local de San Rafael. Vimos que su rubro es *Apart Hoteles* y estamos armando el directorio digital más completo de la ciudad.

Los invitamos a revisar vuestro perfil y cualquier otro que quieran consultar para que vean los distintos formatos que ofrecemos.

👉 Pueden verlo:
Ingresando en www.sanrafael360.com o si tienes celular con Android descargando la app de Play Store https://play.google.com/store/apps/details?id=com.sanrafael360.www.twa

Contratando el plan PREMIUM por $25.000 el trimestre y si eliges el pago anual con un 20% de descuento abonas solamente $80.000. 

Por este plan acceden a cargar una galería completa de fotos, videos, ubicación al instante con Google Maps, links a redes sociales, WhatsApp y más.

Si les interesa participar pueden responder a este mismo mensaje de WhatsApp.","https://wa.me/5492604221204?text=%C2%A1Hola%20Propietarios%20de%20*Apart%20Hotel%20Vecchia%20Terra*!%20%F0%9F%91%8B%0A%0ASomos%20del%20equipo%20de%20*San%20Rafael%20360*.%20Somos%20la%20gu%C3%ADa%20local%20de%20San%20Rafael.%20Vimos%20que%20su%20rubro%20es%20*Apart%20Hoteles*%20y%20estamos%20armando%20el%20directorio%20digital%20m%C3%A1s%20completo%20de%20la%20ciudad.%0A%0ALos%20invitamos%20a%20revisar%20vuestro%20perfil%20y%20cualquier%20otro%20que%20quieran%20consultar%20para%20que%20vean%20los%20distintos%20formatos%20que%20ofrecemos.%0A%0A%F0%9F%91%89%20Pueden%20verlo%3A%0AIngresando%20en%20www.sanrafael360.com%20o%20si%20tienes%20celular%20con%20Android%20descargando%20la%20app%20de%20Play%20Store%20https%3A%2F%2Fplay.google.com%2Fstore%2Fapps%2Fdetails%3Fid%3Dcom.sanrafael360.www.twa%0A%0AContratando%20el%20plan%20PREMIUM%20por%20%2425.000%20el%20trimestre%20y%20si%20eliges%20el%20pago%20anual%20con%20un%2020%25%20de%20descuento%20abonas%20solamente%20%2480.000.%20%0A%0APor%20este%20plan%20acceden%20a%20cargar%20una%20galer%C3%ADa%20completa%20de%20fotos%2C%20videos%2C%20ubicaci%C3%B3n%20al%20instante%20con%20Google%20Maps%2C%20links%20a%20redes%20sociales%2C%20WhatsApp%20y%20m%C3%A1s.%0A%0ASi%20les%20interesa%20participar%20pueden%20responder%20a%20este%20mismo%20mensaje%20de%20WhatsApp."
"5492604352562","RAWSON Bar","Gastronomía","¡Hola Propietarios de *RAWSON Bar*! 👋

Somos del equipo de *San Rafael 360*. Somos la guía local de San Rafael. Vimos que su rubro es *Gastronomía* y estamos armando el directorio digital más completo de la ciudad.

Los invitamos a revisar vuestro perfil y cualquier otro que quieran consultar para que vean los distintos formatos que ofrecemos.

👉 Pueden verlo:
Ingresando en www.sanrafael360.com o si tienes celular con Android descargando la app de Play Store https://play.google.com/store/apps/details?id=com.sanrafael360.www.twa

Contratando el plan PREMIUM por $25.000 el trimestre y si eliges el pago anual con un 20% de descuento abonas solamente $80.000. 

Por este plan acceden a cargar una galería completa de fotos, videos, ubicación al instante con Google Maps, links a redes sociales, WhatsApp y más.

Si les interesa participar pueden responder a este mismo mensaje de WhatsApp.","https://wa.me/5492604352562?text=%C2%A1Hola%20Propietarios%20de%20*RAWSON%20Bar*!%20%F0%9F%91%8B%0A%0ASomos%20del%20equipo%20de%20*San%20Rafael%20360*.%20Somos%20la%20gu%C3%ADa%20local%20de%20San%20Rafael.%20Vimos%20que%20su%20rubro%20es%20*Gastronom%C3%ADa*%20y%20estamos%20armando%20el%20directorio%20digital%20m%C3%A1s%20completo%20de%20la%20ciudad.%0A%0ALos%20invitamos%20a%20revisar%20vuestro%20perfil%20y%20cualquier%20otro%20que%20quieran%20consultar%20para%20que%20vean%20los%20distintos%20formatos%20que%20ofrecemos.%0A%0A%F0%9F%91%89%20Pueden%20verlo%3A%0AIngresando%20en%20www.sanrafael360.com%20o%20si%20tienes%20celular%20con%20Android%20descargando%20la%20app%20de%20Play%20Store%20https%3A%2F%2Fplay.google.com%2Fstore%2Fapps%2Fdetails%3Fid%3Dcom.sanrafael360.www.twa%0A%0AContratando%20el%20plan%20PREMIUM%20por%20%2425.000%20el%20trimestre%20y%20si%20eliges%20el%20pago%20anual%20con%20un%2020%25%20de%20descuento%20abonas%20solamente%20%2480.000.%20%0A%0APor%20este%20plan%20acceden%20a%20cargar%20una%20galer%C3%ADa%20completa%20de%20fotos%2C%20videos%2C%20ubicaci%C3%B3n%20al%20instante%20con%20Google%20Maps%2C%20links%20a%20redes%20sociales%2C%20WhatsApp%20y%20m%C3%A1s.%0A%0ASi%20les%20interesa%20participar%20pueden%20responder%20a%20este%20mismo%20mensaje%20de%20WhatsApp."
"5492604591478","Cabañas Arco Iris – Las Paredes","Cabañas","¡Hola Propietarios de *Cabañas Arco Iris – Las Paredes*! 👋

Somos del equipo de *San Rafael 360*. Somos la guía local de San Rafael. Vimos que su rubro es *Cabañas* y estamos armando el directorio digital más completo de la ciudad.

Los invitamos a revisar vuestro perfil y cualquier otro que quieran consultar para que vean los distintos formatos que ofrecemos.

👉 Pueden verlo:
Ingresando en www.sanrafael360.com o si tienes celular con Android descargando la app de Play Store https://play.google.com/store/apps/details?id=com.sanrafael360.www.twa

Contratando el plan PREMIUM por $25.000 el trimestre y si eliges el pago anual con un 20% de descuento abonas solamente $80.000. 

Por este plan acceden a cargar una galería completa de fotos, videos, ubicación al instante con Google Maps, links a redes sociales, WhatsApp y más.

Si les interesa participar pueden responder a este mismo mensaje de WhatsApp.","https://wa.me/5492604591478?text=%C2%A1Hola%20Propietarios%20de%20*Caba%C3%B1as%20Arco%20Iris%20%E2%80%93%20Las%20Paredes*!%20%F0%9F%91%8B%0A%0ASomos%20del%20equipo%20de%20*San%20Rafael%20360*.%20Somos%20la%20gu%C3%ADa%20local%20de%20San%20Rafael.%20Vimos%20que%20su%20rubro%20es%20*Caba%C3%B1as*%20y%20estamos%20armando%20el%20directorio%20digital%20m%C3%A1s%20completo%20de%20la%20ciudad.%0A%0ALos%20invitamos%20a%20revisar%20vuestro%20perfil%20y%20cualquier%20otro%20que%20quieran%20consultar%20para%20que%20vean%20los%20distintos%20formatos%20que%20ofrecemos.%0A%0A%F0%9F%91%89%20Pueden%20verlo%3A%0AIngresando%20en%20www.sanrafael360.com%20o%20si%20tienes%20celular%20con%20Android%20descargando%20la%20app%20de%20Play%20Store%20https%3A%2F%2Fplay.google.com%2Fstore%2Fapps%2Fdetails%3Fid%3Dcom.sanrafael360.www.twa%0A%0AContratando%20el%20plan%20PREMIUM%20por%20%2425.000%20el%20trimestre%20y%20si%20eliges%20el%20pago%20anual%20con%20un%2020%25%20de%20descuento%20abonas%20solamente%20%2480.000.%20%0A%0APor%20este%20plan%20acceden%20a%20cargar%20una%20galer%C3%ADa%20completa%20de%20fotos%2C%20videos%2C%20ubicaci%C3%B3n%20al%20instante%20con%20Google%20Maps%2C%20links%20a%20redes%20sociales%2C%20WhatsApp%20y%20m%C3%A1s.%0A%0ASi%20les%20interesa%20participar%20pueden%20responder%20a%20este%20mismo%20mensaje%20de%20WhatsApp."
"5492604351626","Cabañas Calderón – Las Paredes","Cabañas","¡Hola Propietarios de *Cabañas Calderón – Las Paredes*! 👋

Somos del equipo de *San Rafael 360*. Somos la guía local de San Rafael. Vimos que su rubro es *Cabañas* y estamos armando el directorio digital más completo de la ciudad.

Los invitamos a revisar vuestro perfil y cualquier otro que quieran consultar para que vean los distintos formatos que ofrecemos.

👉 Pueden verlo:
Ingresando en www.sanrafael360.com o si tienes celular con Android descargando la app de Play Store https://play.google.com/store/apps/details?id=com.sanrafael360.www.twa

Contratando el plan PREMIUM por $25.000 el trimestre y si eliges el pago anual con un 20% de descuento abonas solamente $80.000. 

Por este plan acceden a cargar una galería completa de fotos, videos, ubicación al instante con Google Maps, links a redes sociales, WhatsApp y más.

Si les interesa participar pueden responder a este mismo mensaje de WhatsApp.","https://wa.me/5492604351626?text=%C2%A1Hola%20Propietarios%20de%20*Caba%C3%B1as%20Calder%C3%B3n%20%E2%80%93%20Las%20Paredes*!%20%F0%9F%91%8B%0A%0ASomos%20del%20equipo%20de%20*San%20Rafael%20360*.%20Somos%20la%20gu%C3%ADa%20local%20de%20San%20Rafael.%20Vimos%20que%20su%20rubro%20es%20*Caba%C3%B1as*%20y%20estamos%20armando%20el%20directorio%20digital%20m%C3%A1s%20completo%20de%20la%20ciudad.%0A%0ALos%20invitamos%20a%20revisar%20vuestro%20perfil%20y%20cualquier%20otro%20que%20quieran%20consultar%20para%20que%20vean%20los%20distintos%20formatos%20que%20ofrecemos.%0A%0A%F0%9F%91%89%20Pueden%20verlo%3A%0AIngresando%20en%20www.sanrafael360.com%20o%20si%20tienes%20celular%20con%20Android%20descargando%20la%20app%20de%20Play%20Store%20https%3A%2F%2Fplay.google.com%2Fstore%2Fapps%2Fdetails%3Fid%3Dcom.sanrafael360.www.twa%0A%0AContratando%20el%20plan%20PREMIUM%20por%20%2425.000%20el%20trimestre%20y%20si%20eliges%20el%20pago%20anual%20con%20un%2020%25%20de%20descuento%20abonas%20solamente%20%2480.000.%20%0A%0APor%20este%20plan%20acceden%20a%20cargar%20una%20galer%C3%ADa%20completa%20de%20fotos%2C%20videos%2C%20ubicaci%C3%B3n%20al%20instante%20con%20Google%20Maps%2C%20links%20a%20redes%20sociales%2C%20WhatsApp%20y%20m%C3%A1s.%0A%0ASi%20les%20interesa%20participar%20pueden%20responder%20a%20este%20mismo%20mensaje%20de%20WhatsApp."
"5491169483112","Cabañas Ayres de Cuyo – Las Paredes","Cabañas","¡Hola Propietarios de *Cabañas Ayres de Cuyo – Las Paredes*! 👋

Somos del equipo de *San Rafael 360*. Somos la guía local de San Rafael. Vimos que su rubro es *Cabañas* y estamos armando el directorio digital más completo de la ciudad.

Los invitamos a revisar vuestro perfil y cualquier otro que quieran consultar para que vean los distintos formatos que ofrecemos.

👉 Pueden verlo:
Ingresando en www.sanrafael360.com o si tienes celular con Android descargando la app de Play Store https://play.google.com/store/apps/details?id=com.sanrafael360.www.twa

Contratando el plan PREMIUM por $25.000 el trimestre y si eliges el pago anual con un 20% de descuento abonas solamente $80.000. 

Por este plan acceden a cargar una galería completa de fotos, videos, ubicación al instante con Google Maps, links a redes sociales, WhatsApp y más.

Si les interesa participar pueden responder a este mismo mensaje de WhatsApp.","https://wa.me/5491169483112?text=%C2%A1Hola%20Propietarios%20de%20*Caba%C3%B1as%20Ayres%20de%20Cuyo%20%E2%80%93%20Las%20Paredes*!%20%F0%9F%91%8B%0A%0ASomos%20del%20equipo%20de%20*San%20Rafael%20360*.%20Somos%20la%20gu%C3%ADa%20local%20de%20San%20Rafael.%20Vimos%20que%20su%20rubro%20es%20*Caba%C3%B1as*%20y%20estamos%20armando%20el%20directorio%20digital%20m%C3%A1s%20completo%20de%20la%20ciudad.%0A%0ALos%20invitamos%20a%20revisar%20vuestro%20perfil%20y%20cualquier%20otro%20que%20quieran%20consultar%20para%20que%20vean%20los%20distintos%20formatos%20que%20ofrecemos.%0A%0A%F0%9F%91%89%20Pueden%20verlo%3A%0AIngresando%20en%20www.sanrafael360.com%20o%20si%20tienes%20celular%20con%20Android%20descargando%20la%20app%20de%20Play%20Store%20https%3A%2F%2Fplay.google.com%2Fstore%2Fapps%2Fdetails%3Fid%3Dcom.sanrafael360.www.twa%0A%0AContratando%20el%20plan%20PREMIUM%20por%20%2425.000%20el%20trimestre%20y%20si%20eliges%20el%20pago%20anual%20con%20un%2020%25%20de%20descuento%20abonas%20solamente%20%2480.000.%20%0A%0APor%20este%20plan%20acceden%20a%20cargar%20una%20galer%C3%ADa%20completa%20de%20fotos%2C%20videos%2C%20ubicaci%C3%B3n%20al%20instante%20con%20Google%20Maps%2C%20links%20a%20redes%20sociales%2C%20WhatsApp%20y%20m%C3%A1s.%0A%0ASi%20les%20interesa%20participar%20pueden%20responder%20a%20este%20mismo%20mensaje%20de%20WhatsApp."
"5492604410118","BIERO (Cervecería)","Gastronomía","¡Hola Propietarios de *BIERO (Cervecería)*! 👋

Somos del equipo de *San Rafael 360*. Somos la guía local de San Rafael. Vimos que su rubro es *Gastronomía* y estamos armando el directorio digital más completo de la ciudad.

Los invitamos a revisar vuestro perfil y cualquier otro que quieran consultar para que vean los distintos formatos que ofrecemos.

👉 Pueden verlo:
Ingresando en www.sanrafael360.com o si tienes celular con Android descargando la app de Play Store https://play.google.com/store/apps/details?id=com.sanrafael360.www.twa

Contratando el plan PREMIUM por $25.000 el trimestre y si eliges el pago anual con un 20% de descuento abonas solamente $80.000. 

Por este plan acceden a cargar una galería completa de fotos, videos, ubicación al instante con Google Maps, links a redes sociales, WhatsApp y más.

Si les interesa participar pueden responder a este mismo mensaje de WhatsApp.","https://wa.me/5492604410118?text=%C2%A1Hola%20Propietarios%20de%20*BIERO%20(Cervecer%C3%ADa)*!%20%F0%9F%91%8B%0A%0ASomos%20del%20equipo%20de%20*San%20Rafael%20360*.%20Somos%20la%20gu%C3%ADa%20local%20de%20San%20Rafael.%20Vimos%20que%20su%20rubro%20es%20*Gastronom%C3%ADa*%20y%20estamos%20armando%20el%20directorio%20digital%20m%C3%A1s%20completo%20de%20la%20ciudad.%0A%0ALos%20invitamos%20a%20revisar%20vuestro%20perfil%20y%20cualquier%20otro%20que%20quieran%20consultar%20para%20que%20vean%20los%20distintos%20formatos%20que%20ofrecemos.%0A%0A%F0%9F%91%89%20Pueden%20verlo%3A%0AIngresando%20en%20www.sanrafael360.com%20o%20si%20tienes%20celular%20con%20Android%20descargando%20la%20app%20de%20Play%20Store%20https%3A%2F%2Fplay.google.com%2Fstore%2Fapps%2Fdetails%3Fid%3Dcom.sanrafael360.www.twa%0A%0AContratando%20el%20plan%20PREMIUM%20por%20%2425.000%20el%20trimestre%20y%20si%20eliges%20el%20pago%20anual%20con%20un%2020%25%20de%20descuento%20abonas%20solamente%20%2480.000.%20%0A%0APor%20este%20plan%20acceden%20a%20cargar%20una%20galer%C3%ADa%20completa%20de%20fotos%2C%20videos%2C%20ubicaci%C3%B3n%20al%20instante%20con%20Google%20Maps%2C%20links%20a%20redes%20sociales%2C%20WhatsApp%20y%20m%C3%A1s.%0A%0ASi%20les%20interesa%20participar%20pueden%20responder%20a%20este%20mismo%20mensaje%20de%20WhatsApp."
"5492604538866","Cabañas Ayum Elun Aldea de Río – Valle Grande","Cabañas","¡Hola Propietarios de *Cabañas Ayum Elun Aldea de Río – Valle Grande*! 👋

Somos del equipo de *San Rafael 360*. Somos la guía local de San Rafael. Vimos que su rubro es *Cabañas* y estamos armando el directorio digital más completo de la ciudad.

Los invitamos a revisar vuestro perfil y cualquier otro que quieran consultar para que vean los distintos formatos que ofrecemos.

👉 Pueden verlo:
Ingresando en www.sanrafael360.com o si tienes celular con Android descargando la app de Play Store https://play.google.com/store/apps/details?id=com.sanrafael360.www.twa

Contratando el plan PREMIUM por $25.000 el trimestre y si eliges el pago anual con un 20% de descuento abonas solamente $80.000. 

Por este plan acceden a cargar una galería completa de fotos, videos, ubicación al instante con Google Maps, links a redes sociales, WhatsApp y más.

Si les interesa participar pueden responder a este mismo mensaje de WhatsApp.","https://wa.me/5492604538866?text=%C2%A1Hola%20Propietarios%20de%20*Caba%C3%B1as%20Ayum%20Elun%20Aldea%20de%20R%C3%ADo%20%E2%80%93%20Valle%20Grande*!%20%F0%9F%91%8B%0A%0ASomos%20del%20equipo%20de%20*San%20Rafael%20360*.%20Somos%20la%20gu%C3%ADa%20local%20de%20San%20Rafael.%20Vimos%20que%20su%20rubro%20es%20*Caba%C3%B1as*%20y%20estamos%20armando%20el%20directorio%20digital%20m%C3%A1s%20completo%20de%20la%20ciudad.%0A%0ALos%20invitamos%20a%20revisar%20vuestro%20perfil%20y%20cualquier%20otro%20que%20quieran%20consultar%20para%20que%20vean%20los%20distintos%20formatos%20que%20ofrecemos.%0A%0A%F0%9F%91%89%20Pueden%20verlo%3A%0AIngresando%20en%20www.sanrafael360.com%20o%20si%20tienes%20celular%20con%20Android%20descargando%20la%20app%20de%20Play%20Store%20https%3A%2F%2Fplay.google.com%2Fstore%2Fapps%2Fdetails%3Fid%3Dcom.sanrafael360.www.twa%0A%0AContratando%20el%20plan%20PREMIUM%20por%20%2425.000%20el%20trimestre%20y%20si%20eliges%20el%20pago%20anual%20con%20un%2020%25%20de%20descuento%20abonas%20solamente%20%2480.000.%20%0A%0APor%20este%20plan%20acceden%20a%20cargar%20una%20galer%C3%ADa%20completa%20de%20fotos%2C%20videos%2C%20ubicaci%C3%B3n%20al%20instante%20con%20Google%20Maps%2C%20links%20a%20redes%20sociales%2C%20WhatsApp%20y%20m%C3%A1s.%0A%0ASi%20les%20interesa%20participar%20pueden%20responder%20a%20este%20mismo%20mensaje%20de%20WhatsApp."
"5491157002168","Apart Hotel Tierra Mora","Apart Hoteles","¡Hola Propietarios de *Apart Hotel Tierra Mora*! 👋

Somos del equipo de *San Rafael 360*. Somos la guía local de San Rafael. Vimos que su rubro es *Apart Hoteles* y estamos armando el directorio digital más completo de la ciudad.

Los invitamos a revisar vuestro perfil y cualquier otro que quieran consultar para que vean los distintos formatos que ofrecemos.

👉 Pueden verlo:
Ingresando en www.sanrafael360.com o si tienes celular con Android descargando la app de Play Store https://play.google.com/store/apps/details?id=com.sanrafael360.www.twa

Contratando el plan PREMIUM por $25.000 el trimestre y si eliges el pago anual con un 20% de descuento abonas solamente $80.000. 

Por este plan acceden a cargar una galería completa de fotos, videos, ubicación al instante con Google Maps, links a redes sociales, WhatsApp y más.

Si les interesa participar pueden responder a este mismo mensaje de WhatsApp.","https://wa.me/5491157002168?text=%C2%A1Hola%20Propietarios%20de%20*Apart%20Hotel%20Tierra%20Mora*!%20%F0%9F%91%8B%0A%0ASomos%20del%20equipo%20de%20*San%20Rafael%20360*.%20Somos%20la%20gu%C3%ADa%20local%20de%20San%20Rafael.%20Vimos%20que%20su%20rubro%20es%20*Apart%20Hoteles*%20y%20estamos%20armando%20el%20directorio%20digital%20m%C3%A1s%20completo%20de%20la%20ciudad.%0A%0ALos%20invitamos%20a%20revisar%20vuestro%20perfil%20y%20cualquier%20otro%20que%20quieran%20consultar%20para%20que%20vean%20los%20distintos%20formatos%20que%20ofrecemos.%0A%0A%F0%9F%91%89%20Pueden%20verlo%3A%0AIngresando%20en%20www.sanrafael360.com%20o%20si%20tienes%20celular%20con%20Android%20descargando%20la%20app%20de%20Play%20Store%20https%3A%2F%2Fplay.google.com%2Fstore%2Fapps%2Fdetails%3Fid%3Dcom.sanrafael360.www.twa%0A%0AContratando%20el%20plan%20PREMIUM%20por%20%2425.000%20el%20trimestre%20y%20si%20eliges%20el%20pago%20anual%20con%20un%2020%25%20de%20descuento%20abonas%20solamente%20%2480.000.%20%0A%0APor%20este%20plan%20acceden%20a%20cargar%20una%20galer%C3%ADa%20completa%20de%20fotos%2C%20videos%2C%20ubicaci%C3%B3n%20al%20instante%20con%20Google%20Maps%2C%20links%20a%20redes%20sociales%2C%20WhatsApp%20y%20m%C3%A1s.%0A%0ASi%20les%20interesa%20participar%20pueden%20responder%20a%20este%20mismo%20mensaje%20de%20WhatsApp."
"5492604679932","Cabañas Balcón Del Atuel – Valle Grande","Cabañas","¡Hola Propietarios de *Cabañas Balcón Del Atuel – Valle Grande*! 👋

Somos del equipo de *San Rafael 360*. Somos la guía local de San Rafael. Vimos que su rubro es *Cabañas* y estamos armando el directorio digital más completo de la ciudad.

Los invitamos a revisar vuestro perfil y cualquier otro que quieran consultar para que vean los distintos formatos que ofrecemos.

👉 Pueden verlo:
Ingresando en www.sanrafael360.com o si tienes celular con Android descargando la app de Play Store https://play.google.com/store/apps/details?id=com.sanrafael360.www.twa

Contratando el plan PREMIUM por $25.000 el trimestre y si eliges el pago anual con un 20% de descuento abonas solamente $80.000. 

Por este plan acceden a cargar una galería completa de fotos, videos, ubicación al instante con Google Maps, links a redes sociales, WhatsApp y más.

Si les interesa participar pueden responder a este mismo mensaje de WhatsApp.","https://wa.me/5492604679932?text=%C2%A1Hola%20Propietarios%20de%20*Caba%C3%B1as%20Balc%C3%B3n%20Del%20Atuel%20%E2%80%93%20Valle%20Grande*!%20%F0%9F%91%8B%0A%0ASomos%20del%20equipo%20de%20*San%20Rafael%20360*.%20Somos%20la%20gu%C3%ADa%20local%20de%20San%20Rafael.%20Vimos%20que%20su%20rubro%20es%20*Caba%C3%B1as*%20y%20estamos%20armando%20el%20directorio%20digital%20m%C3%A1s%20completo%20de%20la%20ciudad.%0A%0ALos%20invitamos%20a%20revisar%20vuestro%20perfil%20y%20cualquier%20otro%20que%20quieran%20consultar%20para%20que%20vean%20los%20distintos%20formatos%20que%20ofrecemos.%0A%0A%F0%9F%91%89%20Pueden%20verlo%3A%0AIngresando%20en%20www.sanrafael360.com%20o%20si%20tienes%20celular%20con%20Android%20descargando%20la%20app%20de%20Play%20Store%20https%3A%2F%2Fplay.google.com%2Fstore%2Fapps%2Fdetails%3Fid%3Dcom.sanrafael360.www.twa%0A%0AContratando%20el%20plan%20PREMIUM%20por%20%2425.000%20el%20trimestre%20y%20si%20eliges%20el%20pago%20anual%20con%20un%2020%25%20de%20descuento%20abonas%20solamente%20%2480.000.%20%0A%0APor%20este%20plan%20acceden%20a%20cargar%20una%20galer%C3%ADa%20completa%20de%20fotos%2C%20videos%2C%20ubicaci%C3%B3n%20al%20instante%20con%20Google%20Maps%2C%20links%20a%20redes%20sociales%2C%20WhatsApp%20y%20m%C3%A1s.%0A%0ASi%20les%20interesa%20participar%20pueden%20responder%20a%20este%20mismo%20mensaje%20de%20WhatsApp."
"5492613895474","CASA MADRE Restaurante- Casa de Té","Gastronomía","¡Hola Propietarios de *CASA MADRE Restaurante- Casa de Té*! 👋

Somos del equipo de *San Rafael 360*. Somos la guía local de San Rafael. Vimos que su rubro es *Gastronomía* y estamos armando el directorio digital más completo de la ciudad.

Los invitamos a revisar vuestro perfil y cualquier otro que quieran consultar para que vean los distintos formatos que ofrecemos.

👉 Pueden verlo:
Ingresando en www.sanrafael360.com o si tienes celular con Android descargando la app de Play Store https://play.google.com/store/apps/details?id=com.sanrafael360.www.twa

Contratando el plan PREMIUM por $25.000 el trimestre y si eliges el pago anual con un 20% de descuento abonas solamente $80.000. 

Por este plan acceden a cargar una galería completa de fotos, videos, ubicación al instante con Google Maps, links a redes sociales, WhatsApp y más.

Si les interesa participar pueden responder a este mismo mensaje de WhatsApp.","https://wa.me/5492613895474?text=%C2%A1Hola%20Propietarios%20de%20*CASA%20MADRE%20Restaurante-%20Casa%20de%20T%C3%A9*!%20%F0%9F%91%8B%0A%0ASomos%20del%20equipo%20de%20*San%20Rafael%20360*.%20Somos%20la%20gu%C3%ADa%20local%20de%20San%20Rafael.%20Vimos%20que%20su%20rubro%20es%20*Gastronom%C3%ADa*%20y%20estamos%20armando%20el%20directorio%20digital%20m%C3%A1s%20completo%20de%20la%20ciudad.%0A%0ALos%20invitamos%20a%20revisar%20vuestro%20perfil%20y%20cualquier%20otro%20que%20quieran%20consultar%20para%20que%20vean%20los%20distintos%20formatos%20que%20ofrecemos.%0A%0A%F0%9F%91%89%20Pueden%20verlo%3A%0AIngresando%20en%20www.sanrafael360.com%20o%20si%20tienes%20celular%20con%20Android%20descargando%20la%20app%20de%20Play%20Store%20https%3A%2F%2Fplay.google.com%2Fstore%2Fapps%2Fdetails%3Fid%3Dcom.sanrafael360.www.twa%0A%0AContratando%20el%20plan%20PREMIUM%20por%20%2425.000%20el%20trimestre%20y%20si%20eliges%20el%20pago%20anual%20con%20un%2020%25%20de%20descuento%20abonas%20solamente%20%2480.000.%20%0A%0APor%20este%20plan%20acceden%20a%20cargar%20una%20galer%C3%ADa%20completa%20de%20fotos%2C%20videos%2C%20ubicaci%C3%B3n%20al%20instante%20con%20Google%20Maps%2C%20links%20a%20redes%20sociales%2C%20WhatsApp%20y%20m%C3%A1s.%0A%0ASi%20les%20interesa%20participar%20pueden%20responder%20a%20este%20mismo%20mensaje%20de%20WhatsApp."
"5492604546484","Cabañas Buena Vista – Valle Grande","Cabañas","¡Hola Propietarios de *Cabañas Buena Vista – Valle Grande*! 👋

Somos del equipo de *San Rafael 360*. Somos la guía local de San Rafael. Vimos que su rubro es *Cabañas* y estamos armando el directorio digital más completo de la ciudad.

Los invitamos a revisar vuestro perfil y cualquier otro que quieran consultar para que vean los distintos formatos que ofrecemos.

👉 Pueden verlo:
Ingresando en www.sanrafael360.com o si tienes celular con Android descargando la app de Play Store https://play.google.com/store/apps/details?id=com.sanrafael360.www.twa

Contratando el plan PREMIUM por $25.000 el trimestre y si eliges el pago anual con un 20% de descuento abonas solamente $80.000. 

Por este plan acceden a cargar una galería completa de fotos, videos, ubicación al instante con Google Maps, links a redes sociales, WhatsApp y más.

Si les interesa participar pueden responder a este mismo mensaje de WhatsApp.","https://wa.me/5492604546484?text=%C2%A1Hola%20Propietarios%20de%20*Caba%C3%B1as%20Buena%20Vista%20%E2%80%93%20Valle%20Grande*!%20%F0%9F%91%8B%0A%0ASomos%20del%20equipo%20de%20*San%20Rafael%20360*.%20Somos%20la%20gu%C3%ADa%20local%20de%20San%20Rafael.%20Vimos%20que%20su%20rubro%20es%20*Caba%C3%B1as*%20y%20estamos%20armando%20el%20directorio%20digital%20m%C3%A1s%20completo%20de%20la%20ciudad.%0A%0ALos%20invitamos%20a%20revisar%20vuestro%20perfil%20y%20cualquier%20otro%20que%20quieran%20consultar%20para%20que%20vean%20los%20distintos%20formatos%20que%20ofrecemos.%0A%0A%F0%9F%91%89%20Pueden%20verlo%3A%0AIngresando%20en%20www.sanrafael360.com%20o%20si%20tienes%20celular%20con%20Android%20descargando%20la%20app%20de%20Play%20Store%20https%3A%2F%2Fplay.google.com%2Fstore%2Fapps%2Fdetails%3Fid%3Dcom.sanrafael360.www.twa%0A%0AContratando%20el%20plan%20PREMIUM%20por%20%2425.000%20el%20trimestre%20y%20si%20eliges%20el%20pago%20anual%20con%20un%2020%25%20de%20descuento%20abonas%20solamente%20%2480.000.%20%0A%0APor%20este%20plan%20acceden%20a%20cargar%20una%20galer%C3%ADa%20completa%20de%20fotos%2C%20videos%2C%20ubicaci%C3%B3n%20al%20instante%20con%20Google%20Maps%2C%20links%20a%20redes%20sociales%2C%20WhatsApp%20y%20m%C3%A1s.%0A%0ASi%20les%20interesa%20participar%20pueden%20responder%20a%20este%20mismo%20mensaje%20de%20WhatsApp."
"5492613895474","FRAMBUESA- Café - Pastelería","Gastronomía","¡Hola Propietarios de *FRAMBUESA- Café - Pastelería*! 👋

Somos del equipo de *San Rafael 360*. Somos la guía local de San Rafael. Vimos que su rubro es *Gastronomía* y estamos armando el directorio digital más completo de la ciudad.

Los invitamos a revisar vuestro perfil y cualquier otro que quieran consultar para que vean los distintos formatos que ofrecemos.

👉 Pueden verlo:
Ingresando en www.sanrafael360.com o si tienes celular con Android descargando la app de Play Store https://play.google.com/store/apps/details?id=com.sanrafael360.www.twa

Contratando el plan PREMIUM por $25.000 el trimestre y si eliges el pago anual con un 20% de descuento abonas solamente $80.000. 

Por este plan acceden a cargar una galería completa de fotos, videos, ubicación al instante con Google Maps, links a redes sociales, WhatsApp y más.

Si les interesa participar pueden responder a este mismo mensaje de WhatsApp.","https://wa.me/5492613895474?text=%C2%A1Hola%20Propietarios%20de%20*FRAMBUESA-%20Caf%C3%A9%20-%20Pasteler%C3%ADa*!%20%F0%9F%91%8B%0A%0ASomos%20del%20equipo%20de%20*San%20Rafael%20360*.%20Somos%20la%20gu%C3%ADa%20local%20de%20San%20Rafael.%20Vimos%20que%20su%20rubro%20es%20*Gastronom%C3%ADa*%20y%20estamos%20armando%20el%20directorio%20digital%20m%C3%A1s%20completo%20de%20la%20ciudad.%0A%0ALos%20invitamos%20a%20revisar%20vuestro%20perfil%20y%20cualquier%20otro%20que%20quieran%20consultar%20para%20que%20vean%20los%20distintos%20formatos%20que%20ofrecemos.%0A%0A%F0%9F%91%89%20Pueden%20verlo%3A%0AIngresando%20en%20www.sanrafael360.com%20o%20si%20tienes%20celular%20con%20Android%20descargando%20la%20app%20de%20Play%20Store%20https%3A%2F%2Fplay.google.com%2Fstore%2Fapps%2Fdetails%3Fid%3Dcom.sanrafael360.www.twa%0A%0AContratando%20el%20plan%20PREMIUM%20por%20%2425.000%20el%20trimestre%20y%20si%20eliges%20el%20pago%20anual%20con%20un%2020%25%20de%20descuento%20abonas%20solamente%20%2480.000.%20%0A%0APor%20este%20plan%20acceden%20a%20cargar%20una%20galer%C3%ADa%20completa%20de%20fotos%2C%20videos%2C%20ubicaci%C3%B3n%20al%20instante%20con%20Google%20Maps%2C%20links%20a%20redes%20sociales%2C%20WhatsApp%20y%20m%C3%A1s.%0A%0ASi%20les%20interesa%20participar%20pueden%20responder%20a%20este%20mismo%20mensaje%20de%20WhatsApp."
"5492604581603","Cabañas Bosque Divino – 4 Estrellas – Valle Grande","Cabañas","¡Hola Propietarios de *Cabañas Bosque Divino – 4 Estrellas – Valle Grande*! 👋

Somos del equipo de *San Rafael 360*. Somos la guía local de San Rafael. Vimos que su rubro es *Cabañas* y estamos armando el directorio digital más completo de la ciudad.

Los invitamos a revisar vuestro perfil y cualquier otro que quieran consultar para que vean los distintos formatos que ofrecemos.

👉 Pueden verlo:
Ingresando en www.sanrafael360.com o si tienes celular con Android descargando la app de Play Store https://play.google.com/store/apps/details?id=com.sanrafael360.www.twa

Contratando el plan PREMIUM por $25.000 el trimestre y si eliges el pago anual con un 20% de descuento abonas solamente $80.000. 

Por este plan acceden a cargar una galería completa de fotos, videos, ubicación al instante con Google Maps, links a redes sociales, WhatsApp y más.

Si les interesa participar pueden responder a este mismo mensaje de WhatsApp.","https://wa.me/5492604581603?text=%C2%A1Hola%20Propietarios%20de%20*Caba%C3%B1as%20Bosque%20Divino%20%E2%80%93%204%20Estrellas%20%E2%80%93%20Valle%20Grande*!%20%F0%9F%91%8B%0A%0ASomos%20del%20equipo%20de%20*San%20Rafael%20360*.%20Somos%20la%20gu%C3%ADa%20local%20de%20San%20Rafael.%20Vimos%20que%20su%20rubro%20es%20*Caba%C3%B1as*%20y%20estamos%20armando%20el%20directorio%20digital%20m%C3%A1s%20completo%20de%20la%20ciudad.%0A%0ALos%20invitamos%20a%20revisar%20vuestro%20perfil%20y%20cualquier%20otro%20que%20quieran%20consultar%20para%20que%20vean%20los%20distintos%20formatos%20que%20ofrecemos.%0A%0A%F0%9F%91%89%20Pueden%20verlo%3A%0AIngresando%20en%20www.sanrafael360.com%20o%20si%20tienes%20celular%20con%20Android%20descargando%20la%20app%20de%20Play%20Store%20https%3A%2F%2Fplay.google.com%2Fstore%2Fapps%2Fdetails%3Fid%3Dcom.sanrafael360.www.twa%0A%0AContratando%20el%20plan%20PREMIUM%20por%20%2425.000%20el%20trimestre%20y%20si%20eliges%20el%20pago%20anual%20con%20un%2020%25%20de%20descuento%20abonas%20solamente%20%2480.000.%20%0A%0APor%20este%20plan%20acceden%20a%20cargar%20una%20galer%C3%ADa%20completa%20de%20fotos%2C%20videos%2C%20ubicaci%C3%B3n%20al%20instante%20con%20Google%20Maps%2C%20links%20a%20redes%20sociales%2C%20WhatsApp%20y%20m%C3%A1s.%0A%0ASi%20les%20interesa%20participar%20pueden%20responder%20a%20este%20mismo%20mensaje%20de%20WhatsApp."
"5492604826030","Museo Posada Benelli - Las Paredes","Posadas","¡Hola Propietarios de *Museo Posada Benelli - Las Paredes*! 👋

Somos del equipo de *San Rafael 360*. Somos la guía local de San Rafael. Vimos que su rubro es *Posadas* y estamos armando el directorio digital más completo de la ciudad.

Los invitamos a revisar vuestro perfil y cualquier otro que quieran consultar para que vean los distintos formatos que ofrecemos.

👉 Pueden verlo:
Ingresando en www.sanrafael360.com o si tienes celular con Android descargando la app de Play Store https://play.google.com/store/apps/details?id=com.sanrafael360.www.twa

Contratando el plan PREMIUM por $25.000 el trimestre y si eliges el pago anual con un 20% de descuento abonas solamente $80.000. 

Por este plan acceden a cargar una galería completa de fotos, videos, ubicación al instante con Google Maps, links a redes sociales, WhatsApp y más.

Si les interesa participar pueden responder a este mismo mensaje de WhatsApp.","https://wa.me/5492604826030?text=%C2%A1Hola%20Propietarios%20de%20*Museo%20Posada%20Benelli%20-%20Las%20Paredes*!%20%F0%9F%91%8B%0A%0ASomos%20del%20equipo%20de%20*San%20Rafael%20360*.%20Somos%20la%20gu%C3%ADa%20local%20de%20San%20Rafael.%20Vimos%20que%20su%20rubro%20es%20*Posadas*%20y%20estamos%20armando%20el%20directorio%20digital%20m%C3%A1s%20completo%20de%20la%20ciudad.%0A%0ALos%20invitamos%20a%20revisar%20vuestro%20perfil%20y%20cualquier%20otro%20que%20quieran%20consultar%20para%20que%20vean%20los%20distintos%20formatos%20que%20ofrecemos.%0A%0A%F0%9F%91%89%20Pueden%20verlo%3A%0AIngresando%20en%20www.sanrafael360.com%20o%20si%20tienes%20celular%20con%20Android%20descargando%20la%20app%20de%20Play%20Store%20https%3A%2F%2Fplay.google.com%2Fstore%2Fapps%2Fdetails%3Fid%3Dcom.sanrafael360.www.twa%0A%0AContratando%20el%20plan%20PREMIUM%20por%20%2425.000%20el%20trimestre%20y%20si%20eliges%20el%20pago%20anual%20con%20un%2020%25%20de%20descuento%20abonas%20solamente%20%2480.000.%20%0A%0APor%20este%20plan%20acceden%20a%20cargar%20una%20galer%C3%ADa%20completa%20de%20fotos%2C%20videos%2C%20ubicaci%C3%B3n%20al%20instante%20con%20Google%20Maps%2C%20links%20a%20redes%20sociales%2C%20WhatsApp%20y%20m%C3%A1s.%0A%0ASi%20les%20interesa%20participar%20pueden%20responder%20a%20este%20mismo%20mensaje%20de%20WhatsApp."
"5492604619229","Apart Hotel Talú","Apart Hoteles","¡Hola Propietarios de *Apart Hotel Talú*! 👋

Somos del equipo de *San Rafael 360*. Somos la guía local de San Rafael. Vimos que su rubro es *Apart Hoteles* y estamos armando el directorio digital más completo de la ciudad.

Los invitamos a revisar vuestro perfil y cualquier otro que quieran consultar para que vean los distintos formatos que ofrecemos.

👉 Pueden verlo:
Ingresando en www.sanrafael360.com o si tienes celular con Android descargando la app de Play Store https://play.google.com/store/apps/details?id=com.sanrafael360.www.twa

Contratando el plan PREMIUM por $25.000 el trimestre y si eliges el pago anual con un 20% de descuento abonas solamente $80.000. 

Por este plan acceden a cargar una galería completa de fotos, videos, ubicación al instante con Google Maps, links a redes sociales, WhatsApp y más.

Si les interesa participar pueden responder a este mismo mensaje de WhatsApp.","https://wa.me/5492604619229?text=%C2%A1Hola%20Propietarios%20de%20*Apart%20Hotel%20Tal%C3%BA*!%20%F0%9F%91%8B%0A%0ASomos%20del%20equipo%20de%20*San%20Rafael%20360*.%20Somos%20la%20gu%C3%ADa%20local%20de%20San%20Rafael.%20Vimos%20que%20su%20rubro%20es%20*Apart%20Hoteles*%20y%20estamos%20armando%20el%20directorio%20digital%20m%C3%A1s%20completo%20de%20la%20ciudad.%0A%0ALos%20invitamos%20a%20revisar%20vuestro%20perfil%20y%20cualquier%20otro%20que%20quieran%20consultar%20para%20que%20vean%20los%20distintos%20formatos%20que%20ofrecemos.%0A%0A%F0%9F%91%89%20Pueden%20verlo%3A%0AIngresando%20en%20www.sanrafael360.com%20o%20si%20tienes%20celular%20con%20Android%20descargando%20la%20app%20de%20Play%20Store%20https%3A%2F%2Fplay.google.com%2Fstore%2Fapps%2Fdetails%3Fid%3Dcom.sanrafael360.www.twa%0A%0AContratando%20el%20plan%20PREMIUM%20por%20%2425.000%20el%20trimestre%20y%20si%20eliges%20el%20pago%20anual%20con%20un%2020%25%20de%20descuento%20abonas%20solamente%20%2480.000.%20%0A%0APor%20este%20plan%20acceden%20a%20cargar%20una%20galer%C3%ADa%20completa%20de%20fotos%2C%20videos%2C%20ubicaci%C3%B3n%20al%20instante%20con%20Google%20Maps%2C%20links%20a%20redes%20sociales%2C%20WhatsApp%20y%20m%C3%A1s.%0A%0ASi%20les%20interesa%20participar%20pueden%20responder%20a%20este%20mismo%20mensaje%20de%20WhatsApp."
"5492604538866","AYUM ELUN ALDEA DE RIO - (Restaurante) - Valle Grande -","Gastronomía","¡Hola Propietarios de *AYUM ELUN ALDEA DE RIO - (Restaurante) - Valle Grande -*! 👋

Somos del equipo de *San Rafael 360*. Somos la guía local de San Rafael. Vimos que su rubro es *Gastronomía* y estamos armando el directorio digital más completo de la ciudad.

Los invitamos a revisar vuestro perfil y cualquier otro que quieran consultar para que vean los distintos formatos que ofrecemos.

👉 Pueden verlo:
Ingresando en www.sanrafael360.com o si tienes celular con Android descargando la app de Play Store https://play.google.com/store/apps/details?id=com.sanrafael360.www.twa

Contratando el plan PREMIUM por $25.000 el trimestre y si eliges el pago anual con un 20% de descuento abonas solamente $80.000. 

Por este plan acceden a cargar una galería completa de fotos, videos, ubicación al instante con Google Maps, links a redes sociales, WhatsApp y más.

Si les interesa participar pueden responder a este mismo mensaje de WhatsApp.","https://wa.me/5492604538866?text=%C2%A1Hola%20Propietarios%20de%20*AYUM%20ELUN%20ALDEA%20DE%20RIO%20-%20(Restaurante)%20-%20Valle%20Grande%20-*!%20%F0%9F%91%8B%0A%0ASomos%20del%20equipo%20de%20*San%20Rafael%20360*.%20Somos%20la%20gu%C3%ADa%20local%20de%20San%20Rafael.%20Vimos%20que%20su%20rubro%20es%20*Gastronom%C3%ADa*%20y%20estamos%20armando%20el%20directorio%20digital%20m%C3%A1s%20completo%20de%20la%20ciudad.%0A%0ALos%20invitamos%20a%20revisar%20vuestro%20perfil%20y%20cualquier%20otro%20que%20quieran%20consultar%20para%20que%20vean%20los%20distintos%20formatos%20que%20ofrecemos.%0A%0A%F0%9F%91%89%20Pueden%20verlo%3A%0AIngresando%20en%20www.sanrafael360.com%20o%20si%20tienes%20celular%20con%20Android%20descargando%20la%20app%20de%20Play%20Store%20https%3A%2F%2Fplay.google.com%2Fstore%2Fapps%2Fdetails%3Fid%3Dcom.sanrafael360.www.twa%0A%0AContratando%20el%20plan%20PREMIUM%20por%20%2425.000%20el%20trimestre%20y%20si%20eliges%20el%20pago%20anual%20con%20un%2020%25%20de%20descuento%20abonas%20solamente%20%2480.000.%20%0A%0APor%20este%20plan%20acceden%20a%20cargar%20una%20galer%C3%ADa%20completa%20de%20fotos%2C%20videos%2C%20ubicaci%C3%B3n%20al%20instante%20con%20Google%20Maps%2C%20links%20a%20redes%20sociales%2C%20WhatsApp%20y%20m%C3%A1s.%0A%0ASi%20les%20interesa%20participar%20pueden%20responder%20a%20este%20mismo%20mensaje%20de%20WhatsApp."
"5492604351626","Cabañas Calderón II – 2 Estrellas – Las Paredes","Cabañas","¡Hola Propietarios de *Cabañas Calderón II – 2 Estrellas – Las Paredes*! 👋

Somos del equipo de *San Rafael 360*. Somos la guía local de San Rafael. Vimos que su rubro es *Cabañas* y estamos armando el directorio digital más completo de la ciudad.

Los invitamos a revisar vuestro perfil y cualquier otro que quieran consultar para que vean los distintos formatos que ofrecemos.

👉 Pueden verlo:
Ingresando en www.sanrafael360.com o si tienes celular con Android descargando la app de Play Store https://play.google.com/store/apps/details?id=com.sanrafael360.www.twa

Contratando el plan PREMIUM por $25.000 el trimestre y si eliges el pago anual con un 20% de descuento abonas solamente $80.000. 

Por este plan acceden a cargar una galería completa de fotos, videos, ubicación al instante con Google Maps, links a redes sociales, WhatsApp y más.

Si les interesa participar pueden responder a este mismo mensaje de WhatsApp.","https://wa.me/5492604351626?text=%C2%A1Hola%20Propietarios%20de%20*Caba%C3%B1as%20Calder%C3%B3n%20II%20%E2%80%93%202%20Estrellas%20%E2%80%93%20Las%20Paredes*!%20%F0%9F%91%8B%0A%0ASomos%20del%20equipo%20de%20*San%20Rafael%20360*.%20Somos%20la%20gu%C3%ADa%20local%20de%20San%20Rafael.%20Vimos%20que%20su%20rubro%20es%20*Caba%C3%B1as*%20y%20estamos%20armando%20el%20directorio%20digital%20m%C3%A1s%20completo%20de%20la%20ciudad.%0A%0ALos%20invitamos%20a%20revisar%20vuestro%20perfil%20y%20cualquier%20otro%20que%20quieran%20consultar%20para%20que%20vean%20los%20distintos%20formatos%20que%20ofrecemos.%0A%0A%F0%9F%91%89%20Pueden%20verlo%3A%0AIngresando%20en%20www.sanrafael360.com%20o%20si%20tienes%20celular%20con%20Android%20descargando%20la%20app%20de%20Play%20Store%20https%3A%2F%2Fplay.google.com%2Fstore%2Fapps%2Fdetails%3Fid%3Dcom.sanrafael360.www.twa%0A%0AContratando%20el%20plan%20PREMIUM%20por%20%2425.000%20el%20trimestre%20y%20si%20eliges%20el%20pago%20anual%20con%20un%2020%25%20de%20descuento%20abonas%20solamente%20%2480.000.%20%0A%0APor%20este%20plan%20acceden%20a%20cargar%20una%20galer%C3%ADa%20completa%20de%20fotos%2C%20videos%2C%20ubicaci%C3%B3n%20al%20instante%20con%20Google%20Maps%2C%20links%20a%20redes%20sociales%2C%20WhatsApp%20y%20m%C3%A1s.%0A%0ASi%20les%20interesa%20participar%20pueden%20responder%20a%20este%20mismo%20mensaje%20de%20WhatsApp."
"5492604040144","BODEGA BOUTIQUE IBARRA (Bodega / Restaurante) - Rama Caída","Bodegas","¡Hola Propietarios de *BODEGA BOUTIQUE IBARRA (Bodega / Restaurante) - Rama Caída*! 👋

Somos del equipo de *San Rafael 360*. Somos la guía local de San Rafael. Vimos que su rubro es *Bodegas* y estamos armando el directorio digital más completo de la ciudad.

Los invitamos a revisar vuestro perfil y cualquier otro que quieran consultar para que vean los distintos formatos que ofrecemos.

👉 Pueden verlo:
Ingresando en www.sanrafael360.com o si tienes celular con Android descargando la app de Play Store https://play.google.com/store/apps/details?id=com.sanrafael360.www.twa

Contratando el plan PREMIUM por $25.000 el trimestre y si eliges el pago anual con un 20% de descuento abonas solamente $80.000. 

Por este plan acceden a cargar una galería completa de fotos, videos, ubicación al instante con Google Maps, links a redes sociales, WhatsApp y más.

Si les interesa participar pueden responder a este mismo mensaje de WhatsApp.","https://wa.me/5492604040144?text=%C2%A1Hola%20Propietarios%20de%20*BODEGA%20BOUTIQUE%20IBARRA%20(Bodega%20%2F%20Restaurante)%20-%20Rama%20Ca%C3%ADda*!%20%F0%9F%91%8B%0A%0ASomos%20del%20equipo%20de%20*San%20Rafael%20360*.%20Somos%20la%20gu%C3%ADa%20local%20de%20San%20Rafael.%20Vimos%20que%20su%20rubro%20es%20*Bodegas*%20y%20estamos%20armando%20el%20directorio%20digital%20m%C3%A1s%20completo%20de%20la%20ciudad.%0A%0ALos%20invitamos%20a%20revisar%20vuestro%20perfil%20y%20cualquier%20otro%20que%20quieran%20consultar%20para%20que%20vean%20los%20distintos%20formatos%20que%20ofrecemos.%0A%0A%F0%9F%91%89%20Pueden%20verlo%3A%0AIngresando%20en%20www.sanrafael360.com%20o%20si%20tienes%20celular%20con%20Android%20descargando%20la%20app%20de%20Play%20Store%20https%3A%2F%2Fplay.google.com%2Fstore%2Fapps%2Fdetails%3Fid%3Dcom.sanrafael360.www.twa%0A%0AContratando%20el%20plan%20PREMIUM%20por%20%2425.000%20el%20trimestre%20y%20si%20eliges%20el%20pago%20anual%20con%20un%2020%25%20de%20descuento%20abonas%20solamente%20%2480.000.%20%0A%0APor%20este%20plan%20acceden%20a%20cargar%20una%20galer%C3%ADa%20completa%20de%20fotos%2C%20videos%2C%20ubicaci%C3%B3n%20al%20instante%20con%20Google%20Maps%2C%20links%20a%20redes%20sociales%2C%20WhatsApp%20y%20m%C3%A1s.%0A%0ASi%20les%20interesa%20participar%20pueden%20responder%20a%20este%20mismo%20mensaje%20de%20WhatsApp."
"5492604322262","Complejo Turístico Abraham- Ciudad","Sin Categoria","¡Hola Propietarios de *Complejo Turístico Abraham- Ciudad*! 👋

Somos del equipo de *San Rafael 360*. Somos la guía local de San Rafael. Vimos que su rubro es *Sin Categoria* y estamos armando el directorio digital más completo de la ciudad.

Los invitamos a revisar vuestro perfil y cualquier otro que quieran consultar para que vean los distintos formatos que ofrecemos.

👉 Pueden verlo:
Ingresando en www.sanrafael360.com o si tienes celular con Android descargando la app de Play Store https://play.google.com/store/apps/details?id=com.sanrafael360.www.twa

Contratando el plan PREMIUM por $25.000 el trimestre y si eliges el pago anual con un 20% de descuento abonas solamente $80.000. 

Por este plan acceden a cargar una galería completa de fotos, videos, ubicación al instante con Google Maps, links a redes sociales, WhatsApp y más.

Si les interesa participar pueden responder a este mismo mensaje de WhatsApp.","https://wa.me/5492604322262?text=%C2%A1Hola%20Propietarios%20de%20*Complejo%20Tur%C3%ADstico%20Abraham-%20Ciudad*!%20%F0%9F%91%8B%0A%0ASomos%20del%20equipo%20de%20*San%20Rafael%20360*.%20Somos%20la%20gu%C3%ADa%20local%20de%20San%20Rafael.%20Vimos%20que%20su%20rubro%20es%20*Sin%20Categoria*%20y%20estamos%20armando%20el%20directorio%20digital%20m%C3%A1s%20completo%20de%20la%20ciudad.%0A%0ALos%20invitamos%20a%20revisar%20vuestro%20perfil%20y%20cualquier%20otro%20que%20quieran%20consultar%20para%20que%20vean%20los%20distintos%20formatos%20que%20ofrecemos.%0A%0A%F0%9F%91%89%20Pueden%20verlo%3A%0AIngresando%20en%20www.sanrafael360.com%20o%20si%20tienes%20celular%20con%20Android%20descargando%20la%20app%20de%20Play%20Store%20https%3A%2F%2Fplay.google.com%2Fstore%2Fapps%2Fdetails%3Fid%3Dcom.sanrafael360.www.twa%0A%0AContratando%20el%20plan%20PREMIUM%20por%20%2425.000%20el%20trimestre%20y%20si%20eliges%20el%20pago%20anual%20con%20un%2020%25%20de%20descuento%20abonas%20solamente%20%2480.000.%20%0A%0APor%20este%20plan%20acceden%20a%20cargar%20una%20galer%C3%ADa%20completa%20de%20fotos%2C%20videos%2C%20ubicaci%C3%B3n%20al%20instante%20con%20Google%20Maps%2C%20links%20a%20redes%20sociales%2C%20WhatsApp%20y%20m%C3%A1s.%0A%0ASi%20les%20interesa%20participar%20pueden%20responder%20a%20este%20mismo%20mensaje%20de%20WhatsApp."
"5492604663800","BRUTO Café","Gastronomía","¡Hola Propietarios de *BRUTO Café*! 👋

Somos del equipo de *San Rafael 360*. Somos la guía local de San Rafael. Vimos que su rubro es *Gastronomía* y estamos armando el directorio digital más completo de la ciudad.

Los invitamos a revisar vuestro perfil y cualquier otro que quieran consultar para que vean los distintos formatos que ofrecemos.

👉 Pueden verlo:
Ingresando en www.sanrafael360.com o si tienes celular con Android descargando la app de Play Store https://play.google.com/store/apps/details?id=com.sanrafael360.www.twa

Contratando el plan PREMIUM por $25.000 el trimestre y si eliges el pago anual con un 20% de descuento abonas solamente $80.000. 

Por este plan acceden a cargar una galería completa de fotos, videos, ubicación al instante con Google Maps, links a redes sociales, WhatsApp y más.

Si les interesa participar pueden responder a este mismo mensaje de WhatsApp.","https://wa.me/5492604663800?text=%C2%A1Hola%20Propietarios%20de%20*BRUTO%20Caf%C3%A9*!%20%F0%9F%91%8B%0A%0ASomos%20del%20equipo%20de%20*San%20Rafael%20360*.%20Somos%20la%20gu%C3%ADa%20local%20de%20San%20Rafael.%20Vimos%20que%20su%20rubro%20es%20*Gastronom%C3%ADa*%20y%20estamos%20armando%20el%20directorio%20digital%20m%C3%A1s%20completo%20de%20la%20ciudad.%0A%0ALos%20invitamos%20a%20revisar%20vuestro%20perfil%20y%20cualquier%20otro%20que%20quieran%20consultar%20para%20que%20vean%20los%20distintos%20formatos%20que%20ofrecemos.%0A%0A%F0%9F%91%89%20Pueden%20verlo%3A%0AIngresando%20en%20www.sanrafael360.com%20o%20si%20tienes%20celular%20con%20Android%20descargando%20la%20app%20de%20Play%20Store%20https%3A%2F%2Fplay.google.com%2Fstore%2Fapps%2Fdetails%3Fid%3Dcom.sanrafael360.www.twa%0A%0AContratando%20el%20plan%20PREMIUM%20por%20%2425.000%20el%20trimestre%20y%20si%20eliges%20el%20pago%20anual%20con%20un%2020%25%20de%20descuento%20abonas%20solamente%20%2480.000.%20%0A%0APor%20este%20plan%20acceden%20a%20cargar%20una%20galer%C3%ADa%20completa%20de%20fotos%2C%20videos%2C%20ubicaci%C3%B3n%20al%20instante%20con%20Google%20Maps%2C%20links%20a%20redes%20sociales%2C%20WhatsApp%20y%20m%C3%A1s.%0A%0ASi%20les%20interesa%20participar%20pueden%20responder%20a%20este%20mismo%20mensaje%20de%20WhatsApp."
"5492604582250","Cabañas Cangallo - Ciudad","Cabañas","¡Hola Propietarios de *Cabañas Cangallo - Ciudad*! 👋

Somos del equipo de *San Rafael 360*. Somos la guía local de San Rafael. Vimos que su rubro es *Cabañas* y estamos armando el directorio digital más completo de la ciudad.

Los invitamos a revisar vuestro perfil y cualquier otro que quieran consultar para que vean los distintos formatos que ofrecemos.

👉 Pueden verlo:
Ingresando en www.sanrafael360.com o si tienes celular con Android descargando la app de Play Store https://play.google.com/store/apps/details?id=com.sanrafael360.www.twa

Contratando el plan PREMIUM por $25.000 el trimestre y si eliges el pago anual con un 20% de descuento abonas solamente $80.000. 

Por este plan acceden a cargar una galería completa de fotos, videos, ubicación al instante con Google Maps, links a redes sociales, WhatsApp y más.

Si les interesa participar pueden responder a este mismo mensaje de WhatsApp.","https://wa.me/5492604582250?text=%C2%A1Hola%20Propietarios%20de%20*Caba%C3%B1as%20Cangallo%20-%20Ciudad*!%20%F0%9F%91%8B%0A%0ASomos%20del%20equipo%20de%20*San%20Rafael%20360*.%20Somos%20la%20gu%C3%ADa%20local%20de%20San%20Rafael.%20Vimos%20que%20su%20rubro%20es%20*Caba%C3%B1as*%20y%20estamos%20armando%20el%20directorio%20digital%20m%C3%A1s%20completo%20de%20la%20ciudad.%0A%0ALos%20invitamos%20a%20revisar%20vuestro%20perfil%20y%20cualquier%20otro%20que%20quieran%20consultar%20para%20que%20vean%20los%20distintos%20formatos%20que%20ofrecemos.%0A%0A%F0%9F%91%89%20Pueden%20verlo%3A%0AIngresando%20en%20www.sanrafael360.com%20o%20si%20tienes%20celular%20con%20Android%20descargando%20la%20app%20de%20Play%20Store%20https%3A%2F%2Fplay.google.com%2Fstore%2Fapps%2Fdetails%3Fid%3Dcom.sanrafael360.www.twa%0A%0AContratando%20el%20plan%20PREMIUM%20por%20%2425.000%20el%20trimestre%20y%20si%20eliges%20el%20pago%20anual%20con%20un%2020%25%20de%20descuento%20abonas%20solamente%20%2480.000.%20%0A%0APor%20este%20plan%20acceden%20a%20cargar%20una%20galer%C3%ADa%20completa%20de%20fotos%2C%20videos%2C%20ubicaci%C3%B3n%20al%20instante%20con%20Google%20Maps%2C%20links%20a%20redes%20sociales%2C%20WhatsApp%20y%20m%C3%A1s.%0A%0ASi%20les%20interesa%20participar%20pueden%20responder%20a%20este%20mismo%20mensaje%20de%20WhatsApp."
"5492604682657","Cabañas Saint Bernard – Cuadro Nacional","Cabañas","¡Hola Propietarios de *Cabañas Saint Bernard – Cuadro Nacional*! 👋

Somos del equipo de *San Rafael 360*. Somos la guía local de San Rafael. Vimos que su rubro es *Cabañas* y estamos armando el directorio digital más completo de la ciudad.

Los invitamos a revisar vuestro perfil y cualquier otro que quieran consultar para que vean los distintos formatos que ofrecemos.

👉 Pueden verlo:
Ingresando en www.sanrafael360.com o si tienes celular con Android descargando la app de Play Store https://play.google.com/store/apps/details?id=com.sanrafael360.www.twa

Contratando el plan PREMIUM por $25.000 el trimestre y si eliges el pago anual con un 20% de descuento abonas solamente $80.000. 

Por este plan acceden a cargar una galería completa de fotos, videos, ubicación al instante con Google Maps, links a redes sociales, WhatsApp y más.

Si les interesa participar pueden responder a este mismo mensaje de WhatsApp.","https://wa.me/5492604682657?text=%C2%A1Hola%20Propietarios%20de%20*Caba%C3%B1as%20Saint%20Bernard%20%E2%80%93%20Cuadro%20Nacional*!%20%F0%9F%91%8B%0A%0ASomos%20del%20equipo%20de%20*San%20Rafael%20360*.%20Somos%20la%20gu%C3%ADa%20local%20de%20San%20Rafael.%20Vimos%20que%20su%20rubro%20es%20*Caba%C3%B1as*%20y%20estamos%20armando%20el%20directorio%20digital%20m%C3%A1s%20completo%20de%20la%20ciudad.%0A%0ALos%20invitamos%20a%20revisar%20vuestro%20perfil%20y%20cualquier%20otro%20que%20quieran%20consultar%20para%20que%20vean%20los%20distintos%20formatos%20que%20ofrecemos.%0A%0A%F0%9F%91%89%20Pueden%20verlo%3A%0AIngresando%20en%20www.sanrafael360.com%20o%20si%20tienes%20celular%20con%20Android%20descargando%20la%20app%20de%20Play%20Store%20https%3A%2F%2Fplay.google.com%2Fstore%2Fapps%2Fdetails%3Fid%3Dcom.sanrafael360.www.twa%0A%0AContratando%20el%20plan%20PREMIUM%20por%20%2425.000%20el%20trimestre%20y%20si%20eliges%20el%20pago%20anual%20con%20un%2020%25%20de%20descuento%20abonas%20solamente%20%2480.000.%20%0A%0APor%20este%20plan%20acceden%20a%20cargar%20una%20galer%C3%ADa%20completa%20de%20fotos%2C%20videos%2C%20ubicaci%C3%B3n%20al%20instante%20con%20Google%20Maps%2C%20links%20a%20redes%20sociales%2C%20WhatsApp%20y%20m%C3%A1s.%0A%0ASi%20les%20interesa%20participar%20pueden%20responder%20a%20este%20mismo%20mensaje%20de%20WhatsApp."
"5492604572729","LUPE TAQUERIA BAR (Taquería- Bar)","Gastronomía","¡Hola Propietarios de *LUPE TAQUERIA BAR (Taquería- Bar)*! 👋

Somos del equipo de *San Rafael 360*. Somos la guía local de San Rafael. Vimos que su rubro es *Gastronomía* y estamos armando el directorio digital más completo de la ciudad.

Los invitamos a revisar vuestro perfil y cualquier otro que quieran consultar para que vean los distintos formatos que ofrecemos.

👉 Pueden verlo:
Ingresando en www.sanrafael360.com o si tienes celular con Android descargando la app de Play Store https://play.google.com/store/apps/details?id=com.sanrafael360.www.twa

Contratando el plan PREMIUM por $25.000 el trimestre y si eliges el pago anual con un 20% de descuento abonas solamente $80.000. 

Por este plan acceden a cargar una galería completa de fotos, videos, ubicación al instante con Google Maps, links a redes sociales, WhatsApp y más.

Si les interesa participar pueden responder a este mismo mensaje de WhatsApp.","https://wa.me/5492604572729?text=%C2%A1Hola%20Propietarios%20de%20*LUPE%20TAQUERIA%20BAR%20(Taquer%C3%ADa-%20Bar)*!%20%F0%9F%91%8B%0A%0ASomos%20del%20equipo%20de%20*San%20Rafael%20360*.%20Somos%20la%20gu%C3%ADa%20local%20de%20San%20Rafael.%20Vimos%20que%20su%20rubro%20es%20*Gastronom%C3%ADa*%20y%20estamos%20armando%20el%20directorio%20digital%20m%C3%A1s%20completo%20de%20la%20ciudad.%0A%0ALos%20invitamos%20a%20revisar%20vuestro%20perfil%20y%20cualquier%20otro%20que%20quieran%20consultar%20para%20que%20vean%20los%20distintos%20formatos%20que%20ofrecemos.%0A%0A%F0%9F%91%89%20Pueden%20verlo%3A%0AIngresando%20en%20www.sanrafael360.com%20o%20si%20tienes%20celular%20con%20Android%20descargando%20la%20app%20de%20Play%20Store%20https%3A%2F%2Fplay.google.com%2Fstore%2Fapps%2Fdetails%3Fid%3Dcom.sanrafael360.www.twa%0A%0AContratando%20el%20plan%20PREMIUM%20por%20%2425.000%20el%20trimestre%20y%20si%20eliges%20el%20pago%20anual%20con%20un%2020%25%20de%20descuento%20abonas%20solamente%20%2480.000.%20%0A%0APor%20este%20plan%20acceden%20a%20cargar%20una%20galer%C3%ADa%20completa%20de%20fotos%2C%20videos%2C%20ubicaci%C3%B3n%20al%20instante%20con%20Google%20Maps%2C%20links%20a%20redes%20sociales%2C%20WhatsApp%20y%20m%C3%A1s.%0A%0ASi%20les%20interesa%20participar%20pueden%20responder%20a%20este%20mismo%20mensaje%20de%20WhatsApp."
"5492604682007","Apart Hotel Los Reyunos","Apart Hoteles","¡Hola Propietarios de *Apart Hotel Los Reyunos*! 👋

Somos del equipo de *San Rafael 360*. Somos la guía local de San Rafael. Vimos que su rubro es *Apart Hoteles* y estamos armando el directorio digital más completo de la ciudad.

Los invitamos a revisar vuestro perfil y cualquier otro que quieran consultar para que vean los distintos formatos que ofrecemos.

👉 Pueden verlo:
Ingresando en www.sanrafael360.com o si tienes celular con Android descargando la app de Play Store https://play.google.com/store/apps/details?id=com.sanrafael360.www.twa

Contratando el plan PREMIUM por $25.000 el trimestre y si eliges el pago anual con un 20% de descuento abonas solamente $80.000. 

Por este plan acceden a cargar una galería completa de fotos, videos, ubicación al instante con Google Maps, links a redes sociales, WhatsApp y más.

Si les interesa participar pueden responder a este mismo mensaje de WhatsApp.","https://wa.me/5492604682007?text=%C2%A1Hola%20Propietarios%20de%20*Apart%20Hotel%20Los%20Reyunos*!%20%F0%9F%91%8B%0A%0ASomos%20del%20equipo%20de%20*San%20Rafael%20360*.%20Somos%20la%20gu%C3%ADa%20local%20de%20San%20Rafael.%20Vimos%20que%20su%20rubro%20es%20*Apart%20Hoteles*%20y%20estamos%20armando%20el%20directorio%20digital%20m%C3%A1s%20completo%20de%20la%20ciudad.%0A%0ALos%20invitamos%20a%20revisar%20vuestro%20perfil%20y%20cualquier%20otro%20que%20quieran%20consultar%20para%20que%20vean%20los%20distintos%20formatos%20que%20ofrecemos.%0A%0A%F0%9F%91%89%20Pueden%20verlo%3A%0AIngresando%20en%20www.sanrafael360.com%20o%20si%20tienes%20celular%20con%20Android%20descargando%20la%20app%20de%20Play%20Store%20https%3A%2F%2Fplay.google.com%2Fstore%2Fapps%2Fdetails%3Fid%3Dcom.sanrafael360.www.twa%0A%0AContratando%20el%20plan%20PREMIUM%20por%20%2425.000%20el%20trimestre%20y%20si%20eliges%20el%20pago%20anual%20con%20un%2020%25%20de%20descuento%20abonas%20solamente%20%2480.000.%20%0A%0APor%20este%20plan%20acceden%20a%20cargar%20una%20galer%C3%ADa%20completa%20de%20fotos%2C%20videos%2C%20ubicaci%C3%B3n%20al%20instante%20con%20Google%20Maps%2C%20links%20a%20redes%20sociales%2C%20WhatsApp%20y%20m%C3%A1s.%0A%0ASi%20les%20interesa%20participar%20pueden%20responder%20a%20este%20mismo%20mensaje%20de%20WhatsApp."
"5492604446540","MILLANTI E.V.T. Excursiones Locales","Agencias de Viaje","¡Hola Propietarios de *MILLANTI E.V.T. Excursiones Locales*! 👋

Somos del equipo de *San Rafael 360*. Somos la guía local de San Rafael. Vimos que su rubro es *Agencias de Viaje* y estamos armando el directorio digital más completo de la ciudad.

Los invitamos a revisar vuestro perfil y cualquier otro que quieran consultar para que vean los distintos formatos que ofrecemos.

👉 Pueden verlo:
Ingresando en www.sanrafael360.com o si tienes celular con Android descargando la app de Play Store https://play.google.com/store/apps/details?id=com.sanrafael360.www.twa

Contratando el plan PREMIUM por $25.000 el trimestre y si eliges el pago anual con un 20% de descuento abonas solamente $80.000. 

Por este plan acceden a cargar una galería completa de fotos, videos, ubicación al instante con Google Maps, links a redes sociales, WhatsApp y más.

Si les interesa participar pueden responder a este mismo mensaje de WhatsApp.","https://wa.me/5492604446540?text=%C2%A1Hola%20Propietarios%20de%20*MILLANTI%20E.V.T.%20Excursiones%20Locales*!%20%F0%9F%91%8B%0A%0ASomos%20del%20equipo%20de%20*San%20Rafael%20360*.%20Somos%20la%20gu%C3%ADa%20local%20de%20San%20Rafael.%20Vimos%20que%20su%20rubro%20es%20*Agencias%20de%20Viaje*%20y%20estamos%20armando%20el%20directorio%20digital%20m%C3%A1s%20completo%20de%20la%20ciudad.%0A%0ALos%20invitamos%20a%20revisar%20vuestro%20perfil%20y%20cualquier%20otro%20que%20quieran%20consultar%20para%20que%20vean%20los%20distintos%20formatos%20que%20ofrecemos.%0A%0A%F0%9F%91%89%20Pueden%20verlo%3A%0AIngresando%20en%20www.sanrafael360.com%20o%20si%20tienes%20celular%20con%20Android%20descargando%20la%20app%20de%20Play%20Store%20https%3A%2F%2Fplay.google.com%2Fstore%2Fapps%2Fdetails%3Fid%3Dcom.sanrafael360.www.twa%0A%0AContratando%20el%20plan%20PREMIUM%20por%20%2425.000%20el%20trimestre%20y%20si%20eliges%20el%20pago%20anual%20con%20un%2020%25%20de%20descuento%20abonas%20solamente%20%2480.000.%20%0A%0APor%20este%20plan%20acceden%20a%20cargar%20una%20galer%C3%ADa%20completa%20de%20fotos%2C%20videos%2C%20ubicaci%C3%B3n%20al%20instante%20con%20Google%20Maps%2C%20links%20a%20redes%20sociales%2C%20WhatsApp%20y%20m%C3%A1s.%0A%0ASi%20les%20interesa%20participar%20pueden%20responder%20a%20este%20mismo%20mensaje%20de%20WhatsApp."
"5492604538866","Apart Hotel Ayum Elun Aldea de Río - Valle Grande","Apart Hoteles","¡Hola Propietarios de *Apart Hotel Ayum Elun Aldea de Río - Valle Grande*! 👋

Somos del equipo de *San Rafael 360*. Somos la guía local de San Rafael. Vimos que su rubro es *Apart Hoteles* y estamos armando el directorio digital más completo de la ciudad.

Los invitamos a revisar vuestro perfil y cualquier otro que quieran consultar para que vean los distintos formatos que ofrecemos.

👉 Pueden verlo:
Ingresando en www.sanrafael360.com o si tienes celular con Android descargando la app de Play Store https://play.google.com/store/apps/details?id=com.sanrafael360.www.twa

Contratando el plan PREMIUM por $25.000 el trimestre y si eliges el pago anual con un 20% de descuento abonas solamente $80.000. 

Por este plan acceden a cargar una galería completa de fotos, videos, ubicación al instante con Google Maps, links a redes sociales, WhatsApp y más.

Si les interesa participar pueden responder a este mismo mensaje de WhatsApp.","https://wa.me/5492604538866?text=%C2%A1Hola%20Propietarios%20de%20*Apart%20Hotel%20Ayum%20Elun%20Aldea%20de%20R%C3%ADo%20-%20Valle%20Grande*!%20%F0%9F%91%8B%0A%0ASomos%20del%20equipo%20de%20*San%20Rafael%20360*.%20Somos%20la%20gu%C3%ADa%20local%20de%20San%20Rafael.%20Vimos%20que%20su%20rubro%20es%20*Apart%20Hoteles*%20y%20estamos%20armando%20el%20directorio%20digital%20m%C3%A1s%20completo%20de%20la%20ciudad.%0A%0ALos%20invitamos%20a%20revisar%20vuestro%20perfil%20y%20cualquier%20otro%20que%20quieran%20consultar%20para%20que%20vean%20los%20distintos%20formatos%20que%20ofrecemos.%0A%0A%F0%9F%91%89%20Pueden%20verlo%3A%0AIngresando%20en%20www.sanrafael360.com%20o%20si%20tienes%20celular%20con%20Android%20descargando%20la%20app%20de%20Play%20Store%20https%3A%2F%2Fplay.google.com%2Fstore%2Fapps%2Fdetails%3Fid%3Dcom.sanrafael360.www.twa%0A%0AContratando%20el%20plan%20PREMIUM%20por%20%2425.000%20el%20trimestre%20y%20si%20eliges%20el%20pago%20anual%20con%20un%2020%25%20de%20descuento%20abonas%20solamente%20%2480.000.%20%0A%0APor%20este%20plan%20acceden%20a%20cargar%20una%20galer%C3%ADa%20completa%20de%20fotos%2C%20videos%2C%20ubicaci%C3%B3n%20al%20instante%20con%20Google%20Maps%2C%20links%20a%20redes%20sociales%2C%20WhatsApp%20y%20m%C3%A1s.%0A%0ASi%20les%20interesa%20participar%20pueden%20responder%20a%20este%20mismo%20mensaje%20de%20WhatsApp."
"5492604060643","NATURALEZA TURISMO - E.V.T. Turismo Emisivo","Agencias de Viaje","¡Hola Propietarios de *NATURALEZA TURISMO - E.V.T. Turismo Emisivo*! 👋

Somos del equipo de *San Rafael 360*. Somos la guía local de San Rafael. Vimos que su rubro es *Agencias de Viaje* y estamos armando el directorio digital más completo de la ciudad.

Los invitamos a revisar vuestro perfil y cualquier otro que quieran consultar para que vean los distintos formatos que ofrecemos.

👉 Pueden verlo:
Ingresando en www.sanrafael360.com o si tienes celular con Android descargando la app de Play Store https://play.google.com/store/apps/details?id=com.sanrafael360.www.twa

Contratando el plan PREMIUM por $25.000 el trimestre y si eliges el pago anual con un 20% de descuento abonas solamente $80.000. 

Por este plan acceden a cargar una galería completa de fotos, videos, ubicación al instante con Google Maps, links a redes sociales, WhatsApp y más.

Si les interesa participar pueden responder a este mismo mensaje de WhatsApp.","https://wa.me/5492604060643?text=%C2%A1Hola%20Propietarios%20de%20*NATURALEZA%20TURISMO%20-%20E.V.T.%20Turismo%20Emisivo*!%20%F0%9F%91%8B%0A%0ASomos%20del%20equipo%20de%20*San%20Rafael%20360*.%20Somos%20la%20gu%C3%ADa%20local%20de%20San%20Rafael.%20Vimos%20que%20su%20rubro%20es%20*Agencias%20de%20Viaje*%20y%20estamos%20armando%20el%20directorio%20digital%20m%C3%A1s%20completo%20de%20la%20ciudad.%0A%0ALos%20invitamos%20a%20revisar%20vuestro%20perfil%20y%20cualquier%20otro%20que%20quieran%20consultar%20para%20que%20vean%20los%20distintos%20formatos%20que%20ofrecemos.%0A%0A%F0%9F%91%89%20Pueden%20verlo%3A%0AIngresando%20en%20www.sanrafael360.com%20o%20si%20tienes%20celular%20con%20Android%20descargando%20la%20app%20de%20Play%20Store%20https%3A%2F%2Fplay.google.com%2Fstore%2Fapps%2Fdetails%3Fid%3Dcom.sanrafael360.www.twa%0A%0AContratando%20el%20plan%20PREMIUM%20por%20%2425.000%20el%20trimestre%20y%20si%20eliges%20el%20pago%20anual%20con%20un%2020%25%20de%20descuento%20abonas%20solamente%20%2480.000.%20%0A%0APor%20este%20plan%20acceden%20a%20cargar%20una%20galer%C3%ADa%20completa%20de%20fotos%2C%20videos%2C%20ubicaci%C3%B3n%20al%20instante%20con%20Google%20Maps%2C%20links%20a%20redes%20sociales%2C%20WhatsApp%20y%20m%C3%A1s.%0A%0ASi%20les%20interesa%20participar%20pueden%20responder%20a%20este%20mismo%20mensaje%20de%20WhatsApp."
"5492604036822","TOWDAH VIAJES - Empresa de Viajes y Turismo","Agencias de Viaje","¡Hola Propietarios de *TOWDAH VIAJES - Empresa de Viajes y Turismo*! 👋

Somos del equipo de *San Rafael 360*. Somos la guía local de San Rafael. Vimos que su rubro es *Agencias de Viaje* y estamos armando el directorio digital más completo de la ciudad.

Los invitamos a revisar vuestro perfil y cualquier otro que quieran consultar para que vean los distintos formatos que ofrecemos.

👉 Pueden verlo:
Ingresando en www.sanrafael360.com o si tienes celular con Android descargando la app de Play Store https://play.google.com/store/apps/details?id=com.sanrafael360.www.twa

Contratando el plan PREMIUM por $25.000 el trimestre y si eliges el pago anual con un 20% de descuento abonas solamente $80.000. 

Por este plan acceden a cargar una galería completa de fotos, videos, ubicación al instante con Google Maps, links a redes sociales, WhatsApp y más.

Si les interesa participar pueden responder a este mismo mensaje de WhatsApp.","https://wa.me/5492604036822?text=%C2%A1Hola%20Propietarios%20de%20*TOWDAH%20VIAJES%20-%20Empresa%20de%20Viajes%20y%20Turismo*!%20%F0%9F%91%8B%0A%0ASomos%20del%20equipo%20de%20*San%20Rafael%20360*.%20Somos%20la%20gu%C3%ADa%20local%20de%20San%20Rafael.%20Vimos%20que%20su%20rubro%20es%20*Agencias%20de%20Viaje*%20y%20estamos%20armando%20el%20directorio%20digital%20m%C3%A1s%20completo%20de%20la%20ciudad.%0A%0ALos%20invitamos%20a%20revisar%20vuestro%20perfil%20y%20cualquier%20otro%20que%20quieran%20consultar%20para%20que%20vean%20los%20distintos%20formatos%20que%20ofrecemos.%0A%0A%F0%9F%91%89%20Pueden%20verlo%3A%0AIngresando%20en%20www.sanrafael360.com%20o%20si%20tienes%20celular%20con%20Android%20descargando%20la%20app%20de%20Play%20Store%20https%3A%2F%2Fplay.google.com%2Fstore%2Fapps%2Fdetails%3Fid%3Dcom.sanrafael360.www.twa%0A%0AContratando%20el%20plan%20PREMIUM%20por%20%2425.000%20el%20trimestre%20y%20si%20eliges%20el%20pago%20anual%20con%20un%2020%25%20de%20descuento%20abonas%20solamente%20%2480.000.%20%0A%0APor%20este%20plan%20acceden%20a%20cargar%20una%20galer%C3%ADa%20completa%20de%20fotos%2C%20videos%2C%20ubicaci%C3%B3n%20al%20instante%20con%20Google%20Maps%2C%20links%20a%20redes%20sociales%2C%20WhatsApp%20y%20m%C3%A1s.%0A%0ASi%20les%20interesa%20participar%20pueden%20responder%20a%20este%20mismo%20mensaje%20de%20WhatsApp."
"5492604510000","MISS OLIVOS - (Visitas Guiadas- Venta de Productos) - Cuadro Benegas","Gastronomía","¡Hola Propietarios de *MISS OLIVOS - (Visitas Guiadas- Venta de Productos) - Cuadro Benegas*! 👋

Somos del equipo de *San Rafael 360*. Somos la guía local de San Rafael. Vimos que su rubro es *Gastronomía* y estamos armando el directorio digital más completo de la ciudad.

Los invitamos a revisar vuestro perfil y cualquier otro que quieran consultar para que vean los distintos formatos que ofrecemos.

👉 Pueden verlo:
Ingresando en www.sanrafael360.com o si tienes celular con Android descargando la app de Play Store https://play.google.com/store/apps/details?id=com.sanrafael360.www.twa

Contratando el plan PREMIUM por $25.000 el trimestre y si eliges el pago anual con un 20% de descuento abonas solamente $80.000. 

Por este plan acceden a cargar una galería completa de fotos, videos, ubicación al instante con Google Maps, links a redes sociales, WhatsApp y más.

Si les interesa participar pueden responder a este mismo mensaje de WhatsApp.","https://wa.me/5492604510000?text=%C2%A1Hola%20Propietarios%20de%20*MISS%20OLIVOS%20-%20(Visitas%20Guiadas-%20Venta%20de%20Productos)%20-%20Cuadro%20Benegas*!%20%F0%9F%91%8B%0A%0ASomos%20del%20equipo%20de%20*San%20Rafael%20360*.%20Somos%20la%20gu%C3%ADa%20local%20de%20San%20Rafael.%20Vimos%20que%20su%20rubro%20es%20*Gastronom%C3%ADa*%20y%20estamos%20armando%20el%20directorio%20digital%20m%C3%A1s%20completo%20de%20la%20ciudad.%0A%0ALos%20invitamos%20a%20revisar%20vuestro%20perfil%20y%20cualquier%20otro%20que%20quieran%20consultar%20para%20que%20vean%20los%20distintos%20formatos%20que%20ofrecemos.%0A%0A%F0%9F%91%89%20Pueden%20verlo%3A%0AIngresando%20en%20www.sanrafael360.com%20o%20si%20tienes%20celular%20con%20Android%20descargando%20la%20app%20de%20Play%20Store%20https%3A%2F%2Fplay.google.com%2Fstore%2Fapps%2Fdetails%3Fid%3Dcom.sanrafael360.www.twa%0A%0AContratando%20el%20plan%20PREMIUM%20por%20%2425.000%20el%20trimestre%20y%20si%20eliges%20el%20pago%20anual%20con%20un%2020%25%20de%20descuento%20abonas%20solamente%20%2480.000.%20%0A%0APor%20este%20plan%20acceden%20a%20cargar%20una%20galer%C3%ADa%20completa%20de%20fotos%2C%20videos%2C%20ubicaci%C3%B3n%20al%20instante%20con%20Google%20Maps%2C%20links%20a%20redes%20sociales%2C%20WhatsApp%20y%20m%C3%A1s.%0A%0ASi%20les%20interesa%20participar%20pueden%20responder%20a%20este%20mismo%20mensaje%20de%20WhatsApp."
"5492604023673","BODEGA ETNIA","Bodegas","¡Hola Propietarios de *BODEGA ETNIA*! 👋

Somos del equipo de *San Rafael 360*. Somos la guía local de San Rafael. Vimos que su rubro es *Bodegas* y estamos armando el directorio digital más completo de la ciudad.

Los invitamos a revisar vuestro perfil y cualquier otro que quieran consultar para que vean los distintos formatos que ofrecemos.

👉 Pueden verlo:
Ingresando en www.sanrafael360.com o si tienes celular con Android descargando la app de Play Store https://play.google.com/store/apps/details?id=com.sanrafael360.www.twa

Contratando el plan PREMIUM por $25.000 el trimestre y si eliges el pago anual con un 20% de descuento abonas solamente $80.000. 

Por este plan acceden a cargar una galería completa de fotos, videos, ubicación al instante con Google Maps, links a redes sociales, WhatsApp y más.

Si les interesa participar pueden responder a este mismo mensaje de WhatsApp.","https://wa.me/5492604023673?text=%C2%A1Hola%20Propietarios%20de%20*BODEGA%20ETNIA*!%20%F0%9F%91%8B%0A%0ASomos%20del%20equipo%20de%20*San%20Rafael%20360*.%20Somos%20la%20gu%C3%ADa%20local%20de%20San%20Rafael.%20Vimos%20que%20su%20rubro%20es%20*Bodegas*%20y%20estamos%20armando%20el%20directorio%20digital%20m%C3%A1s%20completo%20de%20la%20ciudad.%0A%0ALos%20invitamos%20a%20revisar%20vuestro%20perfil%20y%20cualquier%20otro%20que%20quieran%20consultar%20para%20que%20vean%20los%20distintos%20formatos%20que%20ofrecemos.%0A%0A%F0%9F%91%89%20Pueden%20verlo%3A%0AIngresando%20en%20www.sanrafael360.com%20o%20si%20tienes%20celular%20con%20Android%20descargando%20la%20app%20de%20Play%20Store%20https%3A%2F%2Fplay.google.com%2Fstore%2Fapps%2Fdetails%3Fid%3Dcom.sanrafael360.www.twa%0A%0AContratando%20el%20plan%20PREMIUM%20por%20%2425.000%20el%20trimestre%20y%20si%20eliges%20el%20pago%20anual%20con%20un%2020%25%20de%20descuento%20abonas%20solamente%20%2480.000.%20%0A%0APor%20este%20plan%20acceden%20a%20cargar%20una%20galer%C3%ADa%20completa%20de%20fotos%2C%20videos%2C%20ubicaci%C3%B3n%20al%20instante%20con%20Google%20Maps%2C%20links%20a%20redes%20sociales%2C%20WhatsApp%20y%20m%C3%A1s.%0A%0ASi%20les%20interesa%20participar%20pueden%20responder%20a%20este%20mismo%20mensaje%20de%20WhatsApp."
"5492604221266","SURCANDO VIAJES E.V.T. - Turismo Emisivo","Agencias de Viaje","¡Hola Propietarios de *SURCANDO VIAJES E.V.T. - Turismo Emisivo*! 👋

Somos del equipo de *San Rafael 360*. Somos la guía local de San Rafael. Vimos que su rubro es *Agencias de Viaje* y estamos armando el directorio digital más completo de la ciudad.

Los invitamos a revisar vuestro perfil y cualquier otro que quieran consultar para que vean los distintos formatos que ofrecemos.

👉 Pueden verlo:
Ingresando en www.sanrafael360.com o si tienes celular con Android descargando la app de Play Store https://play.google.com/store/apps/details?id=com.sanrafael360.www.twa

Contratando el plan PREMIUM por $25.000 el trimestre y si eliges el pago anual con un 20% de descuento abonas solamente $80.000. 

Por este plan acceden a cargar una galería completa de fotos, videos, ubicación al instante con Google Maps, links a redes sociales, WhatsApp y más.

Si les interesa participar pueden responder a este mismo mensaje de WhatsApp.","https://wa.me/5492604221266?text=%C2%A1Hola%20Propietarios%20de%20*SURCANDO%20VIAJES%20E.V.T.%20-%20Turismo%20Emisivo*!%20%F0%9F%91%8B%0A%0ASomos%20del%20equipo%20de%20*San%20Rafael%20360*.%20Somos%20la%20gu%C3%ADa%20local%20de%20San%20Rafael.%20Vimos%20que%20su%20rubro%20es%20*Agencias%20de%20Viaje*%20y%20estamos%20armando%20el%20directorio%20digital%20m%C3%A1s%20completo%20de%20la%20ciudad.%0A%0ALos%20invitamos%20a%20revisar%20vuestro%20perfil%20y%20cualquier%20otro%20que%20quieran%20consultar%20para%20que%20vean%20los%20distintos%20formatos%20que%20ofrecemos.%0A%0A%F0%9F%91%89%20Pueden%20verlo%3A%0AIngresando%20en%20www.sanrafael360.com%20o%20si%20tienes%20celular%20con%20Android%20descargando%20la%20app%20de%20Play%20Store%20https%3A%2F%2Fplay.google.com%2Fstore%2Fapps%2Fdetails%3Fid%3Dcom.sanrafael360.www.twa%0A%0AContratando%20el%20plan%20PREMIUM%20por%20%2425.000%20el%20trimestre%20y%20si%20eliges%20el%20pago%20anual%20con%20un%2020%25%20de%20descuento%20abonas%20solamente%20%2480.000.%20%0A%0APor%20este%20plan%20acceden%20a%20cargar%20una%20galer%C3%ADa%20completa%20de%20fotos%2C%20videos%2C%20ubicaci%C3%B3n%20al%20instante%20con%20Google%20Maps%2C%20links%20a%20redes%20sociales%2C%20WhatsApp%20y%20m%C3%A1s.%0A%0ASi%20les%20interesa%20participar%20pueden%20responder%20a%20este%20mismo%20mensaje%20de%20WhatsApp."
"5492604420155","ICONO VIAJES E.V.T. - Turismo Emisivo -","Agencias de Viaje","¡Hola Propietarios de *ICONO VIAJES E.V.T. - Turismo Emisivo -*! 👋

Somos del equipo de *San Rafael 360*. Somos la guía local de San Rafael. Vimos que su rubro es *Agencias de Viaje* y estamos armando el directorio digital más completo de la ciudad.

Los invitamos a revisar vuestro perfil y cualquier otro que quieran consultar para que vean los distintos formatos que ofrecemos.

👉 Pueden verlo:
Ingresando en www.sanrafael360.com o si tienes celular con Android descargando la app de Play Store https://play.google.com/store/apps/details?id=com.sanrafael360.www.twa

Contratando el plan PREMIUM por $25.000 el trimestre y si eliges el pago anual con un 20% de descuento abonas solamente $80.000. 

Por este plan acceden a cargar una galería completa de fotos, videos, ubicación al instante con Google Maps, links a redes sociales, WhatsApp y más.

Si les interesa participar pueden responder a este mismo mensaje de WhatsApp.","https://wa.me/5492604420155?text=%C2%A1Hola%20Propietarios%20de%20*ICONO%20VIAJES%20E.V.T.%20-%20Turismo%20Emisivo%20-*!%20%F0%9F%91%8B%0A%0ASomos%20del%20equipo%20de%20*San%20Rafael%20360*.%20Somos%20la%20gu%C3%ADa%20local%20de%20San%20Rafael.%20Vimos%20que%20su%20rubro%20es%20*Agencias%20de%20Viaje*%20y%20estamos%20armando%20el%20directorio%20digital%20m%C3%A1s%20completo%20de%20la%20ciudad.%0A%0ALos%20invitamos%20a%20revisar%20vuestro%20perfil%20y%20cualquier%20otro%20que%20quieran%20consultar%20para%20que%20vean%20los%20distintos%20formatos%20que%20ofrecemos.%0A%0A%F0%9F%91%89%20Pueden%20verlo%3A%0AIngresando%20en%20www.sanrafael360.com%20o%20si%20tienes%20celular%20con%20Android%20descargando%20la%20app%20de%20Play%20Store%20https%3A%2F%2Fplay.google.com%2Fstore%2Fapps%2Fdetails%3Fid%3Dcom.sanrafael360.www.twa%0A%0AContratando%20el%20plan%20PREMIUM%20por%20%2425.000%20el%20trimestre%20y%20si%20eliges%20el%20pago%20anual%20con%20un%2020%25%20de%20descuento%20abonas%20solamente%20%2480.000.%20%0A%0APor%20este%20plan%20acceden%20a%20cargar%20una%20galer%C3%ADa%20completa%20de%20fotos%2C%20videos%2C%20ubicaci%C3%B3n%20al%20instante%20con%20Google%20Maps%2C%20links%20a%20redes%20sociales%2C%20WhatsApp%20y%20m%C3%A1s.%0A%0ASi%20les%20interesa%20participar%20pueden%20responder%20a%20este%20mismo%20mensaje%20de%20WhatsApp."
"5492604518355","SAJET E.V.T.- Turismo Emisivo","Agencias de Viaje","¡Hola Propietarios de *SAJET E.V.T.- Turismo Emisivo*! 👋

Somos del equipo de *San Rafael 360*. Somos la guía local de San Rafael. Vimos que su rubro es *Agencias de Viaje* y estamos armando el directorio digital más completo de la ciudad.

Los invitamos a revisar vuestro perfil y cualquier otro que quieran consultar para que vean los distintos formatos que ofrecemos.

👉 Pueden verlo:
Ingresando en www.sanrafael360.com o si tienes celular con Android descargando la app de Play Store https://play.google.com/store/apps/details?id=com.sanrafael360.www.twa

Contratando el plan PREMIUM por $25.000 el trimestre y si eliges el pago anual con un 20% de descuento abonas solamente $80.000. 

Por este plan acceden a cargar una galería completa de fotos, videos, ubicación al instante con Google Maps, links a redes sociales, WhatsApp y más.

Si les interesa participar pueden responder a este mismo mensaje de WhatsApp.","https://wa.me/5492604518355?text=%C2%A1Hola%20Propietarios%20de%20*SAJET%20E.V.T.-%20Turismo%20Emisivo*!%20%F0%9F%91%8B%0A%0ASomos%20del%20equipo%20de%20*San%20Rafael%20360*.%20Somos%20la%20gu%C3%ADa%20local%20de%20San%20Rafael.%20Vimos%20que%20su%20rubro%20es%20*Agencias%20de%20Viaje*%20y%20estamos%20armando%20el%20directorio%20digital%20m%C3%A1s%20completo%20de%20la%20ciudad.%0A%0ALos%20invitamos%20a%20revisar%20vuestro%20perfil%20y%20cualquier%20otro%20que%20quieran%20consultar%20para%20que%20vean%20los%20distintos%20formatos%20que%20ofrecemos.%0A%0A%F0%9F%91%89%20Pueden%20verlo%3A%0AIngresando%20en%20www.sanrafael360.com%20o%20si%20tienes%20celular%20con%20Android%20descargando%20la%20app%20de%20Play%20Store%20https%3A%2F%2Fplay.google.com%2Fstore%2Fapps%2Fdetails%3Fid%3Dcom.sanrafael360.www.twa%0A%0AContratando%20el%20plan%20PREMIUM%20por%20%2425.000%20el%20trimestre%20y%20si%20eliges%20el%20pago%20anual%20con%20un%2020%25%20de%20descuento%20abonas%20solamente%20%2480.000.%20%0A%0APor%20este%20plan%20acceden%20a%20cargar%20una%20galer%C3%ADa%20completa%20de%20fotos%2C%20videos%2C%20ubicaci%C3%B3n%20al%20instante%20con%20Google%20Maps%2C%20links%20a%20redes%20sociales%2C%20WhatsApp%20y%20m%C3%A1s.%0A%0ASi%20les%20interesa%20participar%20pueden%20responder%20a%20este%20mismo%20mensaje%20de%20WhatsApp."
"5492604614567","WAMAI E.V.T. - Turismo Emisivo.","Agencias de Viaje","¡Hola Propietarios de *WAMAI E.V.T. - Turismo Emisivo.*! 👋

Somos del equipo de *San Rafael 360*. Somos la guía local de San Rafael. Vimos que su rubro es *Agencias de Viaje* y estamos armando el directorio digital más completo de la ciudad.

Los invitamos a revisar vuestro perfil y cualquier otro que quieran consultar para que vean los distintos formatos que ofrecemos.

👉 Pueden verlo:
Ingresando en www.sanrafael360.com o si tienes celular con Android descargando la app de Play Store https://play.google.com/store/apps/details?id=com.sanrafael360.www.twa

Contratando el plan PREMIUM por $25.000 el trimestre y si eliges el pago anual con un 20% de descuento abonas solamente $80.000. 

Por este plan acceden a cargar una galería completa de fotos, videos, ubicación al instante con Google Maps, links a redes sociales, WhatsApp y más.

Si les interesa participar pueden responder a este mismo mensaje de WhatsApp.","https://wa.me/5492604614567?text=%C2%A1Hola%20Propietarios%20de%20*WAMAI%20E.V.T.%20-%20Turismo%20Emisivo.*!%20%F0%9F%91%8B%0A%0ASomos%20del%20equipo%20de%20*San%20Rafael%20360*.%20Somos%20la%20gu%C3%ADa%20local%20de%20San%20Rafael.%20Vimos%20que%20su%20rubro%20es%20*Agencias%20de%20Viaje*%20y%20estamos%20armando%20el%20directorio%20digital%20m%C3%A1s%20completo%20de%20la%20ciudad.%0A%0ALos%20invitamos%20a%20revisar%20vuestro%20perfil%20y%20cualquier%20otro%20que%20quieran%20consultar%20para%20que%20vean%20los%20distintos%20formatos%20que%20ofrecemos.%0A%0A%F0%9F%91%89%20Pueden%20verlo%3A%0AIngresando%20en%20www.sanrafael360.com%20o%20si%20tienes%20celular%20con%20Android%20descargando%20la%20app%20de%20Play%20Store%20https%3A%2F%2Fplay.google.com%2Fstore%2Fapps%2Fdetails%3Fid%3Dcom.sanrafael360.www.twa%0A%0AContratando%20el%20plan%20PREMIUM%20por%20%2425.000%20el%20trimestre%20y%20si%20eliges%20el%20pago%20anual%20con%20un%2020%25%20de%20descuento%20abonas%20solamente%20%2480.000.%20%0A%0APor%20este%20plan%20acceden%20a%20cargar%20una%20galer%C3%ADa%20completa%20de%20fotos%2C%20videos%2C%20ubicaci%C3%B3n%20al%20instante%20con%20Google%20Maps%2C%20links%20a%20redes%20sociales%2C%20WhatsApp%20y%20m%C3%A1s.%0A%0ASi%20les%20interesa%20participar%20pueden%20responder%20a%20este%20mismo%20mensaje%20de%20WhatsApp."
"5492604649806","ORIGEN (Restó - Casa de Té – Bar)","Gastronomía","¡Hola Propietarios de *ORIGEN (Restó - Casa de Té – Bar)*! 👋

Somos del equipo de *San Rafael 360*. Somos la guía local de San Rafael. Vimos que su rubro es *Gastronomía* y estamos armando el directorio digital más completo de la ciudad.

Los invitamos a revisar vuestro perfil y cualquier otro que quieran consultar para que vean los distintos formatos que ofrecemos.

👉 Pueden verlo:
Ingresando en www.sanrafael360.com o si tienes celular con Android descargando la app de Play Store https://play.google.com/store/apps/details?id=com.sanrafael360.www.twa

Contratando el plan PREMIUM por $25.000 el trimestre y si eliges el pago anual con un 20% de descuento abonas solamente $80.000. 

Por este plan acceden a cargar una galería completa de fotos, videos, ubicación al instante con Google Maps, links a redes sociales, WhatsApp y más.

Si les interesa participar pueden responder a este mismo mensaje de WhatsApp.","https://wa.me/5492604649806?text=%C2%A1Hola%20Propietarios%20de%20*ORIGEN%20(Rest%C3%B3%20-%20Casa%20de%20T%C3%A9%20%E2%80%93%20Bar)*!%20%F0%9F%91%8B%0A%0ASomos%20del%20equipo%20de%20*San%20Rafael%20360*.%20Somos%20la%20gu%C3%ADa%20local%20de%20San%20Rafael.%20Vimos%20que%20su%20rubro%20es%20*Gastronom%C3%ADa*%20y%20estamos%20armando%20el%20directorio%20digital%20m%C3%A1s%20completo%20de%20la%20ciudad.%0A%0ALos%20invitamos%20a%20revisar%20vuestro%20perfil%20y%20cualquier%20otro%20que%20quieran%20consultar%20para%20que%20vean%20los%20distintos%20formatos%20que%20ofrecemos.%0A%0A%F0%9F%91%89%20Pueden%20verlo%3A%0AIngresando%20en%20www.sanrafael360.com%20o%20si%20tienes%20celular%20con%20Android%20descargando%20la%20app%20de%20Play%20Store%20https%3A%2F%2Fplay.google.com%2Fstore%2Fapps%2Fdetails%3Fid%3Dcom.sanrafael360.www.twa%0A%0AContratando%20el%20plan%20PREMIUM%20por%20%2425.000%20el%20trimestre%20y%20si%20eliges%20el%20pago%20anual%20con%20un%2020%25%20de%20descuento%20abonas%20solamente%20%2480.000.%20%0A%0APor%20este%20plan%20acceden%20a%20cargar%20una%20galer%C3%ADa%20completa%20de%20fotos%2C%20videos%2C%20ubicaci%C3%B3n%20al%20instante%20con%20Google%20Maps%2C%20links%20a%20redes%20sociales%2C%20WhatsApp%20y%20m%C3%A1s.%0A%0ASi%20les%20interesa%20participar%20pueden%20responder%20a%20este%20mismo%20mensaje%20de%20WhatsApp."
"5492604438020","Hotel Almería – 2 Estrellas","Hoteles","¡Hola Propietarios de *Hotel Almería – 2 Estrellas*! 👋

Somos del equipo de *San Rafael 360*. Somos la guía local de San Rafael. Vimos que su rubro es *Hoteles* y estamos armando el directorio digital más completo de la ciudad.

Los invitamos a revisar vuestro perfil y cualquier otro que quieran consultar para que vean los distintos formatos que ofrecemos.

👉 Pueden verlo:
Ingresando en www.sanrafael360.com o si tienes celular con Android descargando la app de Play Store https://play.google.com/store/apps/details?id=com.sanrafael360.www.twa

Contratando el plan PREMIUM por $25.000 el trimestre y si eliges el pago anual con un 20% de descuento abonas solamente $80.000. 

Por este plan acceden a cargar una galería completa de fotos, videos, ubicación al instante con Google Maps, links a redes sociales, WhatsApp y más.

Si les interesa participar pueden responder a este mismo mensaje de WhatsApp.","https://wa.me/5492604438020?text=%C2%A1Hola%20Propietarios%20de%20*Hotel%20Almer%C3%ADa%20%E2%80%93%202%20Estrellas*!%20%F0%9F%91%8B%0A%0ASomos%20del%20equipo%20de%20*San%20Rafael%20360*.%20Somos%20la%20gu%C3%ADa%20local%20de%20San%20Rafael.%20Vimos%20que%20su%20rubro%20es%20*Hoteles*%20y%20estamos%20armando%20el%20directorio%20digital%20m%C3%A1s%20completo%20de%20la%20ciudad.%0A%0ALos%20invitamos%20a%20revisar%20vuestro%20perfil%20y%20cualquier%20otro%20que%20quieran%20consultar%20para%20que%20vean%20los%20distintos%20formatos%20que%20ofrecemos.%0A%0A%F0%9F%91%89%20Pueden%20verlo%3A%0AIngresando%20en%20www.sanrafael360.com%20o%20si%20tienes%20celular%20con%20Android%20descargando%20la%20app%20de%20Play%20Store%20https%3A%2F%2Fplay.google.com%2Fstore%2Fapps%2Fdetails%3Fid%3Dcom.sanrafael360.www.twa%0A%0AContratando%20el%20plan%20PREMIUM%20por%20%2425.000%20el%20trimestre%20y%20si%20eliges%20el%20pago%20anual%20con%20un%2020%25%20de%20descuento%20abonas%20solamente%20%2480.000.%20%0A%0APor%20este%20plan%20acceden%20a%20cargar%20una%20galer%C3%ADa%20completa%20de%20fotos%2C%20videos%2C%20ubicaci%C3%B3n%20al%20instante%20con%20Google%20Maps%2C%20links%20a%20redes%20sociales%2C%20WhatsApp%20y%20m%C3%A1s.%0A%0ASi%20les%20interesa%20participar%20pueden%20responder%20a%20este%20mismo%20mensaje%20de%20WhatsApp."
"5492604446876","BENELLI CAFÉ -Museo Café","Café","¡Hola Propietarios de *BENELLI CAFÉ -Museo Café*! 👋

Somos del equipo de *San Rafael 360*. Somos la guía local de San Rafael. Vimos que su rubro es *Café* y estamos armando el directorio digital más completo de la ciudad.

Los invitamos a revisar vuestro perfil y cualquier otro que quieran consultar para que vean los distintos formatos que ofrecemos.

👉 Pueden verlo:
Ingresando en www.sanrafael360.com o si tienes celular con Android descargando la app de Play Store https://play.google.com/store/apps/details?id=com.sanrafael360.www.twa

Contratando el plan PREMIUM por $25.000 el trimestre y si eliges el pago anual con un 20% de descuento abonas solamente $80.000. 

Por este plan acceden a cargar una galería completa de fotos, videos, ubicación al instante con Google Maps, links a redes sociales, WhatsApp y más.

Si les interesa participar pueden responder a este mismo mensaje de WhatsApp.","https://wa.me/5492604446876?text=%C2%A1Hola%20Propietarios%20de%20*BENELLI%20CAF%C3%89%20-Museo%20Caf%C3%A9*!%20%F0%9F%91%8B%0A%0ASomos%20del%20equipo%20de%20*San%20Rafael%20360*.%20Somos%20la%20gu%C3%ADa%20local%20de%20San%20Rafael.%20Vimos%20que%20su%20rubro%20es%20*Caf%C3%A9*%20y%20estamos%20armando%20el%20directorio%20digital%20m%C3%A1s%20completo%20de%20la%20ciudad.%0A%0ALos%20invitamos%20a%20revisar%20vuestro%20perfil%20y%20cualquier%20otro%20que%20quieran%20consultar%20para%20que%20vean%20los%20distintos%20formatos%20que%20ofrecemos.%0A%0A%F0%9F%91%89%20Pueden%20verlo%3A%0AIngresando%20en%20www.sanrafael360.com%20o%20si%20tienes%20celular%20con%20Android%20descargando%20la%20app%20de%20Play%20Store%20https%3A%2F%2Fplay.google.com%2Fstore%2Fapps%2Fdetails%3Fid%3Dcom.sanrafael360.www.twa%0A%0AContratando%20el%20plan%20PREMIUM%20por%20%2425.000%20el%20trimestre%20y%20si%20eliges%20el%20pago%20anual%20con%20un%2020%25%20de%20descuento%20abonas%20solamente%20%2480.000.%20%0A%0APor%20este%20plan%20acceden%20a%20cargar%20una%20galer%C3%ADa%20completa%20de%20fotos%2C%20videos%2C%20ubicaci%C3%B3n%20al%20instante%20con%20Google%20Maps%2C%20links%20a%20redes%20sociales%2C%20WhatsApp%20y%20m%C3%A1s.%0A%0ASi%20les%20interesa%20participar%20pueden%20responder%20a%20este%20mismo%20mensaje%20de%20WhatsApp."
"5492604414179","La Dante Viajes","Agencias de Viaje","¡Hola Propietarios de *La Dante Viajes*! 👋

Somos del equipo de *San Rafael 360*. Somos la guía local de San Rafael. Vimos que su rubro es *Agencias de Viaje* y estamos armando el directorio digital más completo de la ciudad.

Los invitamos a revisar vuestro perfil y cualquier otro que quieran consultar para que vean los distintos formatos que ofrecemos.

👉 Pueden verlo:
Ingresando en www.sanrafael360.com o si tienes celular con Android descargando la app de Play Store https://play.google.com/store/apps/details?id=com.sanrafael360.www.twa

Contratando el plan PREMIUM por $25.000 el trimestre y si eliges el pago anual con un 20% de descuento abonas solamente $80.000. 

Por este plan acceden a cargar una galería completa de fotos, videos, ubicación al instante con Google Maps, links a redes sociales, WhatsApp y más.

Si les interesa participar pueden responder a este mismo mensaje de WhatsApp.","https://wa.me/5492604414179?text=%C2%A1Hola%20Propietarios%20de%20*La%20Dante%20Viajes*!%20%F0%9F%91%8B%0A%0ASomos%20del%20equipo%20de%20*San%20Rafael%20360*.%20Somos%20la%20gu%C3%ADa%20local%20de%20San%20Rafael.%20Vimos%20que%20su%20rubro%20es%20*Agencias%20de%20Viaje*%20y%20estamos%20armando%20el%20directorio%20digital%20m%C3%A1s%20completo%20de%20la%20ciudad.%0A%0ALos%20invitamos%20a%20revisar%20vuestro%20perfil%20y%20cualquier%20otro%20que%20quieran%20consultar%20para%20que%20vean%20los%20distintos%20formatos%20que%20ofrecemos.%0A%0A%F0%9F%91%89%20Pueden%20verlo%3A%0AIngresando%20en%20www.sanrafael360.com%20o%20si%20tienes%20celular%20con%20Android%20descargando%20la%20app%20de%20Play%20Store%20https%3A%2F%2Fplay.google.com%2Fstore%2Fapps%2Fdetails%3Fid%3Dcom.sanrafael360.www.twa%0A%0AContratando%20el%20plan%20PREMIUM%20por%20%2425.000%20el%20trimestre%20y%20si%20eliges%20el%20pago%20anual%20con%20un%2020%25%20de%20descuento%20abonas%20solamente%20%2480.000.%20%0A%0APor%20este%20plan%20acceden%20a%20cargar%20una%20galer%C3%ADa%20completa%20de%20fotos%2C%20videos%2C%20ubicaci%C3%B3n%20al%20instante%20con%20Google%20Maps%2C%20links%20a%20redes%20sociales%2C%20WhatsApp%20y%20m%C3%A1s.%0A%0ASi%20les%20interesa%20participar%20pueden%20responder%20a%20este%20mismo%20mensaje%20de%20WhatsApp."
"5492604118353","BODEGA FAMILIA MORGAN (Bodega) – Las Paredes","Bodegas","¡Hola Propietarios de *BODEGA FAMILIA MORGAN (Bodega) – Las Paredes*! 👋

Somos del equipo de *San Rafael 360*. Somos la guía local de San Rafael. Vimos que su rubro es *Bodegas* y estamos armando el directorio digital más completo de la ciudad.

Los invitamos a revisar vuestro perfil y cualquier otro que quieran consultar para que vean los distintos formatos que ofrecemos.

👉 Pueden verlo:
Ingresando en www.sanrafael360.com o si tienes celular con Android descargando la app de Play Store https://play.google.com/store/apps/details?id=com.sanrafael360.www.twa

Contratando el plan PREMIUM por $25.000 el trimestre y si eliges el pago anual con un 20% de descuento abonas solamente $80.000. 

Por este plan acceden a cargar una galería completa de fotos, videos, ubicación al instante con Google Maps, links a redes sociales, WhatsApp y más.

Si les interesa participar pueden responder a este mismo mensaje de WhatsApp.","https://wa.me/5492604118353?text=%C2%A1Hola%20Propietarios%20de%20*BODEGA%20FAMILIA%20MORGAN%20(Bodega)%20%E2%80%93%20Las%20Paredes*!%20%F0%9F%91%8B%0A%0ASomos%20del%20equipo%20de%20*San%20Rafael%20360*.%20Somos%20la%20gu%C3%ADa%20local%20de%20San%20Rafael.%20Vimos%20que%20su%20rubro%20es%20*Bodegas*%20y%20estamos%20armando%20el%20directorio%20digital%20m%C3%A1s%20completo%20de%20la%20ciudad.%0A%0ALos%20invitamos%20a%20revisar%20vuestro%20perfil%20y%20cualquier%20otro%20que%20quieran%20consultar%20para%20que%20vean%20los%20distintos%20formatos%20que%20ofrecemos.%0A%0A%F0%9F%91%89%20Pueden%20verlo%3A%0AIngresando%20en%20www.sanrafael360.com%20o%20si%20tienes%20celular%20con%20Android%20descargando%20la%20app%20de%20Play%20Store%20https%3A%2F%2Fplay.google.com%2Fstore%2Fapps%2Fdetails%3Fid%3Dcom.sanrafael360.www.twa%0A%0AContratando%20el%20plan%20PREMIUM%20por%20%2425.000%20el%20trimestre%20y%20si%20eliges%20el%20pago%20anual%20con%20un%2020%25%20de%20descuento%20abonas%20solamente%20%2480.000.%20%0A%0APor%20este%20plan%20acceden%20a%20cargar%20una%20galer%C3%ADa%20completa%20de%20fotos%2C%20videos%2C%20ubicaci%C3%B3n%20al%20instante%20con%20Google%20Maps%2C%20links%20a%20redes%20sociales%2C%20WhatsApp%20y%20m%C3%A1s.%0A%0ASi%20les%20interesa%20participar%20pueden%20responder%20a%20este%20mismo%20mensaje%20de%20WhatsApp."
"5492604348668","LUCI Agencia de Viajes - Excursiones Locales y Turismo Emisivo.","Agencias de Viaje","¡Hola Propietarios de *LUCI Agencia de Viajes - Excursiones Locales y Turismo Emisivo.*! 👋

Somos del equipo de *San Rafael 360*. Somos la guía local de San Rafael. Vimos que su rubro es *Agencias de Viaje* y estamos armando el directorio digital más completo de la ciudad.

Los invitamos a revisar vuestro perfil y cualquier otro que quieran consultar para que vean los distintos formatos que ofrecemos.

👉 Pueden verlo:
Ingresando en www.sanrafael360.com o si tienes celular con Android descargando la app de Play Store https://play.google.com/store/apps/details?id=com.sanrafael360.www.twa

Contratando el plan PREMIUM por $25.000 el trimestre y si eliges el pago anual con un 20% de descuento abonas solamente $80.000. 

Por este plan acceden a cargar una galería completa de fotos, videos, ubicación al instante con Google Maps, links a redes sociales, WhatsApp y más.

Si les interesa participar pueden responder a este mismo mensaje de WhatsApp.","https://wa.me/5492604348668?text=%C2%A1Hola%20Propietarios%20de%20*LUCI%20Agencia%20de%20Viajes%20-%20Excursiones%20Locales%20y%20Turismo%20Emisivo.*!%20%F0%9F%91%8B%0A%0ASomos%20del%20equipo%20de%20*San%20Rafael%20360*.%20Somos%20la%20gu%C3%ADa%20local%20de%20San%20Rafael.%20Vimos%20que%20su%20rubro%20es%20*Agencias%20de%20Viaje*%20y%20estamos%20armando%20el%20directorio%20digital%20m%C3%A1s%20completo%20de%20la%20ciudad.%0A%0ALos%20invitamos%20a%20revisar%20vuestro%20perfil%20y%20cualquier%20otro%20que%20quieran%20consultar%20para%20que%20vean%20los%20distintos%20formatos%20que%20ofrecemos.%0A%0A%F0%9F%91%89%20Pueden%20verlo%3A%0AIngresando%20en%20www.sanrafael360.com%20o%20si%20tienes%20celular%20con%20Android%20descargando%20la%20app%20de%20Play%20Store%20https%3A%2F%2Fplay.google.com%2Fstore%2Fapps%2Fdetails%3Fid%3Dcom.sanrafael360.www.twa%0A%0AContratando%20el%20plan%20PREMIUM%20por%20%2425.000%20el%20trimestre%20y%20si%20eliges%20el%20pago%20anual%20con%20un%2020%25%20de%20descuento%20abonas%20solamente%20%2480.000.%20%0A%0APor%20este%20plan%20acceden%20a%20cargar%20una%20galer%C3%ADa%20completa%20de%20fotos%2C%20videos%2C%20ubicaci%C3%B3n%20al%20instante%20con%20Google%20Maps%2C%20links%20a%20redes%20sociales%2C%20WhatsApp%20y%20m%C3%A1s.%0A%0ASi%20les%20interesa%20participar%20pueden%20responder%20a%20este%20mismo%20mensaje%20de%20WhatsApp."
"5492604557074","Hotel Inti’s- 1 Estrella","Hoteles","¡Hola Propietarios de *Hotel Inti’s- 1 Estrella*! 👋

Somos del equipo de *San Rafael 360*. Somos la guía local de San Rafael. Vimos que su rubro es *Hoteles* y estamos armando el directorio digital más completo de la ciudad.

Los invitamos a revisar vuestro perfil y cualquier otro que quieran consultar para que vean los distintos formatos que ofrecemos.

👉 Pueden verlo:
Ingresando en www.sanrafael360.com o si tienes celular con Android descargando la app de Play Store https://play.google.com/store/apps/details?id=com.sanrafael360.www.twa

Contratando el plan PREMIUM por $25.000 el trimestre y si eliges el pago anual con un 20% de descuento abonas solamente $80.000. 

Por este plan acceden a cargar una galería completa de fotos, videos, ubicación al instante con Google Maps, links a redes sociales, WhatsApp y más.

Si les interesa participar pueden responder a este mismo mensaje de WhatsApp.","https://wa.me/5492604557074?text=%C2%A1Hola%20Propietarios%20de%20*Hotel%20Inti%E2%80%99s-%201%20Estrella*!%20%F0%9F%91%8B%0A%0ASomos%20del%20equipo%20de%20*San%20Rafael%20360*.%20Somos%20la%20gu%C3%ADa%20local%20de%20San%20Rafael.%20Vimos%20que%20su%20rubro%20es%20*Hoteles*%20y%20estamos%20armando%20el%20directorio%20digital%20m%C3%A1s%20completo%20de%20la%20ciudad.%0A%0ALos%20invitamos%20a%20revisar%20vuestro%20perfil%20y%20cualquier%20otro%20que%20quieran%20consultar%20para%20que%20vean%20los%20distintos%20formatos%20que%20ofrecemos.%0A%0A%F0%9F%91%89%20Pueden%20verlo%3A%0AIngresando%20en%20www.sanrafael360.com%20o%20si%20tienes%20celular%20con%20Android%20descargando%20la%20app%20de%20Play%20Store%20https%3A%2F%2Fplay.google.com%2Fstore%2Fapps%2Fdetails%3Fid%3Dcom.sanrafael360.www.twa%0A%0AContratando%20el%20plan%20PREMIUM%20por%20%2425.000%20el%20trimestre%20y%20si%20eliges%20el%20pago%20anual%20con%20un%2020%25%20de%20descuento%20abonas%20solamente%20%2480.000.%20%0A%0APor%20este%20plan%20acceden%20a%20cargar%20una%20galer%C3%ADa%20completa%20de%20fotos%2C%20videos%2C%20ubicaci%C3%B3n%20al%20instante%20con%20Google%20Maps%2C%20links%20a%20redes%20sociales%2C%20WhatsApp%20y%20m%C3%A1s.%0A%0ASi%20les%20interesa%20participar%20pueden%20responder%20a%20este%20mismo%20mensaje%20de%20WhatsApp."
"5492604594274","BODEGA GRAND ESTATE (vinos)","Bodegas","¡Hola Propietarios de *BODEGA GRAND ESTATE (vinos)*! 👋

Somos del equipo de *San Rafael 360*. Somos la guía local de San Rafael. Vimos que su rubro es *Bodegas* y estamos armando el directorio digital más completo de la ciudad.

Los invitamos a revisar vuestro perfil y cualquier otro que quieran consultar para que vean los distintos formatos que ofrecemos.

👉 Pueden verlo:
Ingresando en www.sanrafael360.com o si tienes celular con Android descargando la app de Play Store https://play.google.com/store/apps/details?id=com.sanrafael360.www.twa

Contratando el plan PREMIUM por $25.000 el trimestre y si eliges el pago anual con un 20% de descuento abonas solamente $80.000. 

Por este plan acceden a cargar una galería completa de fotos, videos, ubicación al instante con Google Maps, links a redes sociales, WhatsApp y más.

Si les interesa participar pueden responder a este mismo mensaje de WhatsApp.","https://wa.me/5492604594274?text=%C2%A1Hola%20Propietarios%20de%20*BODEGA%20GRAND%20ESTATE%20(vinos)*!%20%F0%9F%91%8B%0A%0ASomos%20del%20equipo%20de%20*San%20Rafael%20360*.%20Somos%20la%20gu%C3%ADa%20local%20de%20San%20Rafael.%20Vimos%20que%20su%20rubro%20es%20*Bodegas*%20y%20estamos%20armando%20el%20directorio%20digital%20m%C3%A1s%20completo%20de%20la%20ciudad.%0A%0ALos%20invitamos%20a%20revisar%20vuestro%20perfil%20y%20cualquier%20otro%20que%20quieran%20consultar%20para%20que%20vean%20los%20distintos%20formatos%20que%20ofrecemos.%0A%0A%F0%9F%91%89%20Pueden%20verlo%3A%0AIngresando%20en%20www.sanrafael360.com%20o%20si%20tienes%20celular%20con%20Android%20descargando%20la%20app%20de%20Play%20Store%20https%3A%2F%2Fplay.google.com%2Fstore%2Fapps%2Fdetails%3Fid%3Dcom.sanrafael360.www.twa%0A%0AContratando%20el%20plan%20PREMIUM%20por%20%2425.000%20el%20trimestre%20y%20si%20eliges%20el%20pago%20anual%20con%20un%2020%25%20de%20descuento%20abonas%20solamente%20%2480.000.%20%0A%0APor%20este%20plan%20acceden%20a%20cargar%20una%20galer%C3%ADa%20completa%20de%20fotos%2C%20videos%2C%20ubicaci%C3%B3n%20al%20instante%20con%20Google%20Maps%2C%20links%20a%20redes%20sociales%2C%20WhatsApp%20y%20m%C3%A1s.%0A%0ASi%20les%20interesa%20participar%20pueden%20responder%20a%20este%20mismo%20mensaje%20de%20WhatsApp."
"5492604530327","DILYS TOURS - Excursiones Locales y Turismo Emisivo.","Agencias de Viaje","¡Hola Propietarios de *DILYS TOURS - Excursiones Locales y Turismo Emisivo.*! 👋

Somos del equipo de *San Rafael 360*. Somos la guía local de San Rafael. Vimos que su rubro es *Agencias de Viaje* y estamos armando el directorio digital más completo de la ciudad.

Los invitamos a revisar vuestro perfil y cualquier otro que quieran consultar para que vean los distintos formatos que ofrecemos.

👉 Pueden verlo:
Ingresando en www.sanrafael360.com o si tienes celular con Android descargando la app de Play Store https://play.google.com/store/apps/details?id=com.sanrafael360.www.twa

Contratando el plan PREMIUM por $25.000 el trimestre y si eliges el pago anual con un 20% de descuento abonas solamente $80.000. 

Por este plan acceden a cargar una galería completa de fotos, videos, ubicación al instante con Google Maps, links a redes sociales, WhatsApp y más.

Si les interesa participar pueden responder a este mismo mensaje de WhatsApp.","https://wa.me/5492604530327?text=%C2%A1Hola%20Propietarios%20de%20*DILYS%20TOURS%20-%20Excursiones%20Locales%20y%20Turismo%20Emisivo.*!%20%F0%9F%91%8B%0A%0ASomos%20del%20equipo%20de%20*San%20Rafael%20360*.%20Somos%20la%20gu%C3%ADa%20local%20de%20San%20Rafael.%20Vimos%20que%20su%20rubro%20es%20*Agencias%20de%20Viaje*%20y%20estamos%20armando%20el%20directorio%20digital%20m%C3%A1s%20completo%20de%20la%20ciudad.%0A%0ALos%20invitamos%20a%20revisar%20vuestro%20perfil%20y%20cualquier%20otro%20que%20quieran%20consultar%20para%20que%20vean%20los%20distintos%20formatos%20que%20ofrecemos.%0A%0A%F0%9F%91%89%20Pueden%20verlo%3A%0AIngresando%20en%20www.sanrafael360.com%20o%20si%20tienes%20celular%20con%20Android%20descargando%20la%20app%20de%20Play%20Store%20https%3A%2F%2Fplay.google.com%2Fstore%2Fapps%2Fdetails%3Fid%3Dcom.sanrafael360.www.twa%0A%0AContratando%20el%20plan%20PREMIUM%20por%20%2425.000%20el%20trimestre%20y%20si%20eliges%20el%20pago%20anual%20con%20un%2020%25%20de%20descuento%20abonas%20solamente%20%2480.000.%20%0A%0APor%20este%20plan%20acceden%20a%20cargar%20una%20galer%C3%ADa%20completa%20de%20fotos%2C%20videos%2C%20ubicaci%C3%B3n%20al%20instante%20con%20Google%20Maps%2C%20links%20a%20redes%20sociales%2C%20WhatsApp%20y%20m%C3%A1s.%0A%0ASi%20les%20interesa%20participar%20pueden%20responder%20a%20este%20mismo%20mensaje%20de%20WhatsApp."
"5492604565374","SAN RAFAEL EXCURSIONES evt Legajo 19108","Agencias de Viaje","¡Hola Propietarios de *SAN RAFAEL EXCURSIONES evt Legajo 19108*! 👋

Somos del equipo de *San Rafael 360*. Somos la guía local de San Rafael. Vimos que su rubro es *Agencias de Viaje* y estamos armando el directorio digital más completo de la ciudad.

Los invitamos a revisar vuestro perfil y cualquier otro que quieran consultar para que vean los distintos formatos que ofrecemos.

👉 Pueden verlo:
Ingresando en www.sanrafael360.com o si tienes celular con Android descargando la app de Play Store https://play.google.com/store/apps/details?id=com.sanrafael360.www.twa

Contratando el plan PREMIUM por $25.000 el trimestre y si eliges el pago anual con un 20% de descuento abonas solamente $80.000. 

Por este plan acceden a cargar una galería completa de fotos, videos, ubicación al instante con Google Maps, links a redes sociales, WhatsApp y más.

Si les interesa participar pueden responder a este mismo mensaje de WhatsApp.","https://wa.me/5492604565374?text=%C2%A1Hola%20Propietarios%20de%20*SAN%20RAFAEL%20EXCURSIONES%20evt%20Legajo%2019108*!%20%F0%9F%91%8B%0A%0ASomos%20del%20equipo%20de%20*San%20Rafael%20360*.%20Somos%20la%20gu%C3%ADa%20local%20de%20San%20Rafael.%20Vimos%20que%20su%20rubro%20es%20*Agencias%20de%20Viaje*%20y%20estamos%20armando%20el%20directorio%20digital%20m%C3%A1s%20completo%20de%20la%20ciudad.%0A%0ALos%20invitamos%20a%20revisar%20vuestro%20perfil%20y%20cualquier%20otro%20que%20quieran%20consultar%20para%20que%20vean%20los%20distintos%20formatos%20que%20ofrecemos.%0A%0A%F0%9F%91%89%20Pueden%20verlo%3A%0AIngresando%20en%20www.sanrafael360.com%20o%20si%20tienes%20celular%20con%20Android%20descargando%20la%20app%20de%20Play%20Store%20https%3A%2F%2Fplay.google.com%2Fstore%2Fapps%2Fdetails%3Fid%3Dcom.sanrafael360.www.twa%0A%0AContratando%20el%20plan%20PREMIUM%20por%20%2425.000%20el%20trimestre%20y%20si%20eliges%20el%20pago%20anual%20con%20un%2020%25%20de%20descuento%20abonas%20solamente%20%2480.000.%20%0A%0APor%20este%20plan%20acceden%20a%20cargar%20una%20galer%C3%ADa%20completa%20de%20fotos%2C%20videos%2C%20ubicaci%C3%B3n%20al%20instante%20con%20Google%20Maps%2C%20links%20a%20redes%20sociales%2C%20WhatsApp%20y%20m%C3%A1s.%0A%0ASi%20les%20interesa%20participar%20pueden%20responder%20a%20este%20mismo%20mensaje%20de%20WhatsApp."
"5492604238499","LA MANSA GRILL HOUSE - Cuadro Bombal - Cuadro Nacional","Gastronomía","¡Hola Propietarios de *LA MANSA GRILL HOUSE - Cuadro Bombal - Cuadro Nacional*! 👋

Somos del equipo de *San Rafael 360*. Somos la guía local de San Rafael. Vimos que su rubro es *Gastronomía* y estamos armando el directorio digital más completo de la ciudad.

Los invitamos a revisar vuestro perfil y cualquier otro que quieran consultar para que vean los distintos formatos que ofrecemos.

👉 Pueden verlo:
Ingresando en www.sanrafael360.com o si tienes celular con Android descargando la app de Play Store https://play.google.com/store/apps/details?id=com.sanrafael360.www.twa

Contratando el plan PREMIUM por $25.000 el trimestre y si eliges el pago anual con un 20% de descuento abonas solamente $80.000. 

Por este plan acceden a cargar una galería completa de fotos, videos, ubicación al instante con Google Maps, links a redes sociales, WhatsApp y más.

Si les interesa participar pueden responder a este mismo mensaje de WhatsApp.","https://wa.me/5492604238499?text=%C2%A1Hola%20Propietarios%20de%20*LA%20MANSA%20GRILL%20HOUSE%20-%20Cuadro%20Bombal%20-%20Cuadro%20Nacional*!%20%F0%9F%91%8B%0A%0ASomos%20del%20equipo%20de%20*San%20Rafael%20360*.%20Somos%20la%20gu%C3%ADa%20local%20de%20San%20Rafael.%20Vimos%20que%20su%20rubro%20es%20*Gastronom%C3%ADa*%20y%20estamos%20armando%20el%20directorio%20digital%20m%C3%A1s%20completo%20de%20la%20ciudad.%0A%0ALos%20invitamos%20a%20revisar%20vuestro%20perfil%20y%20cualquier%20otro%20que%20quieran%20consultar%20para%20que%20vean%20los%20distintos%20formatos%20que%20ofrecemos.%0A%0A%F0%9F%91%89%20Pueden%20verlo%3A%0AIngresando%20en%20www.sanrafael360.com%20o%20si%20tienes%20celular%20con%20Android%20descargando%20la%20app%20de%20Play%20Store%20https%3A%2F%2Fplay.google.com%2Fstore%2Fapps%2Fdetails%3Fid%3Dcom.sanrafael360.www.twa%0A%0AContratando%20el%20plan%20PREMIUM%20por%20%2425.000%20el%20trimestre%20y%20si%20eliges%20el%20pago%20anual%20con%20un%2020%25%20de%20descuento%20abonas%20solamente%20%2480.000.%20%0A%0APor%20este%20plan%20acceden%20a%20cargar%20una%20galer%C3%ADa%20completa%20de%20fotos%2C%20videos%2C%20ubicaci%C3%B3n%20al%20instante%20con%20Google%20Maps%2C%20links%20a%20redes%20sociales%2C%20WhatsApp%20y%20m%C3%A1s.%0A%0ASi%20les%20interesa%20participar%20pueden%20responder%20a%20este%20mismo%20mensaje%20de%20WhatsApp."
"5491167059202","Apart Hotel Colorina & Spa – San Rafael","Apart Hoteles","¡Hola Propietarios de *Apart Hotel Colorina & Spa – San Rafael*! 👋

Somos del equipo de *San Rafael 360*. Somos la guía local de San Rafael. Vimos que su rubro es *Apart Hoteles* y estamos armando el directorio digital más completo de la ciudad.

Los invitamos a revisar vuestro perfil y cualquier otro que quieran consultar para que vean los distintos formatos que ofrecemos.

👉 Pueden verlo:
Ingresando en www.sanrafael360.com o si tienes celular con Android descargando la app de Play Store https://play.google.com/store/apps/details?id=com.sanrafael360.www.twa

Contratando el plan PREMIUM por $25.000 el trimestre y si eliges el pago anual con un 20% de descuento abonas solamente $80.000. 

Por este plan acceden a cargar una galería completa de fotos, videos, ubicación al instante con Google Maps, links a redes sociales, WhatsApp y más.

Si les interesa participar pueden responder a este mismo mensaje de WhatsApp.","https://wa.me/5491167059202?text=%C2%A1Hola%20Propietarios%20de%20*Apart%20Hotel%20Colorina%20%26%20Spa%20%E2%80%93%20San%20Rafael*!%20%F0%9F%91%8B%0A%0ASomos%20del%20equipo%20de%20*San%20Rafael%20360*.%20Somos%20la%20gu%C3%ADa%20local%20de%20San%20Rafael.%20Vimos%20que%20su%20rubro%20es%20*Apart%20Hoteles*%20y%20estamos%20armando%20el%20directorio%20digital%20m%C3%A1s%20completo%20de%20la%20ciudad.%0A%0ALos%20invitamos%20a%20revisar%20vuestro%20perfil%20y%20cualquier%20otro%20que%20quieran%20consultar%20para%20que%20vean%20los%20distintos%20formatos%20que%20ofrecemos.%0A%0A%F0%9F%91%89%20Pueden%20verlo%3A%0AIngresando%20en%20www.sanrafael360.com%20o%20si%20tienes%20celular%20con%20Android%20descargando%20la%20app%20de%20Play%20Store%20https%3A%2F%2Fplay.google.com%2Fstore%2Fapps%2Fdetails%3Fid%3Dcom.sanrafael360.www.twa%0A%0AContratando%20el%20plan%20PREMIUM%20por%20%2425.000%20el%20trimestre%20y%20si%20eliges%20el%20pago%20anual%20con%20un%2020%25%20de%20descuento%20abonas%20solamente%20%2480.000.%20%0A%0APor%20este%20plan%20acceden%20a%20cargar%20una%20galer%C3%ADa%20completa%20de%20fotos%2C%20videos%2C%20ubicaci%C3%B3n%20al%20instante%20con%20Google%20Maps%2C%20links%20a%20redes%20sociales%2C%20WhatsApp%20y%20m%C3%A1s.%0A%0ASi%20les%20interesa%20participar%20pueden%20responder%20a%20este%20mismo%20mensaje%20de%20WhatsApp."
"5492604124284","Bodega ÚLTIMA FRONTERA -","Bodegas","¡Hola Propietarios de *Bodega ÚLTIMA FRONTERA -*! 👋

Somos del equipo de *San Rafael 360*. Somos la guía local de San Rafael. Vimos que su rubro es *Bodegas* y estamos armando el directorio digital más completo de la ciudad.

Los invitamos a revisar vuestro perfil y cualquier otro que quieran consultar para que vean los distintos formatos que ofrecemos.

👉 Pueden verlo:
Ingresando en www.sanrafael360.com o si tienes celular con Android descargando la app de Play Store https://play.google.com/store/apps/details?id=com.sanrafael360.www.twa

Contratando el plan PREMIUM por $25.000 el trimestre y si eliges el pago anual con un 20% de descuento abonas solamente $80.000. 

Por este plan acceden a cargar una galería completa de fotos, videos, ubicación al instante con Google Maps, links a redes sociales, WhatsApp y más.

Si les interesa participar pueden responder a este mismo mensaje de WhatsApp.","https://wa.me/5492604124284?text=%C2%A1Hola%20Propietarios%20de%20*Bodega%20%C3%9ALTIMA%20FRONTERA%20-*!%20%F0%9F%91%8B%0A%0ASomos%20del%20equipo%20de%20*San%20Rafael%20360*.%20Somos%20la%20gu%C3%ADa%20local%20de%20San%20Rafael.%20Vimos%20que%20su%20rubro%20es%20*Bodegas*%20y%20estamos%20armando%20el%20directorio%20digital%20m%C3%A1s%20completo%20de%20la%20ciudad.%0A%0ALos%20invitamos%20a%20revisar%20vuestro%20perfil%20y%20cualquier%20otro%20que%20quieran%20consultar%20para%20que%20vean%20los%20distintos%20formatos%20que%20ofrecemos.%0A%0A%F0%9F%91%89%20Pueden%20verlo%3A%0AIngresando%20en%20www.sanrafael360.com%20o%20si%20tienes%20celular%20con%20Android%20descargando%20la%20app%20de%20Play%20Store%20https%3A%2F%2Fplay.google.com%2Fstore%2Fapps%2Fdetails%3Fid%3Dcom.sanrafael360.www.twa%0A%0AContratando%20el%20plan%20PREMIUM%20por%20%2425.000%20el%20trimestre%20y%20si%20eliges%20el%20pago%20anual%20con%20un%2020%25%20de%20descuento%20abonas%20solamente%20%2480.000.%20%0A%0APor%20este%20plan%20acceden%20a%20cargar%20una%20galer%C3%ADa%20completa%20de%20fotos%2C%20videos%2C%20ubicaci%C3%B3n%20al%20instante%20con%20Google%20Maps%2C%20links%20a%20redes%20sociales%2C%20WhatsApp%20y%20m%C3%A1s.%0A%0ASi%20les%20interesa%20participar%20pueden%20responder%20a%20este%20mismo%20mensaje%20de%20WhatsApp."
"5492604425077","FRANCA TOUR E.V.T. - Turismo Emisivo","Agencias de Viaje","¡Hola Propietarios de *FRANCA TOUR E.V.T. - Turismo Emisivo*! 👋

Somos del equipo de *San Rafael 360*. Somos la guía local de San Rafael. Vimos que su rubro es *Agencias de Viaje* y estamos armando el directorio digital más completo de la ciudad.

Los invitamos a revisar vuestro perfil y cualquier otro que quieran consultar para que vean los distintos formatos que ofrecemos.

👉 Pueden verlo:
Ingresando en www.sanrafael360.com o si tienes celular con Android descargando la app de Play Store https://play.google.com/store/apps/details?id=com.sanrafael360.www.twa

Contratando el plan PREMIUM por $25.000 el trimestre y si eliges el pago anual con un 20% de descuento abonas solamente $80.000. 

Por este plan acceden a cargar una galería completa de fotos, videos, ubicación al instante con Google Maps, links a redes sociales, WhatsApp y más.

Si les interesa participar pueden responder a este mismo mensaje de WhatsApp.","https://wa.me/5492604425077?text=%C2%A1Hola%20Propietarios%20de%20*FRANCA%20TOUR%20E.V.T.%20-%20Turismo%20Emisivo*!%20%F0%9F%91%8B%0A%0ASomos%20del%20equipo%20de%20*San%20Rafael%20360*.%20Somos%20la%20gu%C3%ADa%20local%20de%20San%20Rafael.%20Vimos%20que%20su%20rubro%20es%20*Agencias%20de%20Viaje*%20y%20estamos%20armando%20el%20directorio%20digital%20m%C3%A1s%20completo%20de%20la%20ciudad.%0A%0ALos%20invitamos%20a%20revisar%20vuestro%20perfil%20y%20cualquier%20otro%20que%20quieran%20consultar%20para%20que%20vean%20los%20distintos%20formatos%20que%20ofrecemos.%0A%0A%F0%9F%91%89%20Pueden%20verlo%3A%0AIngresando%20en%20www.sanrafael360.com%20o%20si%20tienes%20celular%20con%20Android%20descargando%20la%20app%20de%20Play%20Store%20https%3A%2F%2Fplay.google.com%2Fstore%2Fapps%2Fdetails%3Fid%3Dcom.sanrafael360.www.twa%0A%0AContratando%20el%20plan%20PREMIUM%20por%20%2425.000%20el%20trimestre%20y%20si%20eliges%20el%20pago%20anual%20con%20un%2020%25%20de%20descuento%20abonas%20solamente%20%2480.000.%20%0A%0APor%20este%20plan%20acceden%20a%20cargar%20una%20galer%C3%ADa%20completa%20de%20fotos%2C%20videos%2C%20ubicaci%C3%B3n%20al%20instante%20con%20Google%20Maps%2C%20links%20a%20redes%20sociales%2C%20WhatsApp%20y%20m%C3%A1s.%0A%0ASi%20les%20interesa%20participar%20pueden%20responder%20a%20este%20mismo%20mensaje%20de%20WhatsApp."
"5492604671861","OPORTO RESTAURANTE -Ciudad","Gastronomía","¡Hola Propietarios de *OPORTO RESTAURANTE -Ciudad*! 👋

Somos del equipo de *San Rafael 360*. Somos la guía local de San Rafael. Vimos que su rubro es *Gastronomía* y estamos armando el directorio digital más completo de la ciudad.

Los invitamos a revisar vuestro perfil y cualquier otro que quieran consultar para que vean los distintos formatos que ofrecemos.

👉 Pueden verlo:
Ingresando en www.sanrafael360.com o si tienes celular con Android descargando la app de Play Store https://play.google.com/store/apps/details?id=com.sanrafael360.www.twa

Contratando el plan PREMIUM por $25.000 el trimestre y si eliges el pago anual con un 20% de descuento abonas solamente $80.000. 

Por este plan acceden a cargar una galería completa de fotos, videos, ubicación al instante con Google Maps, links a redes sociales, WhatsApp y más.

Si les interesa participar pueden responder a este mismo mensaje de WhatsApp.","https://wa.me/5492604671861?text=%C2%A1Hola%20Propietarios%20de%20*OPORTO%20RESTAURANTE%20-Ciudad*!%20%F0%9F%91%8B%0A%0ASomos%20del%20equipo%20de%20*San%20Rafael%20360*.%20Somos%20la%20gu%C3%ADa%20local%20de%20San%20Rafael.%20Vimos%20que%20su%20rubro%20es%20*Gastronom%C3%ADa*%20y%20estamos%20armando%20el%20directorio%20digital%20m%C3%A1s%20completo%20de%20la%20ciudad.%0A%0ALos%20invitamos%20a%20revisar%20vuestro%20perfil%20y%20cualquier%20otro%20que%20quieran%20consultar%20para%20que%20vean%20los%20distintos%20formatos%20que%20ofrecemos.%0A%0A%F0%9F%91%89%20Pueden%20verlo%3A%0AIngresando%20en%20www.sanrafael360.com%20o%20si%20tienes%20celular%20con%20Android%20descargando%20la%20app%20de%20Play%20Store%20https%3A%2F%2Fplay.google.com%2Fstore%2Fapps%2Fdetails%3Fid%3Dcom.sanrafael360.www.twa%0A%0AContratando%20el%20plan%20PREMIUM%20por%20%2425.000%20el%20trimestre%20y%20si%20eliges%20el%20pago%20anual%20con%20un%2020%25%20de%20descuento%20abonas%20solamente%20%2480.000.%20%0A%0APor%20este%20plan%20acceden%20a%20cargar%20una%20galer%C3%ADa%20completa%20de%20fotos%2C%20videos%2C%20ubicaci%C3%B3n%20al%20instante%20con%20Google%20Maps%2C%20links%20a%20redes%20sociales%2C%20WhatsApp%20y%20m%C3%A1s.%0A%0ASi%20les%20interesa%20participar%20pueden%20responder%20a%20este%20mismo%20mensaje%20de%20WhatsApp."
"5492602604530","EL COYOTE - E.V.T. Excursiones Locales","Agencias de Viaje","¡Hola Propietarios de *EL COYOTE - E.V.T. Excursiones Locales*! 👋

Somos del equipo de *San Rafael 360*. Somos la guía local de San Rafael. Vimos que su rubro es *Agencias de Viaje* y estamos armando el directorio digital más completo de la ciudad.

Los invitamos a revisar vuestro perfil y cualquier otro que quieran consultar para que vean los distintos formatos que ofrecemos.

👉 Pueden verlo:
Ingresando en www.sanrafael360.com o si tienes celular con Android descargando la app de Play Store https://play.google.com/store/apps/details?id=com.sanrafael360.www.twa

Contratando el plan PREMIUM por $25.000 el trimestre y si eliges el pago anual con un 20% de descuento abonas solamente $80.000. 

Por este plan acceden a cargar una galería completa de fotos, videos, ubicación al instante con Google Maps, links a redes sociales, WhatsApp y más.

Si les interesa participar pueden responder a este mismo mensaje de WhatsApp.","https://wa.me/5492602604530?text=%C2%A1Hola%20Propietarios%20de%20*EL%20COYOTE%20-%20E.V.T.%20Excursiones%20Locales*!%20%F0%9F%91%8B%0A%0ASomos%20del%20equipo%20de%20*San%20Rafael%20360*.%20Somos%20la%20gu%C3%ADa%20local%20de%20San%20Rafael.%20Vimos%20que%20su%20rubro%20es%20*Agencias%20de%20Viaje*%20y%20estamos%20armando%20el%20directorio%20digital%20m%C3%A1s%20completo%20de%20la%20ciudad.%0A%0ALos%20invitamos%20a%20revisar%20vuestro%20perfil%20y%20cualquier%20otro%20que%20quieran%20consultar%20para%20que%20vean%20los%20distintos%20formatos%20que%20ofrecemos.%0A%0A%F0%9F%91%89%20Pueden%20verlo%3A%0AIngresando%20en%20www.sanrafael360.com%20o%20si%20tienes%20celular%20con%20Android%20descargando%20la%20app%20de%20Play%20Store%20https%3A%2F%2Fplay.google.com%2Fstore%2Fapps%2Fdetails%3Fid%3Dcom.sanrafael360.www.twa%0A%0AContratando%20el%20plan%20PREMIUM%20por%20%2425.000%20el%20trimestre%20y%20si%20eliges%20el%20pago%20anual%20con%20un%2020%25%20de%20descuento%20abonas%20solamente%20%2480.000.%20%0A%0APor%20este%20plan%20acceden%20a%20cargar%20una%20galer%C3%ADa%20completa%20de%20fotos%2C%20videos%2C%20ubicaci%C3%B3n%20al%20instante%20con%20Google%20Maps%2C%20links%20a%20redes%20sociales%2C%20WhatsApp%20y%20m%C3%A1s.%0A%0ASi%20les%20interesa%20participar%20pueden%20responder%20a%20este%20mismo%20mensaje%20de%20WhatsApp."
"5492604827716","CASARTERO Eco Posada","Posadas","¡Hola Propietarios de *CASARTERO Eco Posada*! 👋

Somos del equipo de *San Rafael 360*. Somos la guía local de San Rafael. Vimos que su rubro es *Posadas* y estamos armando el directorio digital más completo de la ciudad.

Los invitamos a revisar vuestro perfil y cualquier otro que quieran consultar para que vean los distintos formatos que ofrecemos.

👉 Pueden verlo:
Ingresando en www.sanrafael360.com o si tienes celular con Android descargando la app de Play Store https://play.google.com/store/apps/details?id=com.sanrafael360.www.twa

Contratando el plan PREMIUM por $25.000 el trimestre y si eliges el pago anual con un 20% de descuento abonas solamente $80.000. 

Por este plan acceden a cargar una galería completa de fotos, videos, ubicación al instante con Google Maps, links a redes sociales, WhatsApp y más.

Si les interesa participar pueden responder a este mismo mensaje de WhatsApp.","https://wa.me/5492604827716?text=%C2%A1Hola%20Propietarios%20de%20*CASARTERO%20Eco%20Posada*!%20%F0%9F%91%8B%0A%0ASomos%20del%20equipo%20de%20*San%20Rafael%20360*.%20Somos%20la%20gu%C3%ADa%20local%20de%20San%20Rafael.%20Vimos%20que%20su%20rubro%20es%20*Posadas*%20y%20estamos%20armando%20el%20directorio%20digital%20m%C3%A1s%20completo%20de%20la%20ciudad.%0A%0ALos%20invitamos%20a%20revisar%20vuestro%20perfil%20y%20cualquier%20otro%20que%20quieran%20consultar%20para%20que%20vean%20los%20distintos%20formatos%20que%20ofrecemos.%0A%0A%F0%9F%91%89%20Pueden%20verlo%3A%0AIngresando%20en%20www.sanrafael360.com%20o%20si%20tienes%20celular%20con%20Android%20descargando%20la%20app%20de%20Play%20Store%20https%3A%2F%2Fplay.google.com%2Fstore%2Fapps%2Fdetails%3Fid%3Dcom.sanrafael360.www.twa%0A%0AContratando%20el%20plan%20PREMIUM%20por%20%2425.000%20el%20trimestre%20y%20si%20eliges%20el%20pago%20anual%20con%20un%2020%25%20de%20descuento%20abonas%20solamente%20%2480.000.%20%0A%0APor%20este%20plan%20acceden%20a%20cargar%20una%20galer%C3%ADa%20completa%20de%20fotos%2C%20videos%2C%20ubicaci%C3%B3n%20al%20instante%20con%20Google%20Maps%2C%20links%20a%20redes%20sociales%2C%20WhatsApp%20y%20m%C3%A1s.%0A%0ASi%20les%20interesa%20participar%20pueden%20responder%20a%20este%20mismo%20mensaje%20de%20WhatsApp."
"5492604424809","JOSSELIN Heladería","Gastronomía","¡Hola Propietarios de *JOSSELIN Heladería*! 👋

Somos del equipo de *San Rafael 360*. Somos la guía local de San Rafael. Vimos que su rubro es *Gastronomía* y estamos armando el directorio digital más completo de la ciudad.

Los invitamos a revisar vuestro perfil y cualquier otro que quieran consultar para que vean los distintos formatos que ofrecemos.

👉 Pueden verlo:
Ingresando en www.sanrafael360.com o si tienes celular con Android descargando la app de Play Store https://play.google.com/store/apps/details?id=com.sanrafael360.www.twa

Contratando el plan PREMIUM por $25.000 el trimestre y si eliges el pago anual con un 20% de descuento abonas solamente $80.000. 

Por este plan acceden a cargar una galería completa de fotos, videos, ubicación al instante con Google Maps, links a redes sociales, WhatsApp y más.

Si les interesa participar pueden responder a este mismo mensaje de WhatsApp.","https://wa.me/5492604424809?text=%C2%A1Hola%20Propietarios%20de%20*JOSSELIN%20Helader%C3%ADa*!%20%F0%9F%91%8B%0A%0ASomos%20del%20equipo%20de%20*San%20Rafael%20360*.%20Somos%20la%20gu%C3%ADa%20local%20de%20San%20Rafael.%20Vimos%20que%20su%20rubro%20es%20*Gastronom%C3%ADa*%20y%20estamos%20armando%20el%20directorio%20digital%20m%C3%A1s%20completo%20de%20la%20ciudad.%0A%0ALos%20invitamos%20a%20revisar%20vuestro%20perfil%20y%20cualquier%20otro%20que%20quieran%20consultar%20para%20que%20vean%20los%20distintos%20formatos%20que%20ofrecemos.%0A%0A%F0%9F%91%89%20Pueden%20verlo%3A%0AIngresando%20en%20www.sanrafael360.com%20o%20si%20tienes%20celular%20con%20Android%20descargando%20la%20app%20de%20Play%20Store%20https%3A%2F%2Fplay.google.com%2Fstore%2Fapps%2Fdetails%3Fid%3Dcom.sanrafael360.www.twa%0A%0AContratando%20el%20plan%20PREMIUM%20por%20%2425.000%20el%20trimestre%20y%20si%20eliges%20el%20pago%20anual%20con%20un%2020%25%20de%20descuento%20abonas%20solamente%20%2480.000.%20%0A%0APor%20este%20plan%20acceden%20a%20cargar%20una%20galer%C3%ADa%20completa%20de%20fotos%2C%20videos%2C%20ubicaci%C3%B3n%20al%20instante%20con%20Google%20Maps%2C%20links%20a%20redes%20sociales%2C%20WhatsApp%20y%20m%C3%A1s.%0A%0ASi%20les%20interesa%20participar%20pueden%20responder%20a%20este%20mismo%20mensaje%20de%20WhatsApp."
"5492604611611","Cabañas Aoni Kenk- Rama Caída","Cabañas","¡Hola Propietarios de *Cabañas Aoni Kenk- Rama Caída*! 👋

Somos del equipo de *San Rafael 360*. Somos la guía local de San Rafael. Vimos que su rubro es *Cabañas* y estamos armando el directorio digital más completo de la ciudad.

Los invitamos a revisar vuestro perfil y cualquier otro que quieran consultar para que vean los distintos formatos que ofrecemos.

👉 Pueden verlo:
Ingresando en www.sanrafael360.com o si tienes celular con Android descargando la app de Play Store https://play.google.com/store/apps/details?id=com.sanrafael360.www.twa

Contratando el plan PREMIUM por $25.000 el trimestre y si eliges el pago anual con un 20% de descuento abonas solamente $80.000. 

Por este plan acceden a cargar una galería completa de fotos, videos, ubicación al instante con Google Maps, links a redes sociales, WhatsApp y más.

Si les interesa participar pueden responder a este mismo mensaje de WhatsApp.","https://wa.me/5492604611611?text=%C2%A1Hola%20Propietarios%20de%20*Caba%C3%B1as%20Aoni%20Kenk-%20Rama%20Ca%C3%ADda*!%20%F0%9F%91%8B%0A%0ASomos%20del%20equipo%20de%20*San%20Rafael%20360*.%20Somos%20la%20gu%C3%ADa%20local%20de%20San%20Rafael.%20Vimos%20que%20su%20rubro%20es%20*Caba%C3%B1as*%20y%20estamos%20armando%20el%20directorio%20digital%20m%C3%A1s%20completo%20de%20la%20ciudad.%0A%0ALos%20invitamos%20a%20revisar%20vuestro%20perfil%20y%20cualquier%20otro%20que%20quieran%20consultar%20para%20que%20vean%20los%20distintos%20formatos%20que%20ofrecemos.%0A%0A%F0%9F%91%89%20Pueden%20verlo%3A%0AIngresando%20en%20www.sanrafael360.com%20o%20si%20tienes%20celular%20con%20Android%20descargando%20la%20app%20de%20Play%20Store%20https%3A%2F%2Fplay.google.com%2Fstore%2Fapps%2Fdetails%3Fid%3Dcom.sanrafael360.www.twa%0A%0AContratando%20el%20plan%20PREMIUM%20por%20%2425.000%20el%20trimestre%20y%20si%20eliges%20el%20pago%20anual%20con%20un%2020%25%20de%20descuento%20abonas%20solamente%20%2480.000.%20%0A%0APor%20este%20plan%20acceden%20a%20cargar%20una%20galer%C3%ADa%20completa%20de%20fotos%2C%20videos%2C%20ubicaci%C3%B3n%20al%20instante%20con%20Google%20Maps%2C%20links%20a%20redes%20sociales%2C%20WhatsApp%20y%20m%C3%A1s.%0A%0ASi%20les%20interesa%20participar%20pueden%20responder%20a%20este%20mismo%20mensaje%20de%20WhatsApp."
"5492604405557","LLAMATIVO Resto /Bar -Cañada Seca","Gastronomía","¡Hola Propietarios de *LLAMATIVO Resto /Bar -Cañada Seca*! 👋

Somos del equipo de *San Rafael 360*. Somos la guía local de San Rafael. Vimos que su rubro es *Gastronomía* y estamos armando el directorio digital más completo de la ciudad.

Los invitamos a revisar vuestro perfil y cualquier otro que quieran consultar para que vean los distintos formatos que ofrecemos.

👉 Pueden verlo:
Ingresando en www.sanrafael360.com o si tienes celular con Android descargando la app de Play Store https://play.google.com/store/apps/details?id=com.sanrafael360.www.twa

Contratando el plan PREMIUM por $25.000 el trimestre y si eliges el pago anual con un 20% de descuento abonas solamente $80.000. 

Por este plan acceden a cargar una galería completa de fotos, videos, ubicación al instante con Google Maps, links a redes sociales, WhatsApp y más.

Si les interesa participar pueden responder a este mismo mensaje de WhatsApp.","https://wa.me/5492604405557?text=%C2%A1Hola%20Propietarios%20de%20*LLAMATIVO%20Resto%20%2FBar%20-Ca%C3%B1ada%20Seca*!%20%F0%9F%91%8B%0A%0ASomos%20del%20equipo%20de%20*San%20Rafael%20360*.%20Somos%20la%20gu%C3%ADa%20local%20de%20San%20Rafael.%20Vimos%20que%20su%20rubro%20es%20*Gastronom%C3%ADa*%20y%20estamos%20armando%20el%20directorio%20digital%20m%C3%A1s%20completo%20de%20la%20ciudad.%0A%0ALos%20invitamos%20a%20revisar%20vuestro%20perfil%20y%20cualquier%20otro%20que%20quieran%20consultar%20para%20que%20vean%20los%20distintos%20formatos%20que%20ofrecemos.%0A%0A%F0%9F%91%89%20Pueden%20verlo%3A%0AIngresando%20en%20www.sanrafael360.com%20o%20si%20tienes%20celular%20con%20Android%20descargando%20la%20app%20de%20Play%20Store%20https%3A%2F%2Fplay.google.com%2Fstore%2Fapps%2Fdetails%3Fid%3Dcom.sanrafael360.www.twa%0A%0AContratando%20el%20plan%20PREMIUM%20por%20%2425.000%20el%20trimestre%20y%20si%20eliges%20el%20pago%20anual%20con%20un%2020%25%20de%20descuento%20abonas%20solamente%20%2480.000.%20%0A%0APor%20este%20plan%20acceden%20a%20cargar%20una%20galer%C3%ADa%20completa%20de%20fotos%2C%20videos%2C%20ubicaci%C3%B3n%20al%20instante%20con%20Google%20Maps%2C%20links%20a%20redes%20sociales%2C%20WhatsApp%20y%20m%C3%A1s.%0A%0ASi%20les%20interesa%20participar%20pueden%20responder%20a%20este%20mismo%20mensaje%20de%20WhatsApp."
"5492604597703","Apart Hotel Villa María Florales - Cuadro Benegas","Apart Hoteles","¡Hola Propietarios de *Apart Hotel Villa María Florales - Cuadro Benegas*! 👋

Somos del equipo de *San Rafael 360*. Somos la guía local de San Rafael. Vimos que su rubro es *Apart Hoteles* y estamos armando el directorio digital más completo de la ciudad.

Los invitamos a revisar vuestro perfil y cualquier otro que quieran consultar para que vean los distintos formatos que ofrecemos.

👉 Pueden verlo:
Ingresando en www.sanrafael360.com o si tienes celular con Android descargando la app de Play Store https://play.google.com/store/apps/details?id=com.sanrafael360.www.twa

Contratando el plan PREMIUM por $25.000 el trimestre y si eliges el pago anual con un 20% de descuento abonas solamente $80.000. 

Por este plan acceden a cargar una galería completa de fotos, videos, ubicación al instante con Google Maps, links a redes sociales, WhatsApp y más.

Si les interesa participar pueden responder a este mismo mensaje de WhatsApp.","https://wa.me/5492604597703?text=%C2%A1Hola%20Propietarios%20de%20*Apart%20Hotel%20Villa%20Mar%C3%ADa%20Florales%20-%20Cuadro%20Benegas*!%20%F0%9F%91%8B%0A%0ASomos%20del%20equipo%20de%20*San%20Rafael%20360*.%20Somos%20la%20gu%C3%ADa%20local%20de%20San%20Rafael.%20Vimos%20que%20su%20rubro%20es%20*Apart%20Hoteles*%20y%20estamos%20armando%20el%20directorio%20digital%20m%C3%A1s%20completo%20de%20la%20ciudad.%0A%0ALos%20invitamos%20a%20revisar%20vuestro%20perfil%20y%20cualquier%20otro%20que%20quieran%20consultar%20para%20que%20vean%20los%20distintos%20formatos%20que%20ofrecemos.%0A%0A%F0%9F%91%89%20Pueden%20verlo%3A%0AIngresando%20en%20www.sanrafael360.com%20o%20si%20tienes%20celular%20con%20Android%20descargando%20la%20app%20de%20Play%20Store%20https%3A%2F%2Fplay.google.com%2Fstore%2Fapps%2Fdetails%3Fid%3Dcom.sanrafael360.www.twa%0A%0AContratando%20el%20plan%20PREMIUM%20por%20%2425.000%20el%20trimestre%20y%20si%20eliges%20el%20pago%20anual%20con%20un%2020%25%20de%20descuento%20abonas%20solamente%20%2480.000.%20%0A%0APor%20este%20plan%20acceden%20a%20cargar%20una%20galer%C3%ADa%20completa%20de%20fotos%2C%20videos%2C%20ubicaci%C3%B3n%20al%20instante%20con%20Google%20Maps%2C%20links%20a%20redes%20sociales%2C%20WhatsApp%20y%20m%C3%A1s.%0A%0ASi%20les%20interesa%20participar%20pueden%20responder%20a%20este%20mismo%20mensaje%20de%20WhatsApp."
"5492604063291","BODEGA BOURNETT (Bodega / Espumantes) - Cuadro Nacional","Bodegas","¡Hola Propietarios de *BODEGA BOURNETT (Bodega / Espumantes) - Cuadro Nacional*! 👋

Somos del equipo de *San Rafael 360*. Somos la guía local de San Rafael. Vimos que su rubro es *Bodegas* y estamos armando el directorio digital más completo de la ciudad.

Los invitamos a revisar vuestro perfil y cualquier otro que quieran consultar para que vean los distintos formatos que ofrecemos.

👉 Pueden verlo:
Ingresando en www.sanrafael360.com o si tienes celular con Android descargando la app de Play Store https://play.google.com/store/apps/details?id=com.sanrafael360.www.twa

Contratando el plan PREMIUM por $25.000 el trimestre y si eliges el pago anual con un 20% de descuento abonas solamente $80.000. 

Por este plan acceden a cargar una galería completa de fotos, videos, ubicación al instante con Google Maps, links a redes sociales, WhatsApp y más.

Si les interesa participar pueden responder a este mismo mensaje de WhatsApp.","https://wa.me/5492604063291?text=%C2%A1Hola%20Propietarios%20de%20*BODEGA%20BOURNETT%20(Bodega%20%2F%20Espumantes)%20-%20Cuadro%20Nacional*!%20%F0%9F%91%8B%0A%0ASomos%20del%20equipo%20de%20*San%20Rafael%20360*.%20Somos%20la%20gu%C3%ADa%20local%20de%20San%20Rafael.%20Vimos%20que%20su%20rubro%20es%20*Bodegas*%20y%20estamos%20armando%20el%20directorio%20digital%20m%C3%A1s%20completo%20de%20la%20ciudad.%0A%0ALos%20invitamos%20a%20revisar%20vuestro%20perfil%20y%20cualquier%20otro%20que%20quieran%20consultar%20para%20que%20vean%20los%20distintos%20formatos%20que%20ofrecemos.%0A%0A%F0%9F%91%89%20Pueden%20verlo%3A%0AIngresando%20en%20www.sanrafael360.com%20o%20si%20tienes%20celular%20con%20Android%20descargando%20la%20app%20de%20Play%20Store%20https%3A%2F%2Fplay.google.com%2Fstore%2Fapps%2Fdetails%3Fid%3Dcom.sanrafael360.www.twa%0A%0AContratando%20el%20plan%20PREMIUM%20por%20%2425.000%20el%20trimestre%20y%20si%20eliges%20el%20pago%20anual%20con%20un%2020%25%20de%20descuento%20abonas%20solamente%20%2480.000.%20%0A%0APor%20este%20plan%20acceden%20a%20cargar%20una%20galer%C3%ADa%20completa%20de%20fotos%2C%20videos%2C%20ubicaci%C3%B3n%20al%20instante%20con%20Google%20Maps%2C%20links%20a%20redes%20sociales%2C%20WhatsApp%20y%20m%C3%A1s.%0A%0ASi%20les%20interesa%20participar%20pueden%20responder%20a%20este%20mismo%20mensaje%20de%20WhatsApp."
"5492604021708","COMPLEJO UTN Los Reyunos","Sin Categoria","¡Hola Propietarios de *COMPLEJO UTN Los Reyunos*! 👋

Somos del equipo de *San Rafael 360*. Somos la guía local de San Rafael. Vimos que su rubro es *Sin Categoria* y estamos armando el directorio digital más completo de la ciudad.

Los invitamos a revisar vuestro perfil y cualquier otro que quieran consultar para que vean los distintos formatos que ofrecemos.

👉 Pueden verlo:
Ingresando en www.sanrafael360.com o si tienes celular con Android descargando la app de Play Store https://play.google.com/store/apps/details?id=com.sanrafael360.www.twa

Contratando el plan PREMIUM por $25.000 el trimestre y si eliges el pago anual con un 20% de descuento abonas solamente $80.000. 

Por este plan acceden a cargar una galería completa de fotos, videos, ubicación al instante con Google Maps, links a redes sociales, WhatsApp y más.

Si les interesa participar pueden responder a este mismo mensaje de WhatsApp.","https://wa.me/5492604021708?text=%C2%A1Hola%20Propietarios%20de%20*COMPLEJO%20UTN%20Los%20Reyunos*!%20%F0%9F%91%8B%0A%0ASomos%20del%20equipo%20de%20*San%20Rafael%20360*.%20Somos%20la%20gu%C3%ADa%20local%20de%20San%20Rafael.%20Vimos%20que%20su%20rubro%20es%20*Sin%20Categoria*%20y%20estamos%20armando%20el%20directorio%20digital%20m%C3%A1s%20completo%20de%20la%20ciudad.%0A%0ALos%20invitamos%20a%20revisar%20vuestro%20perfil%20y%20cualquier%20otro%20que%20quieran%20consultar%20para%20que%20vean%20los%20distintos%20formatos%20que%20ofrecemos.%0A%0A%F0%9F%91%89%20Pueden%20verlo%3A%0AIngresando%20en%20www.sanrafael360.com%20o%20si%20tienes%20celular%20con%20Android%20descargando%20la%20app%20de%20Play%20Store%20https%3A%2F%2Fplay.google.com%2Fstore%2Fapps%2Fdetails%3Fid%3Dcom.sanrafael360.www.twa%0A%0AContratando%20el%20plan%20PREMIUM%20por%20%2425.000%20el%20trimestre%20y%20si%20eliges%20el%20pago%20anual%20con%20un%2020%25%20de%20descuento%20abonas%20solamente%20%2480.000.%20%0A%0APor%20este%20plan%20acceden%20a%20cargar%20una%20galer%C3%ADa%20completa%20de%20fotos%2C%20videos%2C%20ubicaci%C3%B3n%20al%20instante%20con%20Google%20Maps%2C%20links%20a%20redes%20sociales%2C%20WhatsApp%20y%20m%C3%A1s.%0A%0ASi%20les%20interesa%20participar%20pueden%20responder%20a%20este%20mismo%20mensaje%20de%20WhatsApp."
"5492604407699","ARGANA WINE (Bodega) - Atuel Norte","Bodegas","¡Hola Propietarios de *ARGANA WINE (Bodega) - Atuel Norte*! 👋

Somos del equipo de *San Rafael 360*. Somos la guía local de San Rafael. Vimos que su rubro es *Bodegas* y estamos armando el directorio digital más completo de la ciudad.

Los invitamos a revisar vuestro perfil y cualquier otro que quieran consultar para que vean los distintos formatos que ofrecemos.

👉 Pueden verlo:
Ingresando en www.sanrafael360.com o si tienes celular con Android descargando la app de Play Store https://play.google.com/store/apps/details?id=com.sanrafael360.www.twa

Contratando el plan PREMIUM por $25.000 el trimestre y si eliges el pago anual con un 20% de descuento abonas solamente $80.000. 

Por este plan acceden a cargar una galería completa de fotos, videos, ubicación al instante con Google Maps, links a redes sociales, WhatsApp y más.

Si les interesa participar pueden responder a este mismo mensaje de WhatsApp.","https://wa.me/5492604407699?text=%C2%A1Hola%20Propietarios%20de%20*ARGANA%20WINE%20(Bodega)%20-%20Atuel%20Norte*!%20%F0%9F%91%8B%0A%0ASomos%20del%20equipo%20de%20*San%20Rafael%20360*.%20Somos%20la%20gu%C3%ADa%20local%20de%20San%20Rafael.%20Vimos%20que%20su%20rubro%20es%20*Bodegas*%20y%20estamos%20armando%20el%20directorio%20digital%20m%C3%A1s%20completo%20de%20la%20ciudad.%0A%0ALos%20invitamos%20a%20revisar%20vuestro%20perfil%20y%20cualquier%20otro%20que%20quieran%20consultar%20para%20que%20vean%20los%20distintos%20formatos%20que%20ofrecemos.%0A%0A%F0%9F%91%89%20Pueden%20verlo%3A%0AIngresando%20en%20www.sanrafael360.com%20o%20si%20tienes%20celular%20con%20Android%20descargando%20la%20app%20de%20Play%20Store%20https%3A%2F%2Fplay.google.com%2Fstore%2Fapps%2Fdetails%3Fid%3Dcom.sanrafael360.www.twa%0A%0AContratando%20el%20plan%20PREMIUM%20por%20%2425.000%20el%20trimestre%20y%20si%20eliges%20el%20pago%20anual%20con%20un%2020%25%20de%20descuento%20abonas%20solamente%20%2480.000.%20%0A%0APor%20este%20plan%20acceden%20a%20cargar%20una%20galer%C3%ADa%20completa%20de%20fotos%2C%20videos%2C%20ubicaci%C3%B3n%20al%20instante%20con%20Google%20Maps%2C%20links%20a%20redes%20sociales%2C%20WhatsApp%20y%20m%C3%A1s.%0A%0ASi%20les%20interesa%20participar%20pueden%20responder%20a%20este%20mismo%20mensaje%20de%20WhatsApp."
"5492604500166","PARRILLA DE LA FINCA","Gastronomía","¡Hola Propietarios de *PARRILLA DE LA FINCA*! 👋

Somos del equipo de *San Rafael 360*. Somos la guía local de San Rafael. Vimos que su rubro es *Gastronomía* y estamos armando el directorio digital más completo de la ciudad.

Los invitamos a revisar vuestro perfil y cualquier otro que quieran consultar para que vean los distintos formatos que ofrecemos.

👉 Pueden verlo:
Ingresando en www.sanrafael360.com o si tienes celular con Android descargando la app de Play Store https://play.google.com/store/apps/details?id=com.sanrafael360.www.twa

Contratando el plan PREMIUM por $25.000 el trimestre y si eliges el pago anual con un 20% de descuento abonas solamente $80.000. 

Por este plan acceden a cargar una galería completa de fotos, videos, ubicación al instante con Google Maps, links a redes sociales, WhatsApp y más.

Si les interesa participar pueden responder a este mismo mensaje de WhatsApp.","https://wa.me/5492604500166?text=%C2%A1Hola%20Propietarios%20de%20*PARRILLA%20DE%20LA%20FINCA*!%20%F0%9F%91%8B%0A%0ASomos%20del%20equipo%20de%20*San%20Rafael%20360*.%20Somos%20la%20gu%C3%ADa%20local%20de%20San%20Rafael.%20Vimos%20que%20su%20rubro%20es%20*Gastronom%C3%ADa*%20y%20estamos%20armando%20el%20directorio%20digital%20m%C3%A1s%20completo%20de%20la%20ciudad.%0A%0ALos%20invitamos%20a%20revisar%20vuestro%20perfil%20y%20cualquier%20otro%20que%20quieran%20consultar%20para%20que%20vean%20los%20distintos%20formatos%20que%20ofrecemos.%0A%0A%F0%9F%91%89%20Pueden%20verlo%3A%0AIngresando%20en%20www.sanrafael360.com%20o%20si%20tienes%20celular%20con%20Android%20descargando%20la%20app%20de%20Play%20Store%20https%3A%2F%2Fplay.google.com%2Fstore%2Fapps%2Fdetails%3Fid%3Dcom.sanrafael360.www.twa%0A%0AContratando%20el%20plan%20PREMIUM%20por%20%2425.000%20el%20trimestre%20y%20si%20eliges%20el%20pago%20anual%20con%20un%2020%25%20de%20descuento%20abonas%20solamente%20%2480.000.%20%0A%0APor%20este%20plan%20acceden%20a%20cargar%20una%20galer%C3%ADa%20completa%20de%20fotos%2C%20videos%2C%20ubicaci%C3%B3n%20al%20instante%20con%20Google%20Maps%2C%20links%20a%20redes%20sociales%2C%20WhatsApp%20y%20m%C3%A1s.%0A%0ASi%20les%20interesa%20participar%20pueden%20responder%20a%20este%20mismo%20mensaje%20de%20WhatsApp."
"5492604019103","ANAHI- Helados","Gastronomía","¡Hola Propietarios de *ANAHI- Helados*! 👋

Somos del equipo de *San Rafael 360*. Somos la guía local de San Rafael. Vimos que su rubro es *Gastronomía* y estamos armando el directorio digital más completo de la ciudad.

Los invitamos a revisar vuestro perfil y cualquier otro que quieran consultar para que vean los distintos formatos que ofrecemos.

👉 Pueden verlo:
Ingresando en www.sanrafael360.com o si tienes celular con Android descargando la app de Play Store https://play.google.com/store/apps/details?id=com.sanrafael360.www.twa

Contratando el plan PREMIUM por $25.000 el trimestre y si eliges el pago anual con un 20% de descuento abonas solamente $80.000. 

Por este plan acceden a cargar una galería completa de fotos, videos, ubicación al instante con Google Maps, links a redes sociales, WhatsApp y más.

Si les interesa participar pueden responder a este mismo mensaje de WhatsApp.","https://wa.me/5492604019103?text=%C2%A1Hola%20Propietarios%20de%20*ANAHI-%20Helados*!%20%F0%9F%91%8B%0A%0ASomos%20del%20equipo%20de%20*San%20Rafael%20360*.%20Somos%20la%20gu%C3%ADa%20local%20de%20San%20Rafael.%20Vimos%20que%20su%20rubro%20es%20*Gastronom%C3%ADa*%20y%20estamos%20armando%20el%20directorio%20digital%20m%C3%A1s%20completo%20de%20la%20ciudad.%0A%0ALos%20invitamos%20a%20revisar%20vuestro%20perfil%20y%20cualquier%20otro%20que%20quieran%20consultar%20para%20que%20vean%20los%20distintos%20formatos%20que%20ofrecemos.%0A%0A%F0%9F%91%89%20Pueden%20verlo%3A%0AIngresando%20en%20www.sanrafael360.com%20o%20si%20tienes%20celular%20con%20Android%20descargando%20la%20app%20de%20Play%20Store%20https%3A%2F%2Fplay.google.com%2Fstore%2Fapps%2Fdetails%3Fid%3Dcom.sanrafael360.www.twa%0A%0AContratando%20el%20plan%20PREMIUM%20por%20%2425.000%20el%20trimestre%20y%20si%20eliges%20el%20pago%20anual%20con%20un%2020%25%20de%20descuento%20abonas%20solamente%20%2480.000.%20%0A%0APor%20este%20plan%20acceden%20a%20cargar%20una%20galer%C3%ADa%20completa%20de%20fotos%2C%20videos%2C%20ubicaci%C3%B3n%20al%20instante%20con%20Google%20Maps%2C%20links%20a%20redes%20sociales%2C%20WhatsApp%20y%20m%C3%A1s.%0A%0ASi%20les%20interesa%20participar%20pueden%20responder%20a%20este%20mismo%20mensaje%20de%20WhatsApp."
"5492604651295","Apart Hotel Plaza Milenium","Apart Hoteles","¡Hola Propietarios de *Apart Hotel Plaza Milenium*! 👋

Somos del equipo de *San Rafael 360*. Somos la guía local de San Rafael. Vimos que su rubro es *Apart Hoteles* y estamos armando el directorio digital más completo de la ciudad.

Los invitamos a revisar vuestro perfil y cualquier otro que quieran consultar para que vean los distintos formatos que ofrecemos.

👉 Pueden verlo:
Ingresando en www.sanrafael360.com o si tienes celular con Android descargando la app de Play Store https://play.google.com/store/apps/details?id=com.sanrafael360.www.twa

Contratando el plan PREMIUM por $25.000 el trimestre y si eliges el pago anual con un 20% de descuento abonas solamente $80.000. 

Por este plan acceden a cargar una galería completa de fotos, videos, ubicación al instante con Google Maps, links a redes sociales, WhatsApp y más.

Si les interesa participar pueden responder a este mismo mensaje de WhatsApp.","https://wa.me/5492604651295?text=%C2%A1Hola%20Propietarios%20de%20*Apart%20Hotel%20Plaza%20Milenium*!%20%F0%9F%91%8B%0A%0ASomos%20del%20equipo%20de%20*San%20Rafael%20360*.%20Somos%20la%20gu%C3%ADa%20local%20de%20San%20Rafael.%20Vimos%20que%20su%20rubro%20es%20*Apart%20Hoteles*%20y%20estamos%20armando%20el%20directorio%20digital%20m%C3%A1s%20completo%20de%20la%20ciudad.%0A%0ALos%20invitamos%20a%20revisar%20vuestro%20perfil%20y%20cualquier%20otro%20que%20quieran%20consultar%20para%20que%20vean%20los%20distintos%20formatos%20que%20ofrecemos.%0A%0A%F0%9F%91%89%20Pueden%20verlo%3A%0AIngresando%20en%20www.sanrafael360.com%20o%20si%20tienes%20celular%20con%20Android%20descargando%20la%20app%20de%20Play%20Store%20https%3A%2F%2Fplay.google.com%2Fstore%2Fapps%2Fdetails%3Fid%3Dcom.sanrafael360.www.twa%0A%0AContratando%20el%20plan%20PREMIUM%20por%20%2425.000%20el%20trimestre%20y%20si%20eliges%20el%20pago%20anual%20con%20un%2020%25%20de%20descuento%20abonas%20solamente%20%2480.000.%20%0A%0APor%20este%20plan%20acceden%20a%20cargar%20una%20galer%C3%ADa%20completa%20de%20fotos%2C%20videos%2C%20ubicaci%C3%B3n%20al%20instante%20con%20Google%20Maps%2C%20links%20a%20redes%20sociales%2C%20WhatsApp%20y%20m%C3%A1s.%0A%0ASi%20les%20interesa%20participar%20pueden%20responder%20a%20este%20mismo%20mensaje%20de%20WhatsApp."
"5492604014779","Hotel Rex - 1 estrella","Hoteles","¡Hola Propietarios de *Hotel Rex - 1 estrella*! 👋

Somos del equipo de *San Rafael 360*. Somos la guía local de San Rafael. Vimos que su rubro es *Hoteles* y estamos armando el directorio digital más completo de la ciudad.

Los invitamos a revisar vuestro perfil y cualquier otro que quieran consultar para que vean los distintos formatos que ofrecemos.

👉 Pueden verlo:
Ingresando en www.sanrafael360.com o si tienes celular con Android descargando la app de Play Store https://play.google.com/store/apps/details?id=com.sanrafael360.www.twa

Contratando el plan PREMIUM por $25.000 el trimestre y si eliges el pago anual con un 20% de descuento abonas solamente $80.000. 

Por este plan acceden a cargar una galería completa de fotos, videos, ubicación al instante con Google Maps, links a redes sociales, WhatsApp y más.

Si les interesa participar pueden responder a este mismo mensaje de WhatsApp.","https://wa.me/5492604014779?text=%C2%A1Hola%20Propietarios%20de%20*Hotel%20Rex%20-%201%20estrella*!%20%F0%9F%91%8B%0A%0ASomos%20del%20equipo%20de%20*San%20Rafael%20360*.%20Somos%20la%20gu%C3%ADa%20local%20de%20San%20Rafael.%20Vimos%20que%20su%20rubro%20es%20*Hoteles*%20y%20estamos%20armando%20el%20directorio%20digital%20m%C3%A1s%20completo%20de%20la%20ciudad.%0A%0ALos%20invitamos%20a%20revisar%20vuestro%20perfil%20y%20cualquier%20otro%20que%20quieran%20consultar%20para%20que%20vean%20los%20distintos%20formatos%20que%20ofrecemos.%0A%0A%F0%9F%91%89%20Pueden%20verlo%3A%0AIngresando%20en%20www.sanrafael360.com%20o%20si%20tienes%20celular%20con%20Android%20descargando%20la%20app%20de%20Play%20Store%20https%3A%2F%2Fplay.google.com%2Fstore%2Fapps%2Fdetails%3Fid%3Dcom.sanrafael360.www.twa%0A%0AContratando%20el%20plan%20PREMIUM%20por%20%2425.000%20el%20trimestre%20y%20si%20eliges%20el%20pago%20anual%20con%20un%2020%25%20de%20descuento%20abonas%20solamente%20%2480.000.%20%0A%0APor%20este%20plan%20acceden%20a%20cargar%20una%20galer%C3%ADa%20completa%20de%20fotos%2C%20videos%2C%20ubicaci%C3%B3n%20al%20instante%20con%20Google%20Maps%2C%20links%20a%20redes%20sociales%2C%20WhatsApp%20y%20m%C3%A1s.%0A%0ASi%20les%20interesa%20participar%20pueden%20responder%20a%20este%20mismo%20mensaje%20de%20WhatsApp."
"5492604396777","TABERNA MOSCU Coffee Bar - Ciudad","Gastronomía","¡Hola Propietarios de *TABERNA MOSCU Coffee Bar - Ciudad*! 👋

Somos del equipo de *San Rafael 360*. Somos la guía local de San Rafael. Vimos que su rubro es *Gastronomía* y estamos armando el directorio digital más completo de la ciudad.

Los invitamos a revisar vuestro perfil y cualquier otro que quieran consultar para que vean los distintos formatos que ofrecemos.

👉 Pueden verlo:
Ingresando en www.sanrafael360.com o si tienes celular con Android descargando la app de Play Store https://play.google.com/store/apps/details?id=com.sanrafael360.www.twa

Contratando el plan PREMIUM por $25.000 el trimestre y si eliges el pago anual con un 20% de descuento abonas solamente $80.000. 

Por este plan acceden a cargar una galería completa de fotos, videos, ubicación al instante con Google Maps, links a redes sociales, WhatsApp y más.

Si les interesa participar pueden responder a este mismo mensaje de WhatsApp.","https://wa.me/5492604396777?text=%C2%A1Hola%20Propietarios%20de%20*TABERNA%20MOSCU%20Coffee%20Bar%20-%20Ciudad*!%20%F0%9F%91%8B%0A%0ASomos%20del%20equipo%20de%20*San%20Rafael%20360*.%20Somos%20la%20gu%C3%ADa%20local%20de%20San%20Rafael.%20Vimos%20que%20su%20rubro%20es%20*Gastronom%C3%ADa*%20y%20estamos%20armando%20el%20directorio%20digital%20m%C3%A1s%20completo%20de%20la%20ciudad.%0A%0ALos%20invitamos%20a%20revisar%20vuestro%20perfil%20y%20cualquier%20otro%20que%20quieran%20consultar%20para%20que%20vean%20los%20distintos%20formatos%20que%20ofrecemos.%0A%0A%F0%9F%91%89%20Pueden%20verlo%3A%0AIngresando%20en%20www.sanrafael360.com%20o%20si%20tienes%20celular%20con%20Android%20descargando%20la%20app%20de%20Play%20Store%20https%3A%2F%2Fplay.google.com%2Fstore%2Fapps%2Fdetails%3Fid%3Dcom.sanrafael360.www.twa%0A%0AContratando%20el%20plan%20PREMIUM%20por%20%2425.000%20el%20trimestre%20y%20si%20eliges%20el%20pago%20anual%20con%20un%2020%25%20de%20descuento%20abonas%20solamente%20%2480.000.%20%0A%0APor%20este%20plan%20acceden%20a%20cargar%20una%20galer%C3%ADa%20completa%20de%20fotos%2C%20videos%2C%20ubicaci%C3%B3n%20al%20instante%20con%20Google%20Maps%2C%20links%20a%20redes%20sociales%2C%20WhatsApp%20y%20m%C3%A1s.%0A%0ASi%20les%20interesa%20participar%20pueden%20responder%20a%20este%20mismo%20mensaje%20de%20WhatsApp."
"5492604562367","ALOHA Heladería","Gastronomía","¡Hola Propietarios de *ALOHA Heladería*! 👋

Somos del equipo de *San Rafael 360*. Somos la guía local de San Rafael. Vimos que su rubro es *Gastronomía* y estamos armando el directorio digital más completo de la ciudad.

Los invitamos a revisar vuestro perfil y cualquier otro que quieran consultar para que vean los distintos formatos que ofrecemos.

👉 Pueden verlo:
Ingresando en www.sanrafael360.com o si tienes celular con Android descargando la app de Play Store https://play.google.com/store/apps/details?id=com.sanrafael360.www.twa

Contratando el plan PREMIUM por $25.000 el trimestre y si eliges el pago anual con un 20% de descuento abonas solamente $80.000. 

Por este plan acceden a cargar una galería completa de fotos, videos, ubicación al instante con Google Maps, links a redes sociales, WhatsApp y más.

Si les interesa participar pueden responder a este mismo mensaje de WhatsApp.","https://wa.me/5492604562367?text=%C2%A1Hola%20Propietarios%20de%20*ALOHA%20Helader%C3%ADa*!%20%F0%9F%91%8B%0A%0ASomos%20del%20equipo%20de%20*San%20Rafael%20360*.%20Somos%20la%20gu%C3%ADa%20local%20de%20San%20Rafael.%20Vimos%20que%20su%20rubro%20es%20*Gastronom%C3%ADa*%20y%20estamos%20armando%20el%20directorio%20digital%20m%C3%A1s%20completo%20de%20la%20ciudad.%0A%0ALos%20invitamos%20a%20revisar%20vuestro%20perfil%20y%20cualquier%20otro%20que%20quieran%20consultar%20para%20que%20vean%20los%20distintos%20formatos%20que%20ofrecemos.%0A%0A%F0%9F%91%89%20Pueden%20verlo%3A%0AIngresando%20en%20www.sanrafael360.com%20o%20si%20tienes%20celular%20con%20Android%20descargando%20la%20app%20de%20Play%20Store%20https%3A%2F%2Fplay.google.com%2Fstore%2Fapps%2Fdetails%3Fid%3Dcom.sanrafael360.www.twa%0A%0AContratando%20el%20plan%20PREMIUM%20por%20%2425.000%20el%20trimestre%20y%20si%20eliges%20el%20pago%20anual%20con%20un%2020%25%20de%20descuento%20abonas%20solamente%20%2480.000.%20%0A%0APor%20este%20plan%20acceden%20a%20cargar%20una%20galer%C3%ADa%20completa%20de%20fotos%2C%20videos%2C%20ubicaci%C3%B3n%20al%20instante%20con%20Google%20Maps%2C%20links%20a%20redes%20sociales%2C%20WhatsApp%20y%20m%C3%A1s.%0A%0ASi%20les%20interesa%20participar%20pueden%20responder%20a%20este%20mismo%20mensaje%20de%20WhatsApp."
"5492604054453","Finca La Penúltima","Sin Categoria","¡Hola Propietarios de *Finca La Penúltima*! 👋

Somos del equipo de *San Rafael 360*. Somos la guía local de San Rafael. Vimos que su rubro es *Sin Categoria* y estamos armando el directorio digital más completo de la ciudad.

Los invitamos a revisar vuestro perfil y cualquier otro que quieran consultar para que vean los distintos formatos que ofrecemos.

👉 Pueden verlo:
Ingresando en www.sanrafael360.com o si tienes celular con Android descargando la app de Play Store https://play.google.com/store/apps/details?id=com.sanrafael360.www.twa

Contratando el plan PREMIUM por $25.000 el trimestre y si eliges el pago anual con un 20% de descuento abonas solamente $80.000. 

Por este plan acceden a cargar una galería completa de fotos, videos, ubicación al instante con Google Maps, links a redes sociales, WhatsApp y más.

Si les interesa participar pueden responder a este mismo mensaje de WhatsApp.","https://wa.me/5492604054453?text=%C2%A1Hola%20Propietarios%20de%20*Finca%20La%20Pen%C3%BAltima*!%20%F0%9F%91%8B%0A%0ASomos%20del%20equipo%20de%20*San%20Rafael%20360*.%20Somos%20la%20gu%C3%ADa%20local%20de%20San%20Rafael.%20Vimos%20que%20su%20rubro%20es%20*Sin%20Categoria*%20y%20estamos%20armando%20el%20directorio%20digital%20m%C3%A1s%20completo%20de%20la%20ciudad.%0A%0ALos%20invitamos%20a%20revisar%20vuestro%20perfil%20y%20cualquier%20otro%20que%20quieran%20consultar%20para%20que%20vean%20los%20distintos%20formatos%20que%20ofrecemos.%0A%0A%F0%9F%91%89%20Pueden%20verlo%3A%0AIngresando%20en%20www.sanrafael360.com%20o%20si%20tienes%20celular%20con%20Android%20descargando%20la%20app%20de%20Play%20Store%20https%3A%2F%2Fplay.google.com%2Fstore%2Fapps%2Fdetails%3Fid%3Dcom.sanrafael360.www.twa%0A%0AContratando%20el%20plan%20PREMIUM%20por%20%2425.000%20el%20trimestre%20y%20si%20eliges%20el%20pago%20anual%20con%20un%2020%25%20de%20descuento%20abonas%20solamente%20%2480.000.%20%0A%0APor%20este%20plan%20acceden%20a%20cargar%20una%20galer%C3%ADa%20completa%20de%20fotos%2C%20videos%2C%20ubicaci%C3%B3n%20al%20instante%20con%20Google%20Maps%2C%20links%20a%20redes%20sociales%2C%20WhatsApp%20y%20m%C3%A1s.%0A%0ASi%20les%20interesa%20participar%20pueden%20responder%20a%20este%20mismo%20mensaje%20de%20WhatsApp."
"5492604356668","NINA (Café- Bar) -Ciudad","Gastronomía","¡Hola Propietarios de *NINA (Café- Bar) -Ciudad*! 👋

Somos del equipo de *San Rafael 360*. Somos la guía local de San Rafael. Vimos que su rubro es *Gastronomía* y estamos armando el directorio digital más completo de la ciudad.

Los invitamos a revisar vuestro perfil y cualquier otro que quieran consultar para que vean los distintos formatos que ofrecemos.

👉 Pueden verlo:
Ingresando en www.sanrafael360.com o si tienes celular con Android descargando la app de Play Store https://play.google.com/store/apps/details?id=com.sanrafael360.www.twa

Contratando el plan PREMIUM por $25.000 el trimestre y si eliges el pago anual con un 20% de descuento abonas solamente $80.000. 

Por este plan acceden a cargar una galería completa de fotos, videos, ubicación al instante con Google Maps, links a redes sociales, WhatsApp y más.

Si les interesa participar pueden responder a este mismo mensaje de WhatsApp.","https://wa.me/5492604356668?text=%C2%A1Hola%20Propietarios%20de%20*NINA%20(Caf%C3%A9-%20Bar)%20-Ciudad*!%20%F0%9F%91%8B%0A%0ASomos%20del%20equipo%20de%20*San%20Rafael%20360*.%20Somos%20la%20gu%C3%ADa%20local%20de%20San%20Rafael.%20Vimos%20que%20su%20rubro%20es%20*Gastronom%C3%ADa*%20y%20estamos%20armando%20el%20directorio%20digital%20m%C3%A1s%20completo%20de%20la%20ciudad.%0A%0ALos%20invitamos%20a%20revisar%20vuestro%20perfil%20y%20cualquier%20otro%20que%20quieran%20consultar%20para%20que%20vean%20los%20distintos%20formatos%20que%20ofrecemos.%0A%0A%F0%9F%91%89%20Pueden%20verlo%3A%0AIngresando%20en%20www.sanrafael360.com%20o%20si%20tienes%20celular%20con%20Android%20descargando%20la%20app%20de%20Play%20Store%20https%3A%2F%2Fplay.google.com%2Fstore%2Fapps%2Fdetails%3Fid%3Dcom.sanrafael360.www.twa%0A%0AContratando%20el%20plan%20PREMIUM%20por%20%2425.000%20el%20trimestre%20y%20si%20eliges%20el%20pago%20anual%20con%20un%2020%25%20de%20descuento%20abonas%20solamente%20%2480.000.%20%0A%0APor%20este%20plan%20acceden%20a%20cargar%20una%20galer%C3%ADa%20completa%20de%20fotos%2C%20videos%2C%20ubicaci%C3%B3n%20al%20instante%20con%20Google%20Maps%2C%20links%20a%20redes%20sociales%2C%20WhatsApp%20y%20m%C3%A1s.%0A%0ASi%20les%20interesa%20participar%20pueden%20responder%20a%20este%20mismo%20mensaje%20de%20WhatsApp."
"5492604418025","Cabañas Carü Leufu – Valle Grande","Cabañas","¡Hola Propietarios de *Cabañas Carü Leufu – Valle Grande*! 👋

Somos del equipo de *San Rafael 360*. Somos la guía local de San Rafael. Vimos que su rubro es *Cabañas* y estamos armando el directorio digital más completo de la ciudad.

Los invitamos a revisar vuestro perfil y cualquier otro que quieran consultar para que vean los distintos formatos que ofrecemos.

👉 Pueden verlo:
Ingresando en www.sanrafael360.com o si tienes celular con Android descargando la app de Play Store https://play.google.com/store/apps/details?id=com.sanrafael360.www.twa

Contratando el plan PREMIUM por $25.000 el trimestre y si eliges el pago anual con un 20% de descuento abonas solamente $80.000. 

Por este plan acceden a cargar una galería completa de fotos, videos, ubicación al instante con Google Maps, links a redes sociales, WhatsApp y más.

Si les interesa participar pueden responder a este mismo mensaje de WhatsApp.","https://wa.me/5492604418025?text=%C2%A1Hola%20Propietarios%20de%20*Caba%C3%B1as%20Car%C3%BC%20Leufu%20%E2%80%93%20Valle%20Grande*!%20%F0%9F%91%8B%0A%0ASomos%20del%20equipo%20de%20*San%20Rafael%20360*.%20Somos%20la%20gu%C3%ADa%20local%20de%20San%20Rafael.%20Vimos%20que%20su%20rubro%20es%20*Caba%C3%B1as*%20y%20estamos%20armando%20el%20directorio%20digital%20m%C3%A1s%20completo%20de%20la%20ciudad.%0A%0ALos%20invitamos%20a%20revisar%20vuestro%20perfil%20y%20cualquier%20otro%20que%20quieran%20consultar%20para%20que%20vean%20los%20distintos%20formatos%20que%20ofrecemos.%0A%0A%F0%9F%91%89%20Pueden%20verlo%3A%0AIngresando%20en%20www.sanrafael360.com%20o%20si%20tienes%20celular%20con%20Android%20descargando%20la%20app%20de%20Play%20Store%20https%3A%2F%2Fplay.google.com%2Fstore%2Fapps%2Fdetails%3Fid%3Dcom.sanrafael360.www.twa%0A%0AContratando%20el%20plan%20PREMIUM%20por%20%2425.000%20el%20trimestre%20y%20si%20eliges%20el%20pago%20anual%20con%20un%2020%25%20de%20descuento%20abonas%20solamente%20%2480.000.%20%0A%0APor%20este%20plan%20acceden%20a%20cargar%20una%20galer%C3%ADa%20completa%20de%20fotos%2C%20videos%2C%20ubicaci%C3%B3n%20al%20instante%20con%20Google%20Maps%2C%20links%20a%20redes%20sociales%2C%20WhatsApp%20y%20m%C3%A1s.%0A%0ASi%20les%20interesa%20participar%20pueden%20responder%20a%20este%20mismo%20mensaje%20de%20WhatsApp."
"5492604404042","Cabañas Del Lago – Los Reyunos","Cabañas","¡Hola Propietarios de *Cabañas Del Lago – Los Reyunos*! 👋

Somos del equipo de *San Rafael 360*. Somos la guía local de San Rafael. Vimos que su rubro es *Cabañas* y estamos armando el directorio digital más completo de la ciudad.

Los invitamos a revisar vuestro perfil y cualquier otro que quieran consultar para que vean los distintos formatos que ofrecemos.

👉 Pueden verlo:
Ingresando en www.sanrafael360.com o si tienes celular con Android descargando la app de Play Store https://play.google.com/store/apps/details?id=com.sanrafael360.www.twa

Contratando el plan PREMIUM por $25.000 el trimestre y si eliges el pago anual con un 20% de descuento abonas solamente $80.000. 

Por este plan acceden a cargar una galería completa de fotos, videos, ubicación al instante con Google Maps, links a redes sociales, WhatsApp y más.

Si les interesa participar pueden responder a este mismo mensaje de WhatsApp.","https://wa.me/5492604404042?text=%C2%A1Hola%20Propietarios%20de%20*Caba%C3%B1as%20Del%20Lago%20%E2%80%93%20Los%20Reyunos*!%20%F0%9F%91%8B%0A%0ASomos%20del%20equipo%20de%20*San%20Rafael%20360*.%20Somos%20la%20gu%C3%ADa%20local%20de%20San%20Rafael.%20Vimos%20que%20su%20rubro%20es%20*Caba%C3%B1as*%20y%20estamos%20armando%20el%20directorio%20digital%20m%C3%A1s%20completo%20de%20la%20ciudad.%0A%0ALos%20invitamos%20a%20revisar%20vuestro%20perfil%20y%20cualquier%20otro%20que%20quieran%20consultar%20para%20que%20vean%20los%20distintos%20formatos%20que%20ofrecemos.%0A%0A%F0%9F%91%89%20Pueden%20verlo%3A%0AIngresando%20en%20www.sanrafael360.com%20o%20si%20tienes%20celular%20con%20Android%20descargando%20la%20app%20de%20Play%20Store%20https%3A%2F%2Fplay.google.com%2Fstore%2Fapps%2Fdetails%3Fid%3Dcom.sanrafael360.www.twa%0A%0AContratando%20el%20plan%20PREMIUM%20por%20%2425.000%20el%20trimestre%20y%20si%20eliges%20el%20pago%20anual%20con%20un%2020%25%20de%20descuento%20abonas%20solamente%20%2480.000.%20%0A%0APor%20este%20plan%20acceden%20a%20cargar%20una%20galer%C3%ADa%20completa%20de%20fotos%2C%20videos%2C%20ubicaci%C3%B3n%20al%20instante%20con%20Google%20Maps%2C%20links%20a%20redes%20sociales%2C%20WhatsApp%20y%20m%C3%A1s.%0A%0ASi%20les%20interesa%20participar%20pueden%20responder%20a%20este%20mismo%20mensaje%20de%20WhatsApp."
"5492604594306","Cabañas El Arca De Noé – Rama Caída","Cabañas","¡Hola Propietarios de *Cabañas El Arca De Noé – Rama Caída*! 👋

Somos del equipo de *San Rafael 360*. Somos la guía local de San Rafael. Vimos que su rubro es *Cabañas* y estamos armando el directorio digital más completo de la ciudad.

Los invitamos a revisar vuestro perfil y cualquier otro que quieran consultar para que vean los distintos formatos que ofrecemos.

👉 Pueden verlo:
Ingresando en www.sanrafael360.com o si tienes celular con Android descargando la app de Play Store https://play.google.com/store/apps/details?id=com.sanrafael360.www.twa

Contratando el plan PREMIUM por $25.000 el trimestre y si eliges el pago anual con un 20% de descuento abonas solamente $80.000. 

Por este plan acceden a cargar una galería completa de fotos, videos, ubicación al instante con Google Maps, links a redes sociales, WhatsApp y más.

Si les interesa participar pueden responder a este mismo mensaje de WhatsApp.","https://wa.me/5492604594306?text=%C2%A1Hola%20Propietarios%20de%20*Caba%C3%B1as%20El%20Arca%20De%20No%C3%A9%20%E2%80%93%20Rama%20Ca%C3%ADda*!%20%F0%9F%91%8B%0A%0ASomos%20del%20equipo%20de%20*San%20Rafael%20360*.%20Somos%20la%20gu%C3%ADa%20local%20de%20San%20Rafael.%20Vimos%20que%20su%20rubro%20es%20*Caba%C3%B1as*%20y%20estamos%20armando%20el%20directorio%20digital%20m%C3%A1s%20completo%20de%20la%20ciudad.%0A%0ALos%20invitamos%20a%20revisar%20vuestro%20perfil%20y%20cualquier%20otro%20que%20quieran%20consultar%20para%20que%20vean%20los%20distintos%20formatos%20que%20ofrecemos.%0A%0A%F0%9F%91%89%20Pueden%20verlo%3A%0AIngresando%20en%20www.sanrafael360.com%20o%20si%20tienes%20celular%20con%20Android%20descargando%20la%20app%20de%20Play%20Store%20https%3A%2F%2Fplay.google.com%2Fstore%2Fapps%2Fdetails%3Fid%3Dcom.sanrafael360.www.twa%0A%0AContratando%20el%20plan%20PREMIUM%20por%20%2425.000%20el%20trimestre%20y%20si%20eliges%20el%20pago%20anual%20con%20un%2020%25%20de%20descuento%20abonas%20solamente%20%2480.000.%20%0A%0APor%20este%20plan%20acceden%20a%20cargar%20una%20galer%C3%ADa%20completa%20de%20fotos%2C%20videos%2C%20ubicaci%C3%B3n%20al%20instante%20con%20Google%20Maps%2C%20links%20a%20redes%20sociales%2C%20WhatsApp%20y%20m%C3%A1s.%0A%0ASi%20les%20interesa%20participar%20pueden%20responder%20a%20este%20mismo%20mensaje%20de%20WhatsApp."
"5492604045367","Cabañas Cerro Encantado – 2 Estrellas – Valle Grande","Cabañas","¡Hola Propietarios de *Cabañas Cerro Encantado – 2 Estrellas – Valle Grande*! 👋

Somos del equipo de *San Rafael 360*. Somos la guía local de San Rafael. Vimos que su rubro es *Cabañas* y estamos armando el directorio digital más completo de la ciudad.

Los invitamos a revisar vuestro perfil y cualquier otro que quieran consultar para que vean los distintos formatos que ofrecemos.

👉 Pueden verlo:
Ingresando en www.sanrafael360.com o si tienes celular con Android descargando la app de Play Store https://play.google.com/store/apps/details?id=com.sanrafael360.www.twa

Contratando el plan PREMIUM por $25.000 el trimestre y si eliges el pago anual con un 20% de descuento abonas solamente $80.000. 

Por este plan acceden a cargar una galería completa de fotos, videos, ubicación al instante con Google Maps, links a redes sociales, WhatsApp y más.

Si les interesa participar pueden responder a este mismo mensaje de WhatsApp.","https://wa.me/5492604045367?text=%C2%A1Hola%20Propietarios%20de%20*Caba%C3%B1as%20Cerro%20Encantado%20%E2%80%93%202%20Estrellas%20%E2%80%93%20Valle%20Grande*!%20%F0%9F%91%8B%0A%0ASomos%20del%20equipo%20de%20*San%20Rafael%20360*.%20Somos%20la%20gu%C3%ADa%20local%20de%20San%20Rafael.%20Vimos%20que%20su%20rubro%20es%20*Caba%C3%B1as*%20y%20estamos%20armando%20el%20directorio%20digital%20m%C3%A1s%20completo%20de%20la%20ciudad.%0A%0ALos%20invitamos%20a%20revisar%20vuestro%20perfil%20y%20cualquier%20otro%20que%20quieran%20consultar%20para%20que%20vean%20los%20distintos%20formatos%20que%20ofrecemos.%0A%0A%F0%9F%91%89%20Pueden%20verlo%3A%0AIngresando%20en%20www.sanrafael360.com%20o%20si%20tienes%20celular%20con%20Android%20descargando%20la%20app%20de%20Play%20Store%20https%3A%2F%2Fplay.google.com%2Fstore%2Fapps%2Fdetails%3Fid%3Dcom.sanrafael360.www.twa%0A%0AContratando%20el%20plan%20PREMIUM%20por%20%2425.000%20el%20trimestre%20y%20si%20eliges%20el%20pago%20anual%20con%20un%2020%25%20de%20descuento%20abonas%20solamente%20%2480.000.%20%0A%0APor%20este%20plan%20acceden%20a%20cargar%20una%20galer%C3%ADa%20completa%20de%20fotos%2C%20videos%2C%20ubicaci%C3%B3n%20al%20instante%20con%20Google%20Maps%2C%20links%20a%20redes%20sociales%2C%20WhatsApp%20y%20m%C3%A1s.%0A%0ASi%20les%20interesa%20participar%20pueden%20responder%20a%20este%20mismo%20mensaje%20de%20WhatsApp."
"5492604636280","Nelumbo Petit Chalet – Las Paredes","Sin Categoria","¡Hola Propietarios de *Nelumbo Petit Chalet – Las Paredes*! 👋

Somos del equipo de *San Rafael 360*. Somos la guía local de San Rafael. Vimos que su rubro es *Sin Categoria* y estamos armando el directorio digital más completo de la ciudad.

Los invitamos a revisar vuestro perfil y cualquier otro que quieran consultar para que vean los distintos formatos que ofrecemos.

👉 Pueden verlo:
Ingresando en www.sanrafael360.com o si tienes celular con Android descargando la app de Play Store https://play.google.com/store/apps/details?id=com.sanrafael360.www.twa

Contratando el plan PREMIUM por $25.000 el trimestre y si eliges el pago anual con un 20% de descuento abonas solamente $80.000. 

Por este plan acceden a cargar una galería completa de fotos, videos, ubicación al instante con Google Maps, links a redes sociales, WhatsApp y más.

Si les interesa participar pueden responder a este mismo mensaje de WhatsApp.","https://wa.me/5492604636280?text=%C2%A1Hola%20Propietarios%20de%20*Nelumbo%20Petit%20Chalet%20%E2%80%93%20Las%20Paredes*!%20%F0%9F%91%8B%0A%0ASomos%20del%20equipo%20de%20*San%20Rafael%20360*.%20Somos%20la%20gu%C3%ADa%20local%20de%20San%20Rafael.%20Vimos%20que%20su%20rubro%20es%20*Sin%20Categoria*%20y%20estamos%20armando%20el%20directorio%20digital%20m%C3%A1s%20completo%20de%20la%20ciudad.%0A%0ALos%20invitamos%20a%20revisar%20vuestro%20perfil%20y%20cualquier%20otro%20que%20quieran%20consultar%20para%20que%20vean%20los%20distintos%20formatos%20que%20ofrecemos.%0A%0A%F0%9F%91%89%20Pueden%20verlo%3A%0AIngresando%20en%20www.sanrafael360.com%20o%20si%20tienes%20celular%20con%20Android%20descargando%20la%20app%20de%20Play%20Store%20https%3A%2F%2Fplay.google.com%2Fstore%2Fapps%2Fdetails%3Fid%3Dcom.sanrafael360.www.twa%0A%0AContratando%20el%20plan%20PREMIUM%20por%20%2425.000%20el%20trimestre%20y%20si%20eliges%20el%20pago%20anual%20con%20un%2020%25%20de%20descuento%20abonas%20solamente%20%2480.000.%20%0A%0APor%20este%20plan%20acceden%20a%20cargar%20una%20galer%C3%ADa%20completa%20de%20fotos%2C%20videos%2C%20ubicaci%C3%B3n%20al%20instante%20con%20Google%20Maps%2C%20links%20a%20redes%20sociales%2C%20WhatsApp%20y%20m%C3%A1s.%0A%0ASi%20les%20interesa%20participar%20pueden%20responder%20a%20este%20mismo%20mensaje%20de%20WhatsApp."
"5492604630935","Chalet Los Troncos - Cuadro Benegas","Sin Categoria","¡Hola Propietarios de *Chalet Los Troncos - Cuadro Benegas*! 👋

Somos del equipo de *San Rafael 360*. Somos la guía local de San Rafael. Vimos que su rubro es *Sin Categoria* y estamos armando el directorio digital más completo de la ciudad.

Los invitamos a revisar vuestro perfil y cualquier otro que quieran consultar para que vean los distintos formatos que ofrecemos.

👉 Pueden verlo:
Ingresando en www.sanrafael360.com o si tienes celular con Android descargando la app de Play Store https://play.google.com/store/apps/details?id=com.sanrafael360.www.twa

Contratando el plan PREMIUM por $25.000 el trimestre y si eliges el pago anual con un 20% de descuento abonas solamente $80.000. 

Por este plan acceden a cargar una galería completa de fotos, videos, ubicación al instante con Google Maps, links a redes sociales, WhatsApp y más.

Si les interesa participar pueden responder a este mismo mensaje de WhatsApp.","https://wa.me/5492604630935?text=%C2%A1Hola%20Propietarios%20de%20*Chalet%20Los%20Troncos%20-%20Cuadro%20Benegas*!%20%F0%9F%91%8B%0A%0ASomos%20del%20equipo%20de%20*San%20Rafael%20360*.%20Somos%20la%20gu%C3%ADa%20local%20de%20San%20Rafael.%20Vimos%20que%20su%20rubro%20es%20*Sin%20Categoria*%20y%20estamos%20armando%20el%20directorio%20digital%20m%C3%A1s%20completo%20de%20la%20ciudad.%0A%0ALos%20invitamos%20a%20revisar%20vuestro%20perfil%20y%20cualquier%20otro%20que%20quieran%20consultar%20para%20que%20vean%20los%20distintos%20formatos%20que%20ofrecemos.%0A%0A%F0%9F%91%89%20Pueden%20verlo%3A%0AIngresando%20en%20www.sanrafael360.com%20o%20si%20tienes%20celular%20con%20Android%20descargando%20la%20app%20de%20Play%20Store%20https%3A%2F%2Fplay.google.com%2Fstore%2Fapps%2Fdetails%3Fid%3Dcom.sanrafael360.www.twa%0A%0AContratando%20el%20plan%20PREMIUM%20por%20%2425.000%20el%20trimestre%20y%20si%20eliges%20el%20pago%20anual%20con%20un%2020%25%20de%20descuento%20abonas%20solamente%20%2480.000.%20%0A%0APor%20este%20plan%20acceden%20a%20cargar%20una%20galer%C3%ADa%20completa%20de%20fotos%2C%20videos%2C%20ubicaci%C3%B3n%20al%20instante%20con%20Google%20Maps%2C%20links%20a%20redes%20sociales%2C%20WhatsApp%20y%20m%C3%A1s.%0A%0ASi%20les%20interesa%20participar%20pueden%20responder%20a%20este%20mismo%20mensaje%20de%20WhatsApp."
"5492604679616","Cabañas El Abrazo – Rama Caída","Cabañas","¡Hola Propietarios de *Cabañas El Abrazo – Rama Caída*! 👋

Somos del equipo de *San Rafael 360*. Somos la guía local de San Rafael. Vimos que su rubro es *Cabañas* y estamos armando el directorio digital más completo de la ciudad.

Los invitamos a revisar vuestro perfil y cualquier otro que quieran consultar para que vean los distintos formatos que ofrecemos.

👉 Pueden verlo:
Ingresando en www.sanrafael360.com o si tienes celular con Android descargando la app de Play Store https://play.google.com/store/apps/details?id=com.sanrafael360.www.twa

Contratando el plan PREMIUM por $25.000 el trimestre y si eliges el pago anual con un 20% de descuento abonas solamente $80.000. 

Por este plan acceden a cargar una galería completa de fotos, videos, ubicación al instante con Google Maps, links a redes sociales, WhatsApp y más.

Si les interesa participar pueden responder a este mismo mensaje de WhatsApp.","https://wa.me/5492604679616?text=%C2%A1Hola%20Propietarios%20de%20*Caba%C3%B1as%20El%20Abrazo%20%E2%80%93%20Rama%20Ca%C3%ADda*!%20%F0%9F%91%8B%0A%0ASomos%20del%20equipo%20de%20*San%20Rafael%20360*.%20Somos%20la%20gu%C3%ADa%20local%20de%20San%20Rafael.%20Vimos%20que%20su%20rubro%20es%20*Caba%C3%B1as*%20y%20estamos%20armando%20el%20directorio%20digital%20m%C3%A1s%20completo%20de%20la%20ciudad.%0A%0ALos%20invitamos%20a%20revisar%20vuestro%20perfil%20y%20cualquier%20otro%20que%20quieran%20consultar%20para%20que%20vean%20los%20distintos%20formatos%20que%20ofrecemos.%0A%0A%F0%9F%91%89%20Pueden%20verlo%3A%0AIngresando%20en%20www.sanrafael360.com%20o%20si%20tienes%20celular%20con%20Android%20descargando%20la%20app%20de%20Play%20Store%20https%3A%2F%2Fplay.google.com%2Fstore%2Fapps%2Fdetails%3Fid%3Dcom.sanrafael360.www.twa%0A%0AContratando%20el%20plan%20PREMIUM%20por%20%2425.000%20el%20trimestre%20y%20si%20eliges%20el%20pago%20anual%20con%20un%2020%25%20de%20descuento%20abonas%20solamente%20%2480.000.%20%0A%0APor%20este%20plan%20acceden%20a%20cargar%20una%20galer%C3%ADa%20completa%20de%20fotos%2C%20videos%2C%20ubicaci%C3%B3n%20al%20instante%20con%20Google%20Maps%2C%20links%20a%20redes%20sociales%2C%20WhatsApp%20y%20m%C3%A1s.%0A%0ASi%20les%20interesa%20participar%20pueden%20responder%20a%20este%20mismo%20mensaje%20de%20WhatsApp."
"5492604552080","Cabañas Club De Pescadores – El Nihuil","Cabañas","¡Hola Propietarios de *Cabañas Club De Pescadores – El Nihuil*! 👋

Somos del equipo de *San Rafael 360*. Somos la guía local de San Rafael. Vimos que su rubro es *Cabañas* y estamos armando el directorio digital más completo de la ciudad.

Los invitamos a revisar vuestro perfil y cualquier otro que quieran consultar para que vean los distintos formatos que ofrecemos.

👉 Pueden verlo:
Ingresando en www.sanrafael360.com o si tienes celular con Android descargando la app de Play Store https://play.google.com/store/apps/details?id=com.sanrafael360.www.twa

Contratando el plan PREMIUM por $25.000 el trimestre y si eliges el pago anual con un 20% de descuento abonas solamente $80.000. 

Por este plan acceden a cargar una galería completa de fotos, videos, ubicación al instante con Google Maps, links a redes sociales, WhatsApp y más.

Si les interesa participar pueden responder a este mismo mensaje de WhatsApp.","https://wa.me/5492604552080?text=%C2%A1Hola%20Propietarios%20de%20*Caba%C3%B1as%20Club%20De%20Pescadores%20%E2%80%93%20El%20Nihuil*!%20%F0%9F%91%8B%0A%0ASomos%20del%20equipo%20de%20*San%20Rafael%20360*.%20Somos%20la%20gu%C3%ADa%20local%20de%20San%20Rafael.%20Vimos%20que%20su%20rubro%20es%20*Caba%C3%B1as*%20y%20estamos%20armando%20el%20directorio%20digital%20m%C3%A1s%20completo%20de%20la%20ciudad.%0A%0ALos%20invitamos%20a%20revisar%20vuestro%20perfil%20y%20cualquier%20otro%20que%20quieran%20consultar%20para%20que%20vean%20los%20distintos%20formatos%20que%20ofrecemos.%0A%0A%F0%9F%91%89%20Pueden%20verlo%3A%0AIngresando%20en%20www.sanrafael360.com%20o%20si%20tienes%20celular%20con%20Android%20descargando%20la%20app%20de%20Play%20Store%20https%3A%2F%2Fplay.google.com%2Fstore%2Fapps%2Fdetails%3Fid%3Dcom.sanrafael360.www.twa%0A%0AContratando%20el%20plan%20PREMIUM%20por%20%2425.000%20el%20trimestre%20y%20si%20eliges%20el%20pago%20anual%20con%20un%2020%25%20de%20descuento%20abonas%20solamente%20%2480.000.%20%0A%0APor%20este%20plan%20acceden%20a%20cargar%20una%20galer%C3%ADa%20completa%20de%20fotos%2C%20videos%2C%20ubicaci%C3%B3n%20al%20instante%20con%20Google%20Maps%2C%20links%20a%20redes%20sociales%2C%20WhatsApp%20y%20m%C3%A1s.%0A%0ASi%20les%20interesa%20participar%20pueden%20responder%20a%20este%20mismo%20mensaje%20de%20WhatsApp."
"5491167947338","Cabañas del Puente – Las Paredes","Cabañas","¡Hola Propietarios de *Cabañas del Puente – Las Paredes*! 👋

Somos del equipo de *San Rafael 360*. Somos la guía local de San Rafael. Vimos que su rubro es *Cabañas* y estamos armando el directorio digital más completo de la ciudad.

Los invitamos a revisar vuestro perfil y cualquier otro que quieran consultar para que vean los distintos formatos que ofrecemos.

👉 Pueden verlo:
Ingresando en www.sanrafael360.com o si tienes celular con Android descargando la app de Play Store https://play.google.com/store/apps/details?id=com.sanrafael360.www.twa

Contratando el plan PREMIUM por $25.000 el trimestre y si eliges el pago anual con un 20% de descuento abonas solamente $80.000. 

Por este plan acceden a cargar una galería completa de fotos, videos, ubicación al instante con Google Maps, links a redes sociales, WhatsApp y más.

Si les interesa participar pueden responder a este mismo mensaje de WhatsApp.","https://wa.me/5491167947338?text=%C2%A1Hola%20Propietarios%20de%20*Caba%C3%B1as%20del%20Puente%20%E2%80%93%20Las%20Paredes*!%20%F0%9F%91%8B%0A%0ASomos%20del%20equipo%20de%20*San%20Rafael%20360*.%20Somos%20la%20gu%C3%ADa%20local%20de%20San%20Rafael.%20Vimos%20que%20su%20rubro%20es%20*Caba%C3%B1as*%20y%20estamos%20armando%20el%20directorio%20digital%20m%C3%A1s%20completo%20de%20la%20ciudad.%0A%0ALos%20invitamos%20a%20revisar%20vuestro%20perfil%20y%20cualquier%20otro%20que%20quieran%20consultar%20para%20que%20vean%20los%20distintos%20formatos%20que%20ofrecemos.%0A%0A%F0%9F%91%89%20Pueden%20verlo%3A%0AIngresando%20en%20www.sanrafael360.com%20o%20si%20tienes%20celular%20con%20Android%20descargando%20la%20app%20de%20Play%20Store%20https%3A%2F%2Fplay.google.com%2Fstore%2Fapps%2Fdetails%3Fid%3Dcom.sanrafael360.www.twa%0A%0AContratando%20el%20plan%20PREMIUM%20por%20%2425.000%20el%20trimestre%20y%20si%20eliges%20el%20pago%20anual%20con%20un%2020%25%20de%20descuento%20abonas%20solamente%20%2480.000.%20%0A%0APor%20este%20plan%20acceden%20a%20cargar%20una%20galer%C3%ADa%20completa%20de%20fotos%2C%20videos%2C%20ubicaci%C3%B3n%20al%20instante%20con%20Google%20Maps%2C%20links%20a%20redes%20sociales%2C%20WhatsApp%20y%20m%C3%A1s.%0A%0ASi%20les%20interesa%20participar%20pueden%20responder%20a%20este%20mismo%20mensaje%20de%20WhatsApp."
"5492604535442","Cabañas El Paraíso Del Valle – Valle Grande","Cabañas","¡Hola Propietarios de *Cabañas El Paraíso Del Valle – Valle Grande*! 👋

Somos del equipo de *San Rafael 360*. Somos la guía local de San Rafael. Vimos que su rubro es *Cabañas* y estamos armando el directorio digital más completo de la ciudad.

Los invitamos a revisar vuestro perfil y cualquier otro que quieran consultar para que vean los distintos formatos que ofrecemos.

👉 Pueden verlo:
Ingresando en www.sanrafael360.com o si tienes celular con Android descargando la app de Play Store https://play.google.com/store/apps/details?id=com.sanrafael360.www.twa

Contratando el plan PREMIUM por $25.000 el trimestre y si eliges el pago anual con un 20% de descuento abonas solamente $80.000. 

Por este plan acceden a cargar una galería completa de fotos, videos, ubicación al instante con Google Maps, links a redes sociales, WhatsApp y más.

Si les interesa participar pueden responder a este mismo mensaje de WhatsApp.","https://wa.me/5492604535442?text=%C2%A1Hola%20Propietarios%20de%20*Caba%C3%B1as%20El%20Para%C3%ADso%20Del%20Valle%20%E2%80%93%20Valle%20Grande*!%20%F0%9F%91%8B%0A%0ASomos%20del%20equipo%20de%20*San%20Rafael%20360*.%20Somos%20la%20gu%C3%ADa%20local%20de%20San%20Rafael.%20Vimos%20que%20su%20rubro%20es%20*Caba%C3%B1as*%20y%20estamos%20armando%20el%20directorio%20digital%20m%C3%A1s%20completo%20de%20la%20ciudad.%0A%0ALos%20invitamos%20a%20revisar%20vuestro%20perfil%20y%20cualquier%20otro%20que%20quieran%20consultar%20para%20que%20vean%20los%20distintos%20formatos%20que%20ofrecemos.%0A%0A%F0%9F%91%89%20Pueden%20verlo%3A%0AIngresando%20en%20www.sanrafael360.com%20o%20si%20tienes%20celular%20con%20Android%20descargando%20la%20app%20de%20Play%20Store%20https%3A%2F%2Fplay.google.com%2Fstore%2Fapps%2Fdetails%3Fid%3Dcom.sanrafael360.www.twa%0A%0AContratando%20el%20plan%20PREMIUM%20por%20%2425.000%20el%20trimestre%20y%20si%20eliges%20el%20pago%20anual%20con%20un%2020%25%20de%20descuento%20abonas%20solamente%20%2480.000.%20%0A%0APor%20este%20plan%20acceden%20a%20cargar%20una%20galer%C3%ADa%20completa%20de%20fotos%2C%20videos%2C%20ubicaci%C3%B3n%20al%20instante%20con%20Google%20Maps%2C%20links%20a%20redes%20sociales%2C%20WhatsApp%20y%20m%C3%A1s.%0A%0ASi%20les%20interesa%20participar%20pueden%20responder%20a%20este%20mismo%20mensaje%20de%20WhatsApp."
"5492604600031","Cabañas El Valle- Ciudad","Cabañas","¡Hola Propietarios de *Cabañas El Valle- Ciudad*! 👋

Somos del equipo de *San Rafael 360*. Somos la guía local de San Rafael. Vimos que su rubro es *Cabañas* y estamos armando el directorio digital más completo de la ciudad.

Los invitamos a revisar vuestro perfil y cualquier otro que quieran consultar para que vean los distintos formatos que ofrecemos.

👉 Pueden verlo:
Ingresando en www.sanrafael360.com o si tienes celular con Android descargando la app de Play Store https://play.google.com/store/apps/details?id=com.sanrafael360.www.twa

Contratando el plan PREMIUM por $25.000 el trimestre y si eliges el pago anual con un 20% de descuento abonas solamente $80.000. 

Por este plan acceden a cargar una galería completa de fotos, videos, ubicación al instante con Google Maps, links a redes sociales, WhatsApp y más.

Si les interesa participar pueden responder a este mismo mensaje de WhatsApp.","https://wa.me/5492604600031?text=%C2%A1Hola%20Propietarios%20de%20*Caba%C3%B1as%20El%20Valle-%20Ciudad*!%20%F0%9F%91%8B%0A%0ASomos%20del%20equipo%20de%20*San%20Rafael%20360*.%20Somos%20la%20gu%C3%ADa%20local%20de%20San%20Rafael.%20Vimos%20que%20su%20rubro%20es%20*Caba%C3%B1as*%20y%20estamos%20armando%20el%20directorio%20digital%20m%C3%A1s%20completo%20de%20la%20ciudad.%0A%0ALos%20invitamos%20a%20revisar%20vuestro%20perfil%20y%20cualquier%20otro%20que%20quieran%20consultar%20para%20que%20vean%20los%20distintos%20formatos%20que%20ofrecemos.%0A%0A%F0%9F%91%89%20Pueden%20verlo%3A%0AIngresando%20en%20www.sanrafael360.com%20o%20si%20tienes%20celular%20con%20Android%20descargando%20la%20app%20de%20Play%20Store%20https%3A%2F%2Fplay.google.com%2Fstore%2Fapps%2Fdetails%3Fid%3Dcom.sanrafael360.www.twa%0A%0AContratando%20el%20plan%20PREMIUM%20por%20%2425.000%20el%20trimestre%20y%20si%20eliges%20el%20pago%20anual%20con%20un%2020%25%20de%20descuento%20abonas%20solamente%20%2480.000.%20%0A%0APor%20este%20plan%20acceden%20a%20cargar%20una%20galer%C3%ADa%20completa%20de%20fotos%2C%20videos%2C%20ubicaci%C3%B3n%20al%20instante%20con%20Google%20Maps%2C%20links%20a%20redes%20sociales%2C%20WhatsApp%20y%20m%C3%A1s.%0A%0ASi%20les%20interesa%20participar%20pueden%20responder%20a%20este%20mismo%20mensaje%20de%20WhatsApp."
"5492604693148","Cabañas Altos De La Bodega – Rama Caída","Cabañas","¡Hola Propietarios de *Cabañas Altos De La Bodega – Rama Caída*! 👋

Somos del equipo de *San Rafael 360*. Somos la guía local de San Rafael. Vimos que su rubro es *Cabañas* y estamos armando el directorio digital más completo de la ciudad.

Los invitamos a revisar vuestro perfil y cualquier otro que quieran consultar para que vean los distintos formatos que ofrecemos.

👉 Pueden verlo:
Ingresando en www.sanrafael360.com o si tienes celular con Android descargando la app de Play Store https://play.google.com/store/apps/details?id=com.sanrafael360.www.twa

Contratando el plan PREMIUM por $25.000 el trimestre y si eliges el pago anual con un 20% de descuento abonas solamente $80.000. 

Por este plan acceden a cargar una galería completa de fotos, videos, ubicación al instante con Google Maps, links a redes sociales, WhatsApp y más.

Si les interesa participar pueden responder a este mismo mensaje de WhatsApp.","https://wa.me/5492604693148?text=%C2%A1Hola%20Propietarios%20de%20*Caba%C3%B1as%20Altos%20De%20La%20Bodega%20%E2%80%93%20Rama%20Ca%C3%ADda*!%20%F0%9F%91%8B%0A%0ASomos%20del%20equipo%20de%20*San%20Rafael%20360*.%20Somos%20la%20gu%C3%ADa%20local%20de%20San%20Rafael.%20Vimos%20que%20su%20rubro%20es%20*Caba%C3%B1as*%20y%20estamos%20armando%20el%20directorio%20digital%20m%C3%A1s%20completo%20de%20la%20ciudad.%0A%0ALos%20invitamos%20a%20revisar%20vuestro%20perfil%20y%20cualquier%20otro%20que%20quieran%20consultar%20para%20que%20vean%20los%20distintos%20formatos%20que%20ofrecemos.%0A%0A%F0%9F%91%89%20Pueden%20verlo%3A%0AIngresando%20en%20www.sanrafael360.com%20o%20si%20tienes%20celular%20con%20Android%20descargando%20la%20app%20de%20Play%20Store%20https%3A%2F%2Fplay.google.com%2Fstore%2Fapps%2Fdetails%3Fid%3Dcom.sanrafael360.www.twa%0A%0AContratando%20el%20plan%20PREMIUM%20por%20%2425.000%20el%20trimestre%20y%20si%20eliges%20el%20pago%20anual%20con%20un%2020%25%20de%20descuento%20abonas%20solamente%20%2480.000.%20%0A%0APor%20este%20plan%20acceden%20a%20cargar%20una%20galer%C3%ADa%20completa%20de%20fotos%2C%20videos%2C%20ubicaci%C3%B3n%20al%20instante%20con%20Google%20Maps%2C%20links%20a%20redes%20sociales%2C%20WhatsApp%20y%20m%C3%A1s.%0A%0ASi%20les%20interesa%20participar%20pueden%20responder%20a%20este%20mismo%20mensaje%20de%20WhatsApp."
"5492604577686","Cabañas Complejo La Piedra – El Nihuil","Cabañas","¡Hola Propietarios de *Cabañas Complejo La Piedra – El Nihuil*! 👋

Somos del equipo de *San Rafael 360*. Somos la guía local de San Rafael. Vimos que su rubro es *Cabañas* y estamos armando el directorio digital más completo de la ciudad.

Los invitamos a revisar vuestro perfil y cualquier otro que quieran consultar para que vean los distintos formatos que ofrecemos.

👉 Pueden verlo:
Ingresando en www.sanrafael360.com o si tienes celular con Android descargando la app de Play Store https://play.google.com/store/apps/details?id=com.sanrafael360.www.twa

Contratando el plan PREMIUM por $25.000 el trimestre y si eliges el pago anual con un 20% de descuento abonas solamente $80.000. 

Por este plan acceden a cargar una galería completa de fotos, videos, ubicación al instante con Google Maps, links a redes sociales, WhatsApp y más.

Si les interesa participar pueden responder a este mismo mensaje de WhatsApp.","https://wa.me/5492604577686?text=%C2%A1Hola%20Propietarios%20de%20*Caba%C3%B1as%20Complejo%20La%20Piedra%20%E2%80%93%20El%20Nihuil*!%20%F0%9F%91%8B%0A%0ASomos%20del%20equipo%20de%20*San%20Rafael%20360*.%20Somos%20la%20gu%C3%ADa%20local%20de%20San%20Rafael.%20Vimos%20que%20su%20rubro%20es%20*Caba%C3%B1as*%20y%20estamos%20armando%20el%20directorio%20digital%20m%C3%A1s%20completo%20de%20la%20ciudad.%0A%0ALos%20invitamos%20a%20revisar%20vuestro%20perfil%20y%20cualquier%20otro%20que%20quieran%20consultar%20para%20que%20vean%20los%20distintos%20formatos%20que%20ofrecemos.%0A%0A%F0%9F%91%89%20Pueden%20verlo%3A%0AIngresando%20en%20www.sanrafael360.com%20o%20si%20tienes%20celular%20con%20Android%20descargando%20la%20app%20de%20Play%20Store%20https%3A%2F%2Fplay.google.com%2Fstore%2Fapps%2Fdetails%3Fid%3Dcom.sanrafael360.www.twa%0A%0AContratando%20el%20plan%20PREMIUM%20por%20%2425.000%20el%20trimestre%20y%20si%20eliges%20el%20pago%20anual%20con%20un%2020%25%20de%20descuento%20abonas%20solamente%20%2480.000.%20%0A%0APor%20este%20plan%20acceden%20a%20cargar%20una%20galer%C3%ADa%20completa%20de%20fotos%2C%20videos%2C%20ubicaci%C3%B3n%20al%20instante%20con%20Google%20Maps%2C%20links%20a%20redes%20sociales%2C%20WhatsApp%20y%20m%C3%A1s.%0A%0ASi%20les%20interesa%20participar%20pueden%20responder%20a%20este%20mismo%20mensaje%20de%20WhatsApp."
"5492604599141","Cabañas Posada San Vicente – Rama Caída","Posadas","¡Hola Propietarios de *Cabañas Posada San Vicente – Rama Caída*! 👋

Somos del equipo de *San Rafael 360*. Somos la guía local de San Rafael. Vimos que su rubro es *Posadas* y estamos armando el directorio digital más completo de la ciudad.

Los invitamos a revisar vuestro perfil y cualquier otro que quieran consultar para que vean los distintos formatos que ofrecemos.

👉 Pueden verlo:
Ingresando en www.sanrafael360.com o si tienes celular con Android descargando la app de Play Store https://play.google.com/store/apps/details?id=com.sanrafael360.www.twa

Contratando el plan PREMIUM por $25.000 el trimestre y si eliges el pago anual con un 20% de descuento abonas solamente $80.000. 

Por este plan acceden a cargar una galería completa de fotos, videos, ubicación al instante con Google Maps, links a redes sociales, WhatsApp y más.

Si les interesa participar pueden responder a este mismo mensaje de WhatsApp.","https://wa.me/5492604599141?text=%C2%A1Hola%20Propietarios%20de%20*Caba%C3%B1as%20Posada%20San%20Vicente%20%E2%80%93%20Rama%20Ca%C3%ADda*!%20%F0%9F%91%8B%0A%0ASomos%20del%20equipo%20de%20*San%20Rafael%20360*.%20Somos%20la%20gu%C3%ADa%20local%20de%20San%20Rafael.%20Vimos%20que%20su%20rubro%20es%20*Posadas*%20y%20estamos%20armando%20el%20directorio%20digital%20m%C3%A1s%20completo%20de%20la%20ciudad.%0A%0ALos%20invitamos%20a%20revisar%20vuestro%20perfil%20y%20cualquier%20otro%20que%20quieran%20consultar%20para%20que%20vean%20los%20distintos%20formatos%20que%20ofrecemos.%0A%0A%F0%9F%91%89%20Pueden%20verlo%3A%0AIngresando%20en%20www.sanrafael360.com%20o%20si%20tienes%20celular%20con%20Android%20descargando%20la%20app%20de%20Play%20Store%20https%3A%2F%2Fplay.google.com%2Fstore%2Fapps%2Fdetails%3Fid%3Dcom.sanrafael360.www.twa%0A%0AContratando%20el%20plan%20PREMIUM%20por%20%2425.000%20el%20trimestre%20y%20si%20eliges%20el%20pago%20anual%20con%20un%2020%25%20de%20descuento%20abonas%20solamente%20%2480.000.%20%0A%0APor%20este%20plan%20acceden%20a%20cargar%20una%20galer%C3%ADa%20completa%20de%20fotos%2C%20videos%2C%20ubicaci%C3%B3n%20al%20instante%20con%20Google%20Maps%2C%20links%20a%20redes%20sociales%2C%20WhatsApp%20y%20m%C3%A1s.%0A%0ASi%20les%20interesa%20participar%20pueden%20responder%20a%20este%20mismo%20mensaje%20de%20WhatsApp."
"5492604632132","Cabañas Finca Richmond – Cuadro Benegas","Cabañas","¡Hola Propietarios de *Cabañas Finca Richmond – Cuadro Benegas*! 👋

Somos del equipo de *San Rafael 360*. Somos la guía local de San Rafael. Vimos que su rubro es *Cabañas* y estamos armando el directorio digital más completo de la ciudad.

Los invitamos a revisar vuestro perfil y cualquier otro que quieran consultar para que vean los distintos formatos que ofrecemos.

👉 Pueden verlo:
Ingresando en www.sanrafael360.com o si tienes celular con Android descargando la app de Play Store https://play.google.com/store/apps/details?id=com.sanrafael360.www.twa

Contratando el plan PREMIUM por $25.000 el trimestre y si eliges el pago anual con un 20% de descuento abonas solamente $80.000. 

Por este plan acceden a cargar una galería completa de fotos, videos, ubicación al instante con Google Maps, links a redes sociales, WhatsApp y más.

Si les interesa participar pueden responder a este mismo mensaje de WhatsApp.","https://wa.me/5492604632132?text=%C2%A1Hola%20Propietarios%20de%20*Caba%C3%B1as%20Finca%20Richmond%20%E2%80%93%20Cuadro%20Benegas*!%20%F0%9F%91%8B%0A%0ASomos%20del%20equipo%20de%20*San%20Rafael%20360*.%20Somos%20la%20gu%C3%ADa%20local%20de%20San%20Rafael.%20Vimos%20que%20su%20rubro%20es%20*Caba%C3%B1as*%20y%20estamos%20armando%20el%20directorio%20digital%20m%C3%A1s%20completo%20de%20la%20ciudad.%0A%0ALos%20invitamos%20a%20revisar%20vuestro%20perfil%20y%20cualquier%20otro%20que%20quieran%20consultar%20para%20que%20vean%20los%20distintos%20formatos%20que%20ofrecemos.%0A%0A%F0%9F%91%89%20Pueden%20verlo%3A%0AIngresando%20en%20www.sanrafael360.com%20o%20si%20tienes%20celular%20con%20Android%20descargando%20la%20app%20de%20Play%20Store%20https%3A%2F%2Fplay.google.com%2Fstore%2Fapps%2Fdetails%3Fid%3Dcom.sanrafael360.www.twa%0A%0AContratando%20el%20plan%20PREMIUM%20por%20%2425.000%20el%20trimestre%20y%20si%20eliges%20el%20pago%20anual%20con%20un%2020%25%20de%20descuento%20abonas%20solamente%20%2480.000.%20%0A%0APor%20este%20plan%20acceden%20a%20cargar%20una%20galer%C3%ADa%20completa%20de%20fotos%2C%20videos%2C%20ubicaci%C3%B3n%20al%20instante%20con%20Google%20Maps%2C%20links%20a%20redes%20sociales%2C%20WhatsApp%20y%20m%C3%A1s.%0A%0ASi%20les%20interesa%20participar%20pueden%20responder%20a%20este%20mismo%20mensaje%20de%20WhatsApp."
"5492604551525","Cabañas Complejo Turístico Motel Cañón Del Atuel","Cabañas","¡Hola Propietarios de *Cabañas Complejo Turístico Motel Cañón Del Atuel*! 👋

Somos del equipo de *San Rafael 360*. Somos la guía local de San Rafael. Vimos que su rubro es *Cabañas* y estamos armando el directorio digital más completo de la ciudad.

Los invitamos a revisar vuestro perfil y cualquier otro que quieran consultar para que vean los distintos formatos que ofrecemos.

👉 Pueden verlo:
Ingresando en www.sanrafael360.com o si tienes celular con Android descargando la app de Play Store https://play.google.com/store/apps/details?id=com.sanrafael360.www.twa

Contratando el plan PREMIUM por $25.000 el trimestre y si eliges el pago anual con un 20% de descuento abonas solamente $80.000. 

Por este plan acceden a cargar una galería completa de fotos, videos, ubicación al instante con Google Maps, links a redes sociales, WhatsApp y más.

Si les interesa participar pueden responder a este mismo mensaje de WhatsApp.","https://wa.me/5492604551525?text=%C2%A1Hola%20Propietarios%20de%20*Caba%C3%B1as%20Complejo%20Tur%C3%ADstico%20Motel%20Ca%C3%B1%C3%B3n%20Del%20Atuel*!%20%F0%9F%91%8B%0A%0ASomos%20del%20equipo%20de%20*San%20Rafael%20360*.%20Somos%20la%20gu%C3%ADa%20local%20de%20San%20Rafael.%20Vimos%20que%20su%20rubro%20es%20*Caba%C3%B1as*%20y%20estamos%20armando%20el%20directorio%20digital%20m%C3%A1s%20completo%20de%20la%20ciudad.%0A%0ALos%20invitamos%20a%20revisar%20vuestro%20perfil%20y%20cualquier%20otro%20que%20quieran%20consultar%20para%20que%20vean%20los%20distintos%20formatos%20que%20ofrecemos.%0A%0A%F0%9F%91%89%20Pueden%20verlo%3A%0AIngresando%20en%20www.sanrafael360.com%20o%20si%20tienes%20celular%20con%20Android%20descargando%20la%20app%20de%20Play%20Store%20https%3A%2F%2Fplay.google.com%2Fstore%2Fapps%2Fdetails%3Fid%3Dcom.sanrafael360.www.twa%0A%0AContratando%20el%20plan%20PREMIUM%20por%20%2425.000%20el%20trimestre%20y%20si%20eliges%20el%20pago%20anual%20con%20un%2020%25%20de%20descuento%20abonas%20solamente%20%2480.000.%20%0A%0APor%20este%20plan%20acceden%20a%20cargar%20una%20galer%C3%ADa%20completa%20de%20fotos%2C%20videos%2C%20ubicaci%C3%B3n%20al%20instante%20con%20Google%20Maps%2C%20links%20a%20redes%20sociales%2C%20WhatsApp%20y%20m%C3%A1s.%0A%0ASi%20les%20interesa%20participar%20pueden%20responder%20a%20este%20mismo%20mensaje%20de%20WhatsApp."
