pagina,id,nombre,categoria,ubicacion,url
1,15073,LECLA Hombre & Mujer,alquiler-de-trajes,alquiler-de-trajes,https://guiarsanrafael.com.ar/empresa/lecla-hombre-mujer/
1,15109,EXPRESO SENDEROS,expresos-transporte-encomiendas,expresos,https://guiarsanrafael.com.ar/empresa/expreso-senderos/
1,15122,FLORENCIA VIZCAINO,neumonologia,neumonologia,https://guiarsanrafael.com.ar/empresa/florencia-vizcaino/
1,15143,MARIA LOURDES DIAZ CHAIN,diagnostico-por-imagenes-ecografia-mamografias,diagnostico-por-imagenes,https://guiarsanrafael.com.ar/empresa/maria-lourdes-diaz-chain/
1,15147,MIKA Pet Shop,alimentos-balanceados,alimentos-balanceados,https://guiarsanrafael.com.ar/empresa/mika-pet-shop/
1,15148,EDUKAN San Rafael,escuela-de-adiestramiento,escuela-de-adiestramiento,https://guiarsanrafael.com.ar/empresa/edukan-san-rafael/
1,15150,ALOHA Heladerias 🍨,congelados,congelados,https://guiarsanrafael.com.ar/empresa/aloha-heladerias-%f0%9f%8d%a8/
1,15151,ALOHA Heladerias 🍨,distribuidoras,distribuidoras,https://guiarsanrafael.com.ar/empresa/aloha-heladerias-%f0%9f%8d%a8-2/
1,15214,BURBUJA Artículos de Limpieza,articulos-de-limpieza-todo-suelto,articulos-de-limpieza,https://guiarsanrafael.com.ar/empresa/15214/
1,15228,SEI TU Heladeria San Rafael,heladerias-postres,heladerias,https://guiarsanrafael.com.ar/empresa/sei-tu-heladeria-san-rafael/
2,14906,SRA. MILA Fábrica de Milanesas,casa-de-comidas-rotiseria-viandas,casa-de-comidas,https://guiarsanrafael.com.ar/empresa/sra-mila-fabrica-de-milanesas/
2,14921,EN NUESTRA SALSA Pastalinda,fabrica-de-pastas,fabrica-de-pastas,https://guiarsanrafael.com.ar/empresa/en-nuestra-salsa-pastalinda/
2,14938,DE CAMPO CARNES,almacen-minimarket,carniceria,https://guiarsanrafael.com.ar/empresa/de-campo-carnes/
2,14965,NOBEL 2 Bazar,bazar-regaleria,bazar-regaleria,https://guiarsanrafael.com.ar/empresa/nobel-2-bazar/
2,14991,MODO LIMPIO Artículos de Limpieza,alimentos-balanceados,alimentos-balanceados,https://guiarsanrafael.com.ar/empresa/modo-limpio-articulos-de-limpieza/
2,15013,DORIELS Perfumería,perfrumerias-cosmeticos-cosmetica,perfumeria,https://guiarsanrafael.com.ar/empresa/doriels-perfumeria/
2,15025,MIMANDO con AMOR Pañalera,panaleras,panaleras,https://guiarsanrafael.com.ar/empresa/mimando-con-amor-panalera/
2,15055,PACHAMAMA Roca,almacen-natural,almacen-natural,https://guiarsanrafael.com.ar/empresa/pacha-mama-roca/
2,15072,LECLA FEST,alquiler-de-disfraces,alquiler-de-disfraces,https://guiarsanrafael.com.ar/empresa/lecla-fest/
2,15099,DOMUS TERRA Inmobiliaria,corredor-publico-inmobiliario,corredor-publico-inmobiliario,https://guiarsanrafael.com.ar/empresa/domus-terra-inmobiliaria/
3,14728,SIMONA Pastelería & Panadería,confiterias-reposteria,confiteria,https://guiarsanrafael.com.ar/empresa/simona-pasteleria-panaderia/
3,14751,AS Productos Sublimables,estampados,estampados,https://guiarsanrafael.com.ar/empresa/as-productos-sublimables/
3,14765,VERTERINARIA ROCA,veterinarias-veterinarios,veterinarias,https://guiarsanrafael.com.ar/empresa/verterinaria-roca/
3,14771,VETERINARIA RIVADAVIA,veterinarias-veterinarios,veterinarias,https://guiarsanrafael.com.ar/empresa/14771/
3,14790,FIAMBRERIA ARGENTO,fiambrerias,fiamfreria,https://guiarsanrafael.com.ar/empresa/fiambreria-argento/
3,14804,LA CORTINERIA Toldos y Cortinados,cortinados,cortinados,https://guiarsanrafael.com.ar/empresa/la-cortinaria-toldos-y-cortinados/
3,14830,EL RINCON de los SAVORES,almacen-natural,almacen-natural,https://guiarsanrafael.com.ar/empresa/el-rincon-de-los-savores/
3,14845,DISTRIBUIDORA SAJ,bicicleterias,bicicleterias,https://guiarsanrafael.com.ar/empresa/distribuidora-saj/
3,14864,LUCAS JULIAN FLORES,odontologia,odontologia,https://guiarsanrafael.com.ar/empresa/lucas-julian-flores/
3,14891,CASA ALLEGRA Cotillón,cotillon,cotillon,https://guiarsanrafael.com.ar/empresa/casa-allegra-cotillon/
4,14570,NEUTRA Neurología y Traumatología,centro-de-rehabilitacion,centro-de-rehabilitacion,https://guiarsanrafael.com.ar/empresa/neutra-neurologia-y-traumatologia/
4,14571,TAIEL FIORENTINO,traumatologia-y-ortopedia,traumatologia,https://guiarsanrafael.com.ar/empresa/taiel-fiorentino/
4,14575,TANIA PAEZ,nutricion-nutricionistas,nutricionistas,https://guiarsanrafael.com.ar/empresa/tania-paez/
4,14621,DIEGO CARMONA,abogados-abogadas-estudios-juridicos,abogados,https://guiarsanrafael.com.ar/empresa/giego-carmona/
4,14630,COTILLON del CORREO,cotillon,cotillon,https://guiarsanrafael.com.ar/empresa/cotillon-del-correo/
4,14655,CAMILETTI S.A. Constructora,aridos-canteras,aridos,https://guiarsanrafael.com.ar/empresa/camiletti-s-a-constructora/
4,14667,BAI BEN Rotiseria,casa-de-comidas-rotiseria-viandas,casa-de-comidas,https://guiarsanrafael.com.ar/empresa/bai-ben-rotiseria/
4,14687,JACOB Indumentaria,indumentaria,indumentaria,https://guiarsanrafael.com.ar/empresa/jacob-indumentaria/
4,14696,EXEQUIEL LAMAS Refrigeración,aire-acondicionado,aire-acondicionado,https://guiarsanrafael.com.ar/empresa/14696/
4,14705,EL GALPON Fiambrería,distribuidoras,distribuidoras,https://guiarsanrafael.com.ar/empresa/el-galppon-fiambreria/
5,14431,MARAKUM Yoga y Masoterapia,masoterapia-masoterapeuta,masoterapeuta,https://guiarsanrafael.com.ar/empresa/marakum-yoga-y-masoterapia/
5,14449,TRES BUDAS Productos para Yoga,accesorios-deportivos,accesorios-deportivos,https://guiarsanrafael.com.ar/empresa/tres-budas-productos-para-yoga/
5,14477,ISABELLA Masoterapeuta,masajes,masoterapeuta,https://guiarsanrafael.com.ar/empresa/isabella-masoterapeuta/
5,14479,JUAN IGNACIO TUDURI  Medico Veterinario,veterinarias-veterinarios,veterinarias,https://guiarsanrafael.com.ar/empresa/juan-ignacio-tuduri-medico-veterinario/
5,14497,DANIELA DIAZ Osteopatia,centro-de-rehabilitacion,centro-de-rehabilitacion,https://guiarsanrafael.com.ar/empresa/daniela-diaz-osteopatia/
5,14505,PANADERIA LA IDEAL,confiterias-reposteria,confiteria,https://guiarsanrafael.com.ar/empresa/panaderia-la-ideal/
5,14535,JAM ROD Power Sport San Rafael,alquiler-de-bicicletas,alquiler-de-bicicletas,https://guiarsanrafael.com.ar/empresa/jam-rod-power-sport-san-rafael/
5,14553,SOLEDAD ZINGARETTI,veterinarias-veterinarios,veterinarias,https://guiarsanrafael.com.ar/empresa/soledad-zingaretti/
5,14558,HOJA Espacios Vivos,decoracion,decoracion,https://guiarsanrafael.com.ar/empresa/hojas-espacios-vivos/
5,14574,YUMA FELIX,traumatologia-y-ortopedia,traumatologia,https://guiarsanrafael.com.ar/empresa/yuma-felix/
6,14340,JERIMIAS MONTOYA,kinesiologia-y-fisioterapia,kinesiologia-y-fisioterapia,https://guiarsanrafael.com.ar/empresa/jerimias-montoya/
6,14341,AIRE Atención Respiratoria Integral,centro-de-rehabilitacion,centro-de-rehabilitacion,https://guiarsanrafael.com.ar/empresa/aire-atencion-respiratoria-integral/
6,14342,NICOLAS ROLAN,neumonologia,neumonologia,https://guiarsanrafael.com.ar/empresa/nicolas-rolan/
6,14345,NATALIA GUERRERO,neumonologia,neumonologia,https://guiarsanrafael.com.ar/empresa/natalia-guerrero/
6,14365,GOMERIA LOS NIETOS,gomerias-neumaticos-gomas-cubiertas,gomeria,https://guiarsanrafael.com.ar/empresa/gomeria-los-nietos/
6,14382,JAMON y QUESO Fiambrería,fiambrerias,fiamfreria,https://guiarsanrafael.com.ar/empresa/jamon-y-queso-fiambreria/
6,14396,IGNASIO PLUCHINO,implantes,implantes,https://guiarsanrafael.com.ar/empresa/ignasio-pluchino/
6,14405,LORENA TELESCA,odontologia,odontologia,https://guiarsanrafael.com.ar/empresa/lorena-telesca/
6,14409,CARNICERIA EL AVE FENIX,carnicerias,carniceria,https://guiarsanrafael.com.ar/empresa/carniceria-el-ave-fenix/
6,14420,JUAN CRESPO,centro-de-rehabilitacion,centro-de-rehabilitacion,https://guiarsanrafael.com.ar/empresa/juan-crespo/
7,14145,EMA Frutas y Verduras,verdulerias,verdulerias,https://guiarsanrafael.com.ar/empresa/ema-frutas-y-verduras/
7,14147,EMA 2 Frutas y Verduras,verdulerias,verdulerias,https://guiarsanrafael.com.ar/empresa/ema-2-frutas-y-verduras/
7,14164,REGIONAL MARKET San Rafael,cosmetica-cosmetologia-cosmetologa-cosmiatra,cosmetica-perfumeria,https://guiarsanrafael.com.ar/empresa/regional-market-san-rafael/
7,14177,ENTRE DOS Alfajores Premiun,chocolateria,chocolateria,https://guiarsanrafael.com.ar/empresa/entre-dos-alfajores-premiun/
7,14208,DT ANDRES TAVARES Mecánica,inyeccion-electronica,inyeccion-electronica,https://guiarsanrafael.com.ar/empresa/dt-andres-tavares-mecanica/
7,14220,INFORMATICA Servicios,impresoras,impresoras,https://guiarsanrafael.com.ar/empresa/informatica-servicios/
7,14231,CARNICERIA RIVADAVIA,carnicerias,carniceria,https://guiarsanrafael.com.ar/empresa/carniceria-rivadavia/
7,14323,FERRETERIA LAS CHICAS,ferreterias-herramientas,ferreterias,https://guiarsanrafael.com.ar/empresa/ferreteria-las-chicas/
7,14336,FEAT & KI Instituto Terapéutico,centro-de-rehabilitacion,centro-de-rehabilitacion,https://guiarsanrafael.com.ar/empresa/featyki-instituto-terapeutico/
7,14344,MARIELA RICCIARDELLI,kinesiologia-y-fisioterapia,kinesiologia-y-fisioterapia,https://guiarsanrafael.com.ar/empresa/mariela-ricciardelli/
8,13999,FLORES SUHÉ,florerias-jardineria,florerias,https://guiarsanrafael.com.ar/empresa/flores-suhe/
8,14011,BO Estudio Creativo,arquitetos-arquitectura-estudios-tecnicos-arquitecta,arquitectos,https://guiarsanrafael.com.ar/empresa/bo-estudio-creativo/
8,14015,COMPUVAL Insumos de Computación,computacion-informatica,computacion,https://guiarsanrafael.com.ar/empresa/compuval-insumos-de-computacion/
8,14027,DOLCEZZA Pastelería Artesanal,confiterias-reposteria,confiteria,https://guiarsanrafael.com.ar/empresa/dolcezza-pasteleria-artesanal/
8,14037,MARCIAL GIM,gimnasios-gym,gimnasios,https://guiarsanrafael.com.ar/empresa/marcial-gim/
8,14046,SUR GLASS Vidrios y Aluminio,aberturas,aberturas,https://guiarsanrafael.com.ar/empresa/sur-glass-vidrios-y-aluminio/
8,14064,JARDIN CORAL Plantas & Flores,jardineria,jardineria,https://guiarsanrafael.com.ar/empresa/jardin-coral-plantas-flores/
8,14082,IVAN LEMBO Mecánica GNC,mecanica-del-automotor-automotriz,mecanica-del-automotor,https://guiarsanrafael.com.ar/empresa/ivan-lembo-mecanica-gnc/
8,14090,GARCIA Moto Racing,mecanica-de-motos,mecanica-de-motos,https://guiarsanrafael.com.ar/empresa/garcia-moto-racing/
8,14117,INFINIT BOX Gim,gimnasios-gym,gimnasios,https://guiarsanrafael.com.ar/empresa/infinit-box-gim/
9,13743,BAZAR MAYOR Regalería & Accesorios,articulos-para-el-hogar-bazar,articulos-para-el-hogar,https://guiarsanrafael.com.ar/empresa/bazar-mayor/
9,13785,THE BIG BARBER,barberias-peluqueria-barberos,barberias,https://guiarsanrafael.com.ar/empresa/the-big-barber/
9,13818,CARDIO NOVA Instituto Cardiológico,cardiologia-medico-cardiologo,cardiologia,https://guiarsanrafael.com.ar/empresa/cardio-nova-instituto-cardiologico/
9,13819,LAURO A. CASTILLO,cardiologia-medico-cardiologo,cardiologia,https://guiarsanrafael.com.ar/empresa/lauro-a-castillo/
9,13835,RAWSON Negocios Inmobiliarios,administraciones-alquileres-inmobiliarias,administraciones,https://guiarsanrafael.com.ar/empresa/rawson-negocios-inmobiliarios/
9,13842,EL RAPIDO MOTOS,mecanica-de-motos,mecanica-de-motos,https://guiarsanrafael.com.ar/empresa/el-rapido-motos/
9,13860,HECATE Distibuidora Mayorista,decoracion,decoracion,https://guiarsanrafael.com.ar/empresa/hecate-distibuidora-mayorista/
9,13863,FULL CEL Telefonía y Accesorios,accesorios-de-telefonia-celular,accesorios-de-telefonia,https://guiarsanrafael.com.ar/empresa/full-cel-telefonia-y-accesorios/
9,13891,BUENA VIDA,barberias-peluqueria-barberos,barberias,https://guiarsanrafael.com.ar/empresa/buena-vida/
9,13965,TERRA Entrenamiento Deportivo,centro-de-rehabilitacion,centro-de-rehabilitacion,https://guiarsanrafael.com.ar/empresa/terra-entrenamiento-deportivo/
10,13436,Enfermería María Inés,enfermerias,enfermerias,https://guiarsanrafael.com.ar/empresa/enfermeria-maria-ines/
10,13474,PUESTO BIKE Bicicletería,bicicleterias,bicicleterias,https://guiarsanrafael.com.ar/empresa/puesto-bike-bicicleteria/
10,13481,ENCANTO FLORAL Florería,decoracion,decoracion,https://guiarsanrafael.com.ar/empresa/encanto-floral/
10,13529,LARA MENDOZA Grafologa,grafologia-grafoterapia-grafologa,grafologia,https://guiarsanrafael.com.ar/empresa/lara-mendoza-grafologa/
10,13535,COTILLON ARCO,cotillon,cotillon,https://guiarsanrafael.com.ar/empresa/cotillon-arco/
10,13575,ANDEMI Distribuidora,distribuidoras,distribuidoras,https://guiarsanrafael.com.ar/empresa/andemi-distribuidora/
10,13593,MAS COLOR  Pinturería,pintura-del-automotor-taller,pintura-del-automotor,https://guiarsanrafael.com.ar/empresa/mas-color-pintureria/
10,13607,MARIANO LOPEZ,pediatria-neonatologia,pediatria-y-neonatologia,https://guiarsanrafael.com.ar/empresa/mariano-lopez/
10,13690,REHACTIVA Instituto Terapéutico de Rehabilitación,centro-de-rehabilitacion,centro-de-rehabilitacion,https://guiarsanrafael.com.ar/empresa/rehactiva-instituto-terapeutico-de-rehabilitacion-2/
10,13691,REHACTIVA Instituto Terapéutico de Rehabilitación,centro-de-rehabilitacion,centro-de-rehabilitacion,https://guiarsanrafael.com.ar/empresa/rehactiva-instituto-terapeutico-de-rehabilitacion/
11,13300,MAYA CORNEJO,psicologia,psicologia,https://guiarsanrafael.com.ar/empresa/maya-cornejo/
11,13317,NEUMATICOS SAN JOSE,alineacion-y-balanceo,alineacion-y-balanceo,https://guiarsanrafael.com.ar/empresa/neumaticos-san-jose/
11,13332,FERRETERIA MOYA,ferreterias-herramientas,ferreterias,https://guiarsanrafael.com.ar/empresa/ferreteria-moya/
11,13349,MATERVI Productos y Servicios,alimentos-balanceados,alimentos-balanceados,https://guiarsanrafael.com.ar/empresa/matervi-productos-y-servicios/
11,13360,CARNICERIA GUSTAVO,carnicerias,carniceria,https://guiarsanrafael.com.ar/empresa/carniceria-gustavo/
11,13378,HUELE A LIMPIO,articulos-de-limpieza-todo-suelto,articulos-de-limpieza,https://guiarsanrafael.com.ar/empresa/huele-a-limpio/
11,13388,CYCLES CHARLY,bicicleterias,bicicleterias,https://guiarsanrafael.com.ar/empresa/cycles-charly/
11,13389,CYCLES CARLY II,bicicleterias,bicicleterias,https://guiarsanrafael.com.ar/empresa/cycles-carly-ii/
11,13410,LA COCINA de OLGA,casa-de-comidas-rotiseria-viandas,casa-de-comidas,https://guiarsanrafael.com.ar/empresa/la-cocina-de-olga/
11,13423,LA MANZANERIA,casa-de-comidas-rotiseria-viandas,casa-de-comidas,https://guiarsanrafael.com.ar/empresa/la-manzaneria/
12,13133,Hojalateria Peregrin,hojalateria,hojalateria,https://guiarsanrafael.com.ar/empresa/hojalateria-peregrin/
12,13136,PISCINAS SAN RAFAEL,accesorios-para-piscinas,accesorios-para-piscinas,https://guiarsanrafael.com.ar/empresa/piscinas-san-rafael/
12,13144,PERICAS Construcciones,construccion-en-seco-constructoras,construccion-en-seco,https://guiarsanrafael.com.ar/empresa/pericas-construcciones/
12,13157,EL POLLO de ORO,avicolas,avicolas,https://guiarsanrafael.com.ar/empresa/el-pollo-de-oro/
12,13166,METALURGICA FARINA,amoblamientos,amoblamientos,https://guiarsanrafael.com.ar/empresa/metalurgica-farina/
12,13195,INSTINTO Belleza y Bienestar,barberias-peluqueria-barberos,barberias,https://guiarsanrafael.com.ar/empresa/instinto-belleza-y-bienestar/
12,13225,MANJARES Rotisería Casa de Comidas,casa-de-comidas-rotiseria-viandas,casa-de-comidas,https://guiarsanrafael.com.ar/empresa/manjares-casa-de-comidas/
12,13236,POLLOS NELVIS,casa-de-comidas-rotiseria-viandas,casa-de-comidas,https://guiarsanrafael.com.ar/empresa/pollos-nelvis/
12,13247,TECNOMANIAC  Servicio Técnico,accesorios-de-telefonia-celular,accesorios-de-telefonia,https://guiarsanrafael.com.ar/empresa/tecnomania-servicio-tecnico/
12,13275,JN COMPETICION,bicicleterias,bicicleterias,https://guiarsanrafael.com.ar/empresa/jn-competicion/
13,12978,GIMNASIO LEALTAD,gimnasios-gym,gimnasios,https://guiarsanrafael.com.ar/empresa/gimnasio-lealtad-2/
13,12989,MATIAS PONTE LAFALLA,centro-de-estetica,cirugia-estetica,https://guiarsanrafael.com.ar/empresa/matias-ponte-lafalla/
13,12992,MM Suplementos Deportivos,indumentaria,indumentaria,https://guiarsanrafael.com.ar/empresa/mym-suplementos-e-indumentaria/
13,13010,CERAMICASA San Rafael,ceramicas,ceramicas,https://guiarsanrafael.com.ar/empresa/ceramicasa-san-rafael/
13,13029,CIFEL Veterinaria,alimentos-balanceados,alimentos-balanceados,https://guiarsanrafael.com.ar/empresa/cifel-veterinaria/
13,13030,CAMILA DIAZ Estilista,centro-de-estetica,centro-de-estetica,https://guiarsanrafael.com.ar/empresa/camila-diaz-estilista/
13,13078,PABLO FERNANDEZ,implantes,implantes,https://guiarsanrafael.com.ar/empresa/pablo-ferandez/
13,13092,TESLA Electricidad,electricidad-iluminacion,electricidad,https://guiarsanrafael.com.ar/empresa/tesla-electricidad/
13,13094,TERRACOTA Muebles de Diseño,amoblamientos,decoracion,https://guiarsanrafael.com.ar/empresa/terracota-muebles-de-diseno/
13,13123,MAS FERRETERIA,ferreterias-herramientas,ferreterias,https://guiarsanrafael.com.ar/empresa/mas-ferreteria/
14,12835,CARLOS GAÑAN de Pelos,barberias-peluqueria-barberos,barberias,https://guiarsanrafael.com.ar/empresa/carlos-ganan-de-pelo/
14,12844,MI YERBERIA Almacen de Yerba Mate,almacen-de-yerbamate,almacen-de-yerbamate,https://guiarsanrafael.com.ar/empresa/mi-yerberia-almacen-de-yerba-mate/
14,12856,ADOLFO Agro Veterinaria,agroveterinaria,agroveterinarias,https://guiarsanrafael.com.ar/empresa/adolfo-agro-veterinaria/
14,12870,LA POSADA DE CACHO,alojamiento-cabanas-camping,alojamientos,https://guiarsanrafael.com.ar/empresa/la-posada-de-cacho/
14,12888,LA POSADA DEL INDIO,alojamiento-cabanas-camping,alojamientos,https://guiarsanrafael.com.ar/empresa/la-posada-del-indio/
14,12899,PAMPERO San Rafael,indumentaria,indumentaria,https://guiarsanrafael.com.ar/empresa/pampero-san-rafael/
14,12912,MOES Casa de Comidas,casa-de-comidas-rotiseria-viandas,casa-de-comidas,https://guiarsanrafael.com.ar/empresa/moes-casa-de-comidas/
14,12925,GIMNASIO LEALTAD,gimnasios-gym,gimnasios,https://guiarsanrafael.com.ar/empresa/gimnasio-lealtad/
14,12933,LA OCASION Distribuidora Mayorista,articulos-para-el-hogar-bazar,articulos-para-el-hogar,https://guiarsanrafael.com.ar/empresa/la-ocasion-distribuidora-mayorista/
14,12955,LA MARUJA Cosas de Campo,cuchilleria,cuchilleria,https://guiarsanrafael.com.ar/empresa/la-maruja-cosas-de-campo/
15,12697,ANGELES PIZARRO Masoterapeuta,centro-de-estetica,centro-de-estetica,https://guiarsanrafael.com.ar/empresa/angeles-pizarro-masoterapeuta/
15,12705,ANESUEL TIENDA,indumentaria,tiendas,https://guiarsanrafael.com.ar/empresa/anesuel-tienda/
15,12713,PULSO FITNESS Gimnasio,gimnasios-gym,gimnasios,https://guiarsanrafael.com.ar/empresa/pulso-fitness-gimnasio/
15,12722,EL INDALO Construcción en Seco,construccion-en-seco-constructoras,aislantes-2,https://guiarsanrafael.com.ar/empresa/el-indalo-construccion-en-seco/
15,12736,BABY LAND Pañalera,panaleras,panaleras,https://guiarsanrafael.com.ar/empresa/baby-land-panalera/
15,12740,MARIA PAULA FRANCESCHINI,mueblerias-muebles-de-oficina,mueblerias,https://guiarsanrafael.com.ar/empresa/maria-paula-franceschini/
15,12752,JUGUETERIA DON CARMELO,jugueterias-regaleria,jugueteria,https://guiarsanrafael.com.ar/empresa/jugueteria-don-carmelo/
15,12753,BRILLA el lugar de tu evento,eventos,catering,https://guiarsanrafael.com.ar/empresa/brilla-el-lugar-de-tu-evento/
15,12808,CARLEVARIS LEANDRO,reumatologia,reumatologia,https://guiarsanrafael.com.ar/empresa/carlevaris-leandro/
15,12820,YOLI QUINTERO ORDINOLA,diagnostico-por-imagenes-ecografia-mamografias,diagnostico-por-imagenes,https://guiarsanrafael.com.ar/empresa/yoli-quinteros-ordinol/
16,12582,PESCADERIA EL GALLEGO,casa-de-comidas-rotiseria-viandas,casa-de-comidas,https://guiarsanrafael.com.ar/empresa/pescaderia-el-gallego/
16,12594,LIBRERÍA SAN LORENZO,bazar-regaleria,librerias,https://guiarsanrafael.com.ar/empresa/libreria-san-lorenzo/
16,12611,NUTRIMENTO Casa de Mascotas,alimentos-balanceados,alimentos-balanceados,https://guiarsanrafael.com.ar/empresa/nutrimento-casa-de-mascotas/
16,12634,AGUSTIN OLIVARES,kinesiologia-y-fisioterapia,kinesiologia-y-fisioterapia,https://guiarsanrafael.com.ar/empresa/agustin-olivares/
16,12638,LIMPIA FÁCIL,articulos-de-limpieza-todo-suelto,articulos-de-limpieza,https://guiarsanrafael.com.ar/empresa/limpia-facil/
16,12641,CAMILA PLA Esp. en Diagnóstico Mamario,diagnostico-por-imagenes-ecografia-mamografias,diagnostico-por-imagenes,https://guiarsanrafael.com.ar/empresa/camila-pla/
16,12652,KV GIMNASIO,gimnasios-gym,gimnasios,https://guiarsanrafael.com.ar/empresa/kv-gimnasio/
16,12668,VICTOR GALERA,seguros-generales,productor-de-seguros,https://guiarsanrafael.com.ar/empresa/victor-galera/
16,12676,CELULARES NICO,accesorios-de-telefonia-celular,accesorios-de-telefonia,https://guiarsanrafael.com.ar/empresa/celulares-nico/
16,12689,ALIMECH Las Cuadradas,almacen-natural,almacen-natural,https://guiarsanrafael.com.ar/empresa/alimech-las-cuadradas/
17,12560,Reche Muebles,mueblerias-muebles-de-oficina,mueblerias,https://guiarsanrafael.com.ar/empresa/reche-muebles/
17,12561,Buxó Muebles,mueblerias-muebles-de-oficina,mueblerias,https://guiarsanrafael.com.ar/empresa/buxo-muebles/
17,12562,Muebles Rolando,mueblerias-muebles-de-oficina,mueblerias,https://guiarsanrafael.com.ar/empresa/muebles-rolando/
17,12563,DON CARMELO Premium,blanco-colchones-sabanas-tuallones,blanco,https://guiarsanrafael.com.ar/empresa/don-carmelo-premium/
17,12564,Mueblería Bahía,mueblerias-muebles-de-oficina,mueblerias,https://guiarsanrafael.com.ar/empresa/muebleria-bahia/
17,12565,Industria Argentina Muebles,mueblerias-muebles-de-oficina,mueblerias,https://guiarsanrafael.com.ar/empresa/industria-argentina-muebles/
17,12566,Reche Amoblamientos,mueblerias-muebles-de-oficina,mueblerias,https://guiarsanrafael.com.ar/empresa/reche-amoblamientos/
17,12567,Mendoza Textil Living San Rafael,mueblerias-muebles-de-oficina,mueblerias,https://guiarsanrafael.com.ar/empresa/mendoza-textil-living-san-rafael/
17,12568,BUENAS MADERAS Amoblamientos,amoblamientos,articulos-para-el-hogar,https://guiarsanrafael.com.ar/empresa/buenas-maderas-amoblamientos/
17,12571,STATUS Barbería & Peluquería,barberias-peluqueria-barberos,barberias,https://guiarsanrafael.com.ar/empresa/status-barber-coffee/
18,12417,ANA LIZ BIURRUM,centro-de-rehabilitacion,centro-de-rehabilitacion,https://guiarsanrafael.com.ar/empresa/ana-liz-biurrum/
18,12418,FLORENCIA SANCHEZ,centro-de-rehabilitacion,centro-de-rehabilitacion,https://guiarsanrafael.com.ar/empresa/florencia-sanchez/
18,12439,ECXO Distribuidora Mayorista,distribuidoras,distribuidoras,https://guiarsanrafael.com.ar/empresa/ecxo-distribuidora-mayorista/
18,12456,DEL TELAR Retasería,mercerias,mercerias,https://guiarsanrafael.com.ar/empresa/del-telar-retaseria-2/
18,12480,SOLAR MENDOZA San Rafael,bombas-de-agua-riego,bombas-de-agua,https://guiarsanrafael.com.ar/empresa/solar-mendoza-san-rafael/
18,12493,JV Soluciones Constructivas,construccion-en-seco-constructoras,construccion-en-seco,https://guiarsanrafael.com.ar/empresa/jv-soluciones-constructivas/
18,12496,SUR TÉCNICA,articulos-de-goma,articulos-de-goma,https://guiarsanrafael.com.ar/empresa/sur-tecnica/
18,12506,RENTACAR SUR,alquiler-de-autos,alquiler-de-autos,https://guiarsanrafael.com.ar/empresa/rentacar-sur/
18,12536,BLEND Espacios Verdes,empresas-de-servicio,accesorios-para-piscinas,https://guiarsanrafael.com.ar/empresa/blend-espacios-verdes/
18,12559,DON CARMELO Mueblería Hogar,blanco-colchones-sabanas-tuallones,blanco,https://guiarsanrafael.com.ar/empresa/don-carmelo-muebleria-hogar/
19,12315,SUPERMERCADO del ENVASE,descartables-distribuidoras,descartables,https://guiarsanrafael.com.ar/empresa/supermercado-del-envase/
19,12316,ZONA CHIKY Juguetería,distribuidoras,distribuidoras,https://guiarsanrafael.com.ar/empresa/zona-chiky-jugueteria/
19,12326,SPINELLA La Moda con Vos,boutique,boutique,https://guiarsanrafael.com.ar/empresa/spinella-la-moda-con-vos/
19,12353,LAURA BLANCO,clinica-medica,clinica-medica,https://guiarsanrafael.com.ar/empresa/laura-blanco/
19,12362,C. E. N. Centro de Estimulación Neurocognitiva,institutos-terapeuticos,institutos-terapeuticos-institutos-de-rehabilitacion,https://guiarsanrafael.com.ar/empresa/c-e-n-centro-de-estimulacion-neurocognitiva/
19,12370,CAÑA COLIHUE Muebles,amoblamientos,amoblamientos,https://guiarsanrafael.com.ar/empresa/cana-colihue-muebles/
19,12374,TROYANO MOTORS,agencia-de-autos-automotores,agencia-de-autos,https://guiarsanrafael.com.ar/empresa/troyano-motors/
19,12395,M y M Estudio Jurídico,abogados-abogadas-estudios-juridicos,abogados,https://guiarsanrafael.com.ar/empresa/m-y-m-estudio-juridico/
19,12396,HECTOR MICCOLI,abogados-abogadas-estudios-juridicos,abogados,https://guiarsanrafael.com.ar/empresa/hector-miccoli/
19,12397,LUIS MERINO,abogados-abogadas-estudios-juridicos,abogados,https://guiarsanrafael.com.ar/empresa/luis-merino/
20,12171,ROMINA Nails Studio,belleza-de-pies-y-manos-unas-nails,centro-de-estetica,https://guiarsanrafael.com.ar/empresa/camila-soto-masoterapeuta/
20,12180,ISACAR Neumáticos,cubiertas-neumaticos-gomeria,cubiertas-neumaticos-gomeria,https://guiarsanrafael.com.ar/empresa/isacar-neumaticos/
20,12181,ISACAR Automotores,agencia-de-autos-automotores,agencia-de-autos,https://guiarsanrafael.com.ar/empresa/isacar-automotores/
20,12193,MAREN Vestidos,eventos,eventos,https://guiarsanrafael.com.ar/empresa/maren-vestidos/
20,12206,RAYOS DE LUZ Óptica,opticas-contactologia,opticas-contactologia,https://guiarsanrafael.com.ar/empresa/rayo-de-luz-optica/
20,12216,PAÑALERA POMPIS,panaleras,panaleras,https://guiarsanrafael.com.ar/empresa/panalera-pompis/
20,12234,STRONG Crosstraining,gimnasios-gym,gimnasios,https://guiarsanrafael.com.ar/empresa/strong-crosstraining/
20,12250,MDT Materiales Deportivos,accesorios-deportivos,accesorios-deportivos,https://guiarsanrafael.com.ar/empresa/mdt-materiales-deportivos/
20,12277,ROCIO OBLITAS,endocrinologia,endocrinologia,https://guiarsanrafael.com.ar/empresa/rocio-oblitas/
20,12283,ALTOS DEL NIHUIL Restaurant & Boutique,catering-empresas-gastronomicas,catering,https://guiarsanrafael.com.ar/empresa/altos-del-nihuil-restaurant-boutique/
21,12074,KINÉ Rehabilitación San Rafael ••,centro-de-rehabilitacion,centro-de-rehabilitacion,https://guiarsanrafael.com.ar/empresa/kine-rehabilitacion-san-rafael/
21,12078,NIHUIL Construcciones s.a.,constructoras,constructoras,https://guiarsanrafael.com.ar/empresa/nihuil-construcciones-s-a/
21,12087,NC MATERIALES,ferreterias-herramientas,ferreterias,https://guiarsanrafael.com.ar/empresa/nc-materiales/
21,12103,LS NEUMATICOS,alineacion-y-balanceo,alineacion-y-balanceo,https://guiarsanrafael.com.ar/empresa/ls-neumaticos/
21,12106,EMILIO RAMOS Aromas & Distribuidora,cosmetica-cosmetologia-cosmetologa-cosmiatra,cosmetica-perfumeria,https://guiarsanrafael.com.ar/empresa/emilio-ramos-aromas-distribuidora/
21,12117,LA TANA Sin Gluten,almacen-celiaco,almacen-celiaco,https://guiarsanrafael.com.ar/empresa/la-tana-sin-gluten/
21,12127,LIA MORANDI Estetica Integral,centro-de-estetica,centro-de-estetica,https://guiarsanrafael.com.ar/empresa/lia-morandi-estetica-integral/
21,12133,ROSSÉ Nails & Co,belleza-de-pies-y-manos-unas-nails,manicuria,https://guiarsanrafael.com.ar/empresa/rosse-nails-co/
21,12139,TEMPLE Mercado Saludable,almacen-celiaco,almacen-celiaco,https://guiarsanrafael.com.ar/empresa/temple-mercado-saludable/
21,12148,DELFIN Indumentaria,indumentaria,indumentaria,https://guiarsanrafael.com.ar/empresa/delfin-indumentaria/
22,11951,MARIANO ACOSTA Neumáticos,alineacion-y-balanceo,alineacion-y-balanceo,https://guiarsanrafael.com.ar/empresa/mariano-acosta-neumaticos/
22,11971,RD FERRETERIA,ferreterias-herramientas,ferreterias,https://guiarsanrafael.com.ar/empresa/rd-ferreteria/
22,11980,ABSOLUT FITNESS GIM,gimnasios-gym,gimnasios,https://guiarsanrafael.com.ar/empresa/absolut-fitness-gim/
22,11988,MARIELA PENEDO Propiedades,administraciones-alquileres-inmobiliarias,administraciones,https://guiarsanrafael.com.ar/empresa/mariela-penedo-propiedades/
22,11997,TOLDOS CUYO SR,cortinados,loneras,https://guiarsanrafael.com.ar/empresa/toldos-cuyo-sr/
22,12006,SUR BLACKOUT Cortinas Roller,cortinados,cortinados,https://guiarsanrafael.com.ar/empresa/sur-blackout-cortinas-roller/
22,12015,PH DESCARTABLES,articulos-de-limpieza-todo-suelto,cotillon,https://guiarsanrafael.com.ar/empresa/ph-descartables/
22,12037,CRESCO Centro de Rehabilitación de Escoliosis,centro-de-rehabilitacion,centro-de-rehabilitacion,https://guiarsanrafael.com.ar/empresa/cresco-centro-de-rehabilitacion-de-escoliosis/
22,12046,MADER DUK Mueblería Deco y Diseño,amoblamientos,amoblamientos,https://guiarsanrafael.com.ar/empresa/mader-duck-muebleria-deco-y-diseno/
22,12065,LOZANO KEYTECH Cerrajería,cerrajerias,cerrajerias,https://guiarsanrafael.com.ar/empresa/lozano-keytech-cerrajeria/
23,11878,MMY SEGURIDAD INDUSTRIAL de Mauricio Yagüe,indumentaria,indumentaria,https://guiarsanrafael.com.ar/empresa/mmy-seguridad-industrial-de-mauricio-miguel-yague/
23,11888,IL Indumentaria Laboral,indumentaria,indumentaria,https://guiarsanrafael.com.ar/empresa/il-indumentaria-laboral/
23,11897,PINTURERIAS SAN JOSÉ,accesorios-para-piscinas,accesorios-para-piscinas,https://guiarsanrafael.com.ar/empresa/pinturerias-san-jose/
23,11905,ESTELA AHUMADA Inmobiliaria,administraciones-alquileres-inmobiliarias,administraciones,https://guiarsanrafael.com.ar/empresa/estela-ahumada-inmobiliaria/
23,11912,SOFIA COSTA AHUMADA,abogados-abogadas-estudios-juridicos,abogadas,https://guiarsanrafael.com.ar/empresa/sofia-costa-ahumada/
23,11917,WINTER HOUSE,alquiler-equipamiento-indumentaria-para-nieve,equipamientos-para-nieve,https://guiarsanrafael.com.ar/empresa/winter-house/
23,11925,DEL TELAR RETASERIA,blanco-colchones-sabanas-tuallones,blanco,https://guiarsanrafael.com.ar/empresa/del-telar-retaseria/
23,11926,ISAIAS TEXTILES,mercerias,mercerias,https://guiarsanrafael.com.ar/empresa/trama-textiles/
23,11935,ESSENCIA de LUNA,centro-de-estetica,centro-de-estetica,https://guiarsanrafael.com.ar/empresa/essencia-de-luna-stella/
23,11942,MAGNOLIA Moda Circular,indumentaria,indumentaria,https://guiarsanrafael.com.ar/empresa/magnolia-moda-circular/
24,11744,JUAN MANUEL MARTINEZ,kinesiologia-y-fisioterapia,kinesiologia-y-fisioterapia,https://guiarsanrafael.com.ar/empresa/juan-manuel-martinez/
24,11745,JAVIER SAN JUAN,abogados-abogadas-estudios-juridicos,abogadas,https://guiarsanrafael.com.ar/empresa/javier-san-juan/
24,11793,SIA Servicio Integral del Automotor,alineacion-y-balanceo,alineacion-y-balanceo,https://guiarsanrafael.com.ar/empresa/sia-servicio-integral-del-automotor/
24,11801,DIEGO MOTOS,electricidad-de-motos,mecanica-de-motos,https://guiarsanrafael.com.ar/empresa/diego-motos/
24,11812,START PAPELERA,articulos-de-limpieza-todo-suelto,articulos-de-limpieza,https://guiarsanrafael.com.ar/empresa/start-papelera/
24,11822,KUDHAI DETAILING,detailing-estetica-vehicular,detailing-estetica-vehicular,https://guiarsanrafael.com.ar/empresa/kudhai-detailing/
24,11831,AGRIQUÍMICA SANAGRO,agroquimicos,agroquimicos,https://guiarsanrafael.com.ar/empresa/sanagro-srl-agroquimica/
24,11839,CERRAJERÍA AGUSTÍN,cerrajerias,cerrajerias,https://guiarsanrafael.com.ar/empresa/cerrajeria-agustin/
24,11848,PELUDITOS Pets Shop,alimentos-balanceados,alimentos-balanceados,https://guiarsanrafael.com.ar/empresa/peluditos-pets-shop/
24,11867,FRIDA Estética Unisex,belleza-de-pies-y-manos-unas-nails,centro-de-estetica,https://guiarsanrafael.com.ar/empresa/frida-estetica-unisex/
25,11616,LINEA CORPORAL Dance,academia,academias,https://guiarsanrafael.com.ar/empresa/linea-corporal-dance/
25,11627,MATERIA PREMIUM,almacen-de-yerbamate,almacen-de-yerbamate,https://guiarsanrafael.com.ar/empresa/materia-premium/
25,11670,GYM ART Gimnasia Artística,,,https://guiarsanrafael.com.ar/empresa/gym-art-gimnasia-artistica/
25,11678,SOLEDAD TROYANO,cardiologia-medico-cardiologo,cardiologia,https://guiarsanrafael.com.ar/empresa/soledad-troyano/
25,11687,LIBRERIA ARCO IRIS,bazar-regaleria,fotocopias,https://guiarsanrafael.com.ar/empresa/libreria-arco-iris/
25,11698,XTREME GARAGE,car-audio,car-audio,https://guiarsanrafael.com.ar/empresa/xtreme-garage/
25,11706,ALQUILER DE CANDY BAR,candy-bar,candy-bar,https://guiarsanrafael.com.ar/empresa/alquiler-de-candy-bar/
25,11712,M. PAULA FRANCESCINI La Segunda,productor-de-seguros,productor-de-seguros,https://guiarsanrafael.com.ar/empresa/m-paula-francescini-la-segunda/
25,11721,POWER VISION Optica & Contactologia,contactologia,contactologia,https://guiarsanrafael.com.ar/empresa/power-vision-optica-y-contactologia/
25,11730,IRC CIRCUITO HOGAR,aire-acondicionado,aire-acondicionado,https://guiarsanrafael.com.ar/empresa/irc-circuito-hogar/
26,11477,GOMERIA ISELIN,gomerias-neumaticos-gomas-cubiertas,gomeria,https://guiarsanrafael.com.ar/empresa/gomeria-iselin/
26,11503,GITANA Fiambres & Bebidas,fiambrerias,almacen-de-bebidas,https://guiarsanrafael.com.ar/empresa/gitana-fiambres-bebidas/
26,11504,AV Pintura del Automotor,estetica-vehicular-tuning,estetica-vehicular,https://guiarsanrafael.com.ar/empresa/av-pintura-del-automotor/
26,11528,PONY Polarizados,estetica-vehicular-tuning,estetica-vehicular,https://guiarsanrafael.com.ar/empresa/pony-polarizados/
26,11539,SAN RAFAEL Jardín Maternal,jardines-maternales,jardin-maternal,https://guiarsanrafael.com.ar/empresa/mi-mundo-arco-iris-jardin-maternal/
26,11560,LA TIA NONA Charcutería,carnicerias,carniceria,https://guiarsanrafael.com.ar/empresa/dona-nona/
26,11575,ORTOPEDIA CESAK,ortopedias,ortopedias,https://guiarsanrafael.com.ar/empresa/ortopedia-cesak/
26,11583,SAN RAFAEL EXTINTORES,empresas-de-servicio,empresas-de-servicio,https://guiarsanrafael.com.ar/empresa/san-rafael-extintores/
26,11606,YANDI TOUR Agencia de Viajes,agencia-de-viajes,agencias-de-viajes,https://guiarsanrafael.com.ar/empresa/yandi-tour-agencia-de-viajes/
26,11613,EL MORENO Byke and Services,bicicleterias,bicicleterias,https://guiarsanrafael.com.ar/empresa/el-moreno-byke-and-services/
27,11367,AMG Compañía Constructora,construccion-en-seco-constructoras,construccion-en-seco,https://guiarsanrafael.com.ar/empresa/amg-compania-constructora/
27,11375,ISELIN Artículos de Limpieza,articulos-de-limpieza-todo-suelto,articulos-de-limpieza,https://guiarsanrafael.com.ar/empresa/iselin-articulos-de-limpieza/
27,11386,LA SUPREMA Comidas para Llevar,casa-de-comidas-rotiseria-viandas,casa-de-comidas,https://guiarsanrafael.com.ar/empresa/la-suprema-comidas-para-llevar/
27,11397,SAN RAFAEL Moto Rental,alquiler-de-motos,alquiler-de-motos,https://guiarsanrafael.com.ar/empresa/11397/
27,11415,POLLOS G.I,casa-de-comidas-rotiseria-viandas,casa-de-comidas,https://guiarsanrafael.com.ar/empresa/pollos-g-i/
27,11434,METALURGICA ANDRES,metalurgicas,metalurgicas,https://guiarsanrafael.com.ar/empresa/metalurgica-andres/
27,11435,ZINC PLEGADOS,corte-y-plegado-de-chapas,corte-y-plegado-de-chapas,https://guiarsanrafael.com.ar/empresa/zinc-plegados/
27,11446,BC Tapas Especiales,accesorios-de-competicion,accesorios-de-competicion,https://guiarsanrafael.com.ar/empresa/bc-tapas-especiales/
27,11453,AUXILIO MECANICO,auxilio-mecanico-gruas,auxilio-mecanico,https://guiarsanrafael.com.ar/empresa/auxilio-mecanico/
27,11478,MARCELINO BESSIO Oficial Albañil,empresas-de-servicio,empresas-de-servicio,https://guiarsanrafael.com.ar/empresa/marcelino-bessio-oficial-albanil/
28,11257,MADERO Barber Shop,barberias-peluqueria-barberos,barberias,https://guiarsanrafael.com.ar/empresa/madero-barber-shop/
28,11265,LUCAS BERNAOLA Car Paint,pintura-del-automotor-taller,pintura-del-automotor,https://guiarsanrafael.com.ar/empresa/lucas-bernaola-car-paint/
28,11273,BAIT desarrollos Inmobiliarios,constructoras,constructoras,https://guiarsanrafael.com.ar/empresa/bait-desarrollos-inmobiliarios/
28,11283,EVANGELINA PICCO,endodoncia,endodoncia,https://guiarsanrafael.com.ar/empresa/evangelina-picco/
28,11296,GRANELIA Keto & Low Carb,almacen-natural,almacen-natural,https://guiarsanrafael.com.ar/empresa/granelia-keto-low-carb/
28,11306,PETIT CHIOT Snacks Gourmet para Mascotas,alimentos-balanceados,alimentos-balanceados,https://guiarsanrafael.com.ar/empresa/petit-chiot-snacks-gourmet-para-mascotas/
28,11315,R&CO PAN Panadería Confitería,cafeterias-cafe-desayunos,confiteria,https://guiarsanrafael.com.ar/empresa/rco-pan-panaderia-confiteria/
28,11324,ELECTRICIDAD SUR del AUTOMOTOR,diagnostico-computarizado-mecanica,diagnostico-computarizado,https://guiarsanrafael.com.ar/empresa/electricidad-sur-del-automotor/
28,11344,CFC Taller Chapa y Pintura,estetica-vehicular-tuning,estetica-vehicular,https://guiarsanrafael.com.ar/empresa/cfc-taller-chapa-y-pintura/
28,11357,REGIONALES LOS MELLIS,aceite-de-oliva,aceite-de-oliva,https://guiarsanrafael.com.ar/empresa/regionales-los-mellis/
29,11129,VALENTI Equipamientos 4×4,accesorios-para-el-aumomotor,accesorios-del-automotor,https://guiarsanrafael.com.ar/empresa/valenti-equipamientos-4x4/
29,11130,FRANCISCO JAVIER GERARDI,ginecologia-y-obsterticia,ginecologia-y-obsterticia,https://guiarsanrafael.com.ar/empresa/francisco-javier-gerardi/
29,11146,MOTOPARTES RR,lubricantes-aceites-lubricentro,accesorios-para-motos,https://guiarsanrafael.com.ar/empresa/motopartes-rr/
29,11160,SUR COPPIERS Fotocopiadoras & Impresoras,fotocopiadoras-servicio-tecnico-informatica-electronica,fotocopiadoras,https://guiarsanrafael.com.ar/empresa/sur-coppiers-fotocopiadoras-impresoras/
29,11167,PSA Purificadores de Agua,agua-distribuidoras,distribuidoras,https://guiarsanrafael.com.ar/empresa/psa-purificadores-bajo-mesada/
29,11177,WINE SERVICE San Rafael,almacen-de-vinos,almacen-de-vinos,https://guiarsanrafael.com.ar/empresa/wine-service-san-rafael/
29,11188,SILVINA MURCIA Estudio de Danzas,academia,academias,https://guiarsanrafael.com.ar/empresa/silvina-murcia-estudio-de-danzas/
29,11197,ALE PESCA,articulos-de-camping,articulos-de-camping,https://guiarsanrafael.com.ar/empresa/ale-pesca/
29,11248,MTM Agencia Oficial,agencias-de-motos,agencias-de-motos,https://guiarsanrafael.com.ar/empresa/mtm-agencia-oficial/
29,11254,DARIO FOKSZEK,contadores-estudios-contables,contadores,https://guiarsanrafael.com.ar/empresa/dario-fokszek/
30,11002,LUNA SERENA Holistica Deco & Home,tienda-holistica,tienda-holistica,https://guiarsanrafael.com.ar/empresa/luna-serena-holistica-deco-home/
30,11016,SAN JULIAN Productos Eléctricos y Más!!!,electricidad-iluminacion,electricidad,https://guiarsanrafael.com.ar/empresa/san-julian-productos-electricos-y-mas/
30,11023,GPRS  Seguridad Electrónica Global,alarmas,alarmas,https://guiarsanrafael.com.ar/empresa/gprs-seguridad-electronica-global/
30,11024,CURCUMA Comida Sana & Saludable,casa-de-comidas-rotiseria-viandas,casa-de-comidas,https://guiarsanrafael.com.ar/empresa/curcuma-comida-sana-saludable/
30,11088,UFasta San Rafael,educacion,carreras-cortas,https://guiarsanrafael.com.ar/empresa/ufasta-san-rafael/
30,11091,RENTA BIKE San Rafael,alquiler-de-autos,alquiler-de-autos,https://guiarsanrafael.com.ar/empresa/renta-bike-san-rafael/
30,11106,ANGELA CONTRAFATTO,productor-de-seguros,productor-de-seguros,https://guiarsanrafael.com.ar/empresa/angela-contrafatto/
30,11114,DECAR Dirección Hidráulica,direccion-hidraulica,direccion-hidraulica,https://guiarsanrafael.com.ar/empresa/decar-direccion-hidraulica/
30,11121,IDRAET Pro Institute San Rafael,cosmetica-cosmetologia-cosmetologa-cosmiatra,cosmetica-perfumeria,https://guiarsanrafael.com.ar/empresa/idraet-pro-institute-san-rafael/
30,11132,CRISTIAN FORNARA,ginecologia-y-obsterticia,ginecologia-y-obsterticia,https://guiarsanrafael.com.ar/empresa/cristian-fornara/
31,10891,MAHAL SUSHI,restaurantes-parrilas,casa-de-comidas,https://guiarsanrafael.com.ar/empresa/mahal-sushi/
31,10898,MARIANO RAUSCH Serena,agua-distribuidoras,agua-mineral,https://guiarsanrafael.com.ar/empresa/mariano-raush-serena/
31,10904,SOLDIER Suplementación Deportiva,gimnasios-gym,gimnasios,https://guiarsanrafael.com.ar/empresa/soldier-suplementacion-deportiva/
31,10905,PRINT Estudio Gráfico,carteleria-graficas-ploteados-letreros,carteleria,https://guiarsanrafael.com.ar/empresa/print-estudio-grafico/
31,10906,EL HOT Sandguchería,hamburguesas-sanwicheria-lomos-comidas,hamburgueserias,https://guiarsanrafael.com.ar/empresa/el-hot-sandgucheria/
31,10932,BICIMANIA Tienda de Bicicletas,accesorios-deportivos,accesorios-deportivos,https://guiarsanrafael.com.ar/empresa/bicimania-tienda-de-bicicletas/
31,10956,ZHAMPÍ Indumentaria,bordados,bordados,https://guiarsanrafael.com.ar/empresa/zhampi-indumentaria/
31,10980,SANTOS SEGUROS,productor-de-seguros,productor-de-seguros,https://guiarsanrafael.com.ar/empresa/santos-seguros/
31,10987,LOS CASCON Pastas Artesanales,casa-de-comidas-rotiseria-viandas,casa-de-comidas,https://guiarsanrafael.com.ar/empresa/los-cascon-pastas-artesanales/
31,10995,OPORTO Almacén de Comidas,casa-de-comidas-rotiseria-viandas,casa-de-comidas,https://guiarsanrafael.com.ar/empresa/oporto-almacen-de-comidas/
32,9429,EXTREMO AVENTURA TURISMO,agencia-de-viajes,agencias-de-viajes,https://guiarsanrafael.com.ar/empresa/extremo-aventura-turismo/
32,10729,MI NUEVA RETASERIA,cortinados,cortinados,https://guiarsanrafael.com.ar/empresa/mi-nueva-retaseria/
32,10741,DESING ALUM,aberturas,aberturas,https://guiarsanrafael.com.ar/empresa/desing-alum/
32,10747,ZONAZUL Gomería & Lavadero,gomerias-neumaticos-gomas-cubiertas,gomeria,https://guiarsanrafael.com.ar/empresa/zonazul-gomeria-lavadero/
32,10770,ESTETICA Y TERAPIAS,,,https://guiarsanrafael.com.ar/empresa/?type=ESTETICA%20Y%20TERAPIAS
32,10839,Raffeish Turismo Aventura,agencia-de-viajes,agencias-de-viajes,https://guiarsanrafael.com.ar/empresa/raffeish-turismo-aventura/
32,10840,CASA ORTIZ Descartables,articulos-para-calzado,articulos-para-calzado,https://guiarsanrafael.com.ar/empresa/casa-ortiz-descartables/
32,10860,CLIMA CAR Climatización,aire-acondicionado,aire-acondicionado,https://guiarsanrafael.com.ar/empresa/clima-car-climatizacion/
32,10867,ANTONIETA Hostel,alojamiento-cabanas-camping,alojamientos,https://guiarsanrafael.com.ar/empresa/antonieta-hostel/
32,10883,BELÉN LUCERO Lady Barber,barberias-peluqueria-barberos,barberias,https://guiarsanrafael.com.ar/empresa/belen-lucero-lady-barber/
33,10550,ALMACEN DEL BARRIO Fiambreria,almacen-minimarket,almacen,https://guiarsanrafael.com.ar/empresa/almacen-del-barrio-fiambreria/
33,10558,CRISTIAN SUBIRIS,kinesiologia-y-fisioterapia,centro-de-rehabilitacion,https://guiarsanrafael.com.ar/empresa/cristian-subiris/
33,10651,DEL VALLE 🔆 Blanqueria & Cortinados,blanco-colchones-sabanas-tuallones,blanco,https://guiarsanrafael.com.ar/empresa/del-valle-blanqueria-cortinados/
33,10667,NEW STORE Servicio Técnico,accesorios-de-telefonia-celular,accesorios-de-telefonia,https://guiarsanrafael.com.ar/empresa/new-store-servicio-tecnico/
33,10671,PASTAS MARISOL,fabrica-de-pastas,fabrica-de-pastas,https://guiarsanrafael.com.ar/empresa/pastas-marisol/
33,10672,EL PELUCCA Polleria,polleria,almacen,https://guiarsanrafael.com.ar/empresa/el-pelucca-polleria/
33,10676,GAS MAR Centro de Servicios,accesorios-para-el-aumomotor,accesorios-del-automotor,https://guiarsanrafael.com.ar/empresa/gasmar-centro-de-servicios/
33,10700,WICHY DESCARTABLES,cotillon,cotillon,https://guiarsanrafael.com.ar/empresa/wichy-descartables/
33,10707,NAVATTINI  Insumos para Manicuria,insumos-para-estetica,insumos-para-estetica,https://guiarsanrafael.com.ar/empresa/navattini-insumos-para-manicuria/
33,10719,CLIMASET Calefacción,calefaccion-refrigeracion,calefaccion,https://guiarsanrafael.com.ar/empresa/climaset/
34,10445,GS Gestoria & Seguros,productor-de-seguros,gestoria-del-automotor,https://guiarsanrafael.com.ar/empresa/gs-gestoria-seguros/
34,10447,LA ESQUINA Rotiseria,rotiserias-casa-de-comidas,casa-de-comidas,https://guiarsanrafael.com.ar/empresa/la-esquina-rotiseria/
34,10448,TU TAXI,taxis-remises,taxis-y-remises,https://guiarsanrafael.com.ar/empresa/tu-taxi/
34,10449,Momentos Mágicos Salon de Eventos,salon-de-eventos,eventos,https://guiarsanrafael.com.ar/empresa/momentos-magicos-salon-de-eventos/
34,10467,NANO Carnicería,carnicerias,almacen,https://guiarsanrafael.com.ar/empresa/nano-carniceria/
34,10482,ECOLASER Servicio Técnico,fotocopiadoras-servicio-tecnico-informatica-electronica,fotocopiadoras,https://guiarsanrafael.com.ar/empresa/ecolaser-servicio-tecnico/
34,10491,PANADERÍA MANÁ,confiterias-reposteria,almacen,https://guiarsanrafael.com.ar/empresa/panaderia-mana/
34,10500,JJM Distribuidora Peluquería Barbería,barberias-peluqueria-barberos,barberias,https://guiarsanrafael.com.ar/empresa/jjm-distribuidora-peluqueria-barberia/
34,10517,CENECA Centro Terapéutico,centro-de-rehabilitacion,institutos-terapeuticos-institutos-de-rehabilitacion,https://guiarsanrafael.com.ar/empresa/ceneca-centro-terapeutico/
34,10526,DISFRACES LAURA,alquiler-de-disfraces,alquiler-de-disfraces,https://guiarsanrafael.com.ar/empresa/disfraces-laura/
35,10315,NATALIA V. GARCIA,psicopedagogia,psicopedagogia,https://guiarsanrafael.com.ar/empresa/10315/
35,10322,DERMA ESTETICA,centro-de-estetica,centro-de-estetica,https://guiarsanrafael.com.ar/empresa/derma-estetica/
35,10339,MAYRA VILCHEZ,nutricion-nutricionistas,nutricionistas,https://guiarsanrafael.com.ar/empresa/mayra-vilchez/
35,10344,FEISAL Alfajores Artesanales,chocolateria,chocolateria,https://guiarsanrafael.com.ar/empresa/feisal-alfajores-artesanales/
35,10356,PUNTO de ENCUENTRO Almacén Fiambrería,almacen-minimarket,almacen,https://guiarsanrafael.com.ar/empresa/punto-de-encuentro-almacen-fiambreria/
35,10363,STI Servicio de Electrodoméstico Integral,refigeracion-aire-acondicionado,electronica,https://guiarsanrafael.com.ar/empresa/sti-servicio-de-electrodomestico-integral/
35,10415,DENITA MADERAS SRL,aberturas,aserraderos,https://guiarsanrafael.com.ar/empresa/denita-maderas-srl/
35,10423,LOLIVIA Helados Artesanales,heladerias-postres,heladerias,https://guiarsanrafael.com.ar/empresa/lolivia-helados-artesanales/
35,10430,ISIS Instituto Médico,consultorios-medicos,consultorios-medicos,https://guiarsanrafael.com.ar/empresa/isis-instituto-medico/
35,10434,DAVID VITOLA,cirujia-cirujano,cirugia-general,https://guiarsanrafael.com.ar/empresa/david-vitola/
36,10210,SAAVEDRA SALUD Servicios Médicos,consultorios-medicos,consultorios-medicos,https://guiarsanrafael.com.ar/empresa/saavedra-salud-servicios-medicos/
36,10211,GP Servicios Médicos,institutos-medicos-consultorios-medicos,consultorios-medicos,https://guiarsanrafael.com.ar/empresa/gp-servicios-medicos/
36,10267,Rawson Bar,bares-cocteleria,restaurantes,https://guiarsanrafael.com.ar/empresa/rawson-bar/
36,10268,Smoke Burgers Grill,casa-de-comidas-rotiseria-viandas,restaurantes,https://guiarsanrafael.com.ar/empresa/smoke-burgers-grill/
36,10269,Al Antojo del Cocinero,restaurantes-parrilas,restaurantes,https://guiarsanrafael.com.ar/empresa/al-antojo-del-cocinero/
36,10270,Food Park,restaurantes-parrilas,restaurantes,https://guiarsanrafael.com.ar/empresa/food-park/
36,10282,DIEGO VILLARRUEL,electricistas,electricidad,https://guiarsanrafael.com.ar/empresa/diego-villarruel/
36,10283,ELECTRICIDAD VILLARRUEL,electricidad-iluminacion,electricidad,https://guiarsanrafael.com.ar/empresa/electricidad-villarruel/
36,10293,LO DE MARCIAL,casa-de-comidas-rotiseria-viandas,casa-de-comidas,https://guiarsanrafael.com.ar/empresa/lo-de-marcial/
36,10301,CLICK ELECTRICIDAD,electricidad-iluminacion,electricidad,https://guiarsanrafael.com.ar/empresa/click-electricidad/
37,10256,La Maquina Resto,restaurantes-parrilas,restaurantes,https://guiarsanrafael.com.ar/empresa/la-maquina-resto/
37,10257,Sud Restaurant,restaurantes-parrilas,restaurantes,https://guiarsanrafael.com.ar/empresa/sud-restaurant/
37,10258,Blaxon Steak House & Bar,restaurantes-parrilas,restaurantes,https://guiarsanrafael.com.ar/empresa/blaxon-steak-house-bar/
37,10259,SAN TELMO RESTO BAR,restaurantes-parrilas,restaurantes,https://guiarsanrafael.com.ar/empresa/san-telmo-resto-bar/
37,10260,Peñon del Aguila  Cerveceria,restaurantes-parrilas,restaurantes,https://guiarsanrafael.com.ar/empresa/penon-del-aguila-cerveceria/
37,10261,Mikelino’s Restaurante,restaurantes-parrilas,restaurantes,https://guiarsanrafael.com.ar/empresa/mikelinos-restaurante/
37,10262,BIERO Draft Beer,restaurantes-parrilas,restaurantes,https://guiarsanrafael.com.ar/empresa/biero-draft-beer/
37,10263,Pettra Resto,restaurantes-parrilas,restaurantes,https://guiarsanrafael.com.ar/empresa/pettra-resto/
37,10264,Big Bon,restaurantes-parrilas,restaurantes,https://guiarsanrafael.com.ar/empresa/big-bon/
37,10265,Restaurante Nina,restaurantes-parrilas,restaurantes,https://guiarsanrafael.com.ar/empresa/restaurante-nina/
38,10215,LOS FRANCESES Neumáticos,neumaticos-gomerias,neumaticos-gomas,https://guiarsanrafael.com.ar/empresa/los-franceses-neumaticos/
38,10222,EPIKO Café Restobar,bares-cocteleria,bares,https://guiarsanrafael.com.ar/empresa/epiko-cafe-restobar/
38,10223,EPIKO Casa de Comidas,casa-de-comidas-rotiseria-viandas,casa-de-comidas,https://guiarsanrafael.com.ar/empresa/epiko-casa-de-comidas/
38,10230,De Syrah Restaurante,restaurantes-parrilas,restaurantes,https://guiarsanrafael.com.ar/empresa/de-syrah-restaurante/
38,10249,CANTINA A GOGÓ,restaurantes-parrilas,restaurantes,https://guiarsanrafael.com.ar/empresa/cantina-a-gogo/
38,10251,CORBO WINE BAR,restaurantes-parrilas,restaurantes,https://guiarsanrafael.com.ar/empresa/corbo-wine-bar/
38,10252,The Club  Restaurante,restaurantes-parrilas,restaurantes,https://guiarsanrafael.com.ar/empresa/the-club-restaurante/
38,10253,El Patio Beer House,restaurantes-parrilas,restaurantes,https://guiarsanrafael.com.ar/empresa/el-patio-beer-house/
38,10254,BAHRÜ – Enjoy and share,restaurantes-parrilas,restaurantes,https://guiarsanrafael.com.ar/empresa/bahru-enjoy-and-share/
38,10255,Guantánamo Bar,restaurantes-parrilas,restaurantes,https://guiarsanrafael.com.ar/empresa/guantanamo-bar/
39,10135,BIOCENTRO de Salud,consultorios-medicos,consultorios-medicos,https://guiarsanrafael.com.ar/empresa/biocentro-de-salud/
39,10143,EL CARMELO Charcutería Artesanal,almacen-minimarket,charcuteria,https://guiarsanrafael.com.ar/empresa/el-carmelo-charcuteria-artasanal/
39,10153,TAPICERÍA GARCIA,tapicerias,tapicerias,https://guiarsanrafael.com.ar/empresa/tapiceria-garcia/
39,10160,LOYAL Pets Store,alimentos-balanceados,alimentos-balanceados,https://guiarsanrafael.com.ar/empresa/loyal-pets-store/
39,10164,ESCAPES CUYO,autopartes,autopartes,https://guiarsanrafael.com.ar/empresa/escapes-cuyo/
39,10171,LOLOS & CO Tienda para Mascotas,alimentos-balanceados,alimentos-balanceados,https://guiarsanrafael.com.ar/empresa/lolos-co-tienda-para-mascotas/
39,10178,NORT Revestimientos San Rafael,aislantes-impemeabilizantes,materiales-de-construccion,https://guiarsanrafael.com.ar/empresa/nort-revestimientos-san-rafael/
39,10186,NICOLÓ Pastas y Salsas,fabrica-de-pastas,fabrica-de-pastas,https://guiarsanrafael.com.ar/empresa/nicolo-pastas-y-salsas/
39,10194,FIT CLUB,gimnasios-gym,gimnasios,https://guiarsanrafael.com.ar/empresa/fit-club/
39,10203,MOMENTOS MAGICOS Disfraces,alquiler-de-disfraces,alquiler-de-disfraces,https://guiarsanrafael.com.ar/empresa/momentos-magicos-disfraces/
40,10004,INDUMENTARIAS JOSEFINA,bordados,bordados,https://guiarsanrafael.com.ar/empresa/josefina-indumentaria/
40,10020,AMARILLO Textil,bordados,bordados,https://guiarsanrafael.com.ar/empresa/amarillo-textil/
40,10027,LAB Bioquímica Especializada,bioquimicos-laboratorio,bioquimicos,https://guiarsanrafael.com.ar/empresa/lab-bioquimica-especializada-2/
40,10044,TODO RICO La Casa de las Viandas,casa-de-comidas-rotiseria-viandas,casa-de-comidas,https://guiarsanrafael.com.ar/empresa/todo-rico-la-casa-de-las-viandas/
40,10081,RICAS Pastas Artesanales,fabrica-de-pastas,fabrica-de-pastas,https://guiarsanrafael.com.ar/empresa/ricas-pastas-artesanales/
40,10088,MAFALDA Insumos para Peluquerías,cosmetica-cosmetologia-cosmetologa-cosmiatra,cosmetica-perfumeria,https://guiarsanrafael.com.ar/empresa/mafalda-insumos-para-peluquerias/
40,10092,VERDULERIA AVENIDA,verdulerias,verdulerias,https://guiarsanrafael.com.ar/empresa/verduleria-avenida/
40,10113,BALLOFFET Suspensión y Dirección,amortiguadores-repuestos,amortiguadores,https://guiarsanrafael.com.ar/empresa/balloffet-suspension-y-direccion/
40,10121,Mariela Villafañe,psicopedagogia,psicopedagogia,https://guiarsanrafael.com.ar/empresa/mariela-villafane/
40,10124,MARIANA OCHOA,endodoncia,endodoncia,https://guiarsanrafael.com.ar/empresa/mariana-ochoa-2/
41,9927,LO DE GAMO Peluquería y Alimentos,alimentos-balanceados,alimentos-balanceados,https://guiarsanrafael.com.ar/empresa/lo-de-gamo-peluqueria-y-alimentos/
41,9943,COCHERIA ARIEL GOMEZ,cremaciones-salas-velatorias,cocherias-sala-velatorias,https://guiarsanrafael.com.ar/empresa/cocheria-ariel-gomez/
41,9944,AG Cremaciones de Mascotas,cremaciones-salas-velatorias,cremaciones-sala-velatorias,https://guiarsanrafael.com.ar/empresa/ag-cremaciones-de-mascotas/
41,9956,MODO MONO Rental Bike & Sky,alquiler-de-bicicletas,alquiler-de-bicicletas,https://guiarsanrafael.com.ar/empresa/modo-mono-rental-bike/
41,9965,DEL CIELO Artículos de Limpieza,articulos-de-limpieza-todo-suelto,articulos-de-limpieza,https://guiarsanrafael.com.ar/empresa/del-cielo-articulos-de-limpieza/
41,9972,RICITOS Productos Capilares,cosmetica-cosmetologia-cosmetologa-cosmiatra,cosmetica-perfumeria,https://guiarsanrafael.com.ar/empresa/ricitos-productos-capilares/
41,9980,ANDRES Automotores,agencia-de-autos-automotores,agencia-de-autos,https://guiarsanrafael.com.ar/empresa/andres-automotores/
41,9986,EMANUEL MARTINEZ,abogados-abogadas-estudios-juridicos,abogados,https://guiarsanrafael.com.ar/empresa/emanuel-martinez/
41,9991,UCASAL San Rafael,educacion,carreras-cortas,https://guiarsanrafael.com.ar/empresa/ucasal-san-rafael/
41,10001,ISIV San Rafael,educacion,carreras-cortas,https://guiarsanrafael.com.ar/empresa/isiv-san-rafael/
42,9790,FRISE PACK Bolsas Ecológicas,bolsas-cerigrafia-ecologica,bolsas,https://guiarsanrafael.com.ar/empresa/frise-pack-bolsas-ecologicas/
42,9798,BATUKA Alimentos Balanceados,alimentos-balanceados,alimentos-balanceados,https://guiarsanrafael.com.ar/empresa/batuka-alimentos-balanceados/
42,9837,MI RINCON Librería,jugueterias-regaleria,librerias,https://guiarsanrafael.com.ar/empresa/mi-rincon-libreria/
42,9853,CONSULTORIOS MEDICOS CUYO,consultorios-medicos,consultorios-medicos,https://guiarsanrafael.com.ar/empresa/consultorios-medicos-cuyo/
42,9863,MI LUGAR sin Gluten,almacen-celiaco,almacen-celiaco,https://guiarsanrafael.com.ar/empresa/mi-lugar-sin-t-a-c-c/
42,9871,MADERERA COCO´S,aislantes-impemeabilizantes,aislantes-2,https://guiarsanrafael.com.ar/empresa/maderera-cocos/
42,9879,CERAMICAS SAN RAFAEL,ceramicas,ceramicas,https://guiarsanrafael.com.ar/empresa/ceramicas-san-rafael/
42,9886,PAULA YEBRA,kinesiologia-y-fisioterapia,centro-de-rehabilitacion,https://guiarsanrafael.com.ar/empresa/paula-yebra/
42,9914,MONICA R. GIJON,bioquimicos-laboratorio,bioquimicos,https://guiarsanrafael.com.ar/empresa/monica-r-gijon/
42,9920,DAFHNE Peluqueria & Estetica,barberias-peluqueria-barberos,barberias,https://guiarsanrafael.com.ar/empresa/dafhne-peluqueria-estetica/
43,9695,A LO CUBANO Barberia,barberias-peluqueria-barberos,barberias,https://guiarsanrafael.com.ar/empresa/a-lo-cubano-barberia/
43,9700,LOS FRANCESES,alineacion-y-balanceo,alineacion-y-balanceo,https://guiarsanrafael.com.ar/empresa/los-franceses/
43,9707,LONAS CUYO,cortinados,cortinados,https://guiarsanrafael.com.ar/empresa/lonas-cuyo/
43,9777,BIOMED Centro Bioquímico y Medico,bioquimicos-laboratorio,bioquimicos,https://guiarsanrafael.com.ar/empresa/biomed-centro-bioquimico-y-medico/
43,9779,Abbona Barcudi  Laboratorio,bioquimicos-laboratorio,bioquimicos,https://guiarsanrafael.com.ar/empresa/abbona-barcudi-laboratorio/
43,9780,Análisis Clínicos San Rafael,bioquimicos-laboratorio,,https://guiarsanrafael.com.ar/empresa/analisis-clinicos-san-rafael/
43,9781,BIO ANÁLISIS  Laboratorio,bioquimicos-laboratorio,bioquimicos,https://guiarsanrafael.com.ar/empresa/bio-analisis-laboratorio/
43,9782,ANALISIS Biológicos y Químicos,bioquimicos-laboratorio,bioquimicos,https://guiarsanrafael.com.ar/empresa/analisis-biologicos-y-quimicos/
43,9783,Alberto Nadim Yunes Laboratorio,bioquimicos-laboratorio,bioquimicos,https://guiarsanrafael.com.ar/empresa/alberto-nadim-yunes-laboratorio/
43,9784,SACI  Laboratorio de Análisis Clínicos,bioquimicos-laboratorio,bioquimicos,https://guiarsanrafael.com.ar/empresa/saci-laboratorio-de-analisis-clinicos/
44,9655,Agroveterinaria Mitre,agroveterinaria,agroveterinarias,https://guiarsanrafael.com.ar/empresa/__trashed-5/
44,9656,Veterinaria Las Vírgenes,tienda-para-mascotas-veterinaria,veterinarias,https://guiarsanrafael.com.ar/empresa/__trashed/
44,9663,Bio Animal,farmacias,veterinarias,https://guiarsanrafael.com.ar/empresa/9663/
44,9667,Veterinaria El Trébol,tienda-para-mascotas-veterinaria,veterinarias,https://guiarsanrafael.com.ar/empresa/veterinaria-el-trebol/
44,9668,Agroveterinaria La Tranquera,agroveterinaria,agroveterinarias,https://guiarsanrafael.com.ar/empresa/9668/
44,9675,Gerar Alimentos Balanceados,alimentos-balanceados,alimentos-balanceados,https://guiarsanrafael.com.ar/empresa/gerar-alimentos-balanceados/
44,9676,Gerar Alimentos Balanceados Casa Central,alimentos-balanceados,alimentos-balanceados,https://guiarsanrafael.com.ar/empresa/gerar-alimentos-balanceados-casa-central/
44,9677,MUNDO BIGOTES Alimentos Balanceados,alimentos-balanceados,alimentos-balanceados,https://guiarsanrafael.com.ar/empresa/mundo-bigotes-alimentos-balanceados/
44,9678,GANABERDI Tienda para Mascotas,alimentos-balanceados,alimentos-balanceados,https://guiarsanrafael.com.ar/empresa/ganaberdi/
44,9679,Planeta Mascota,alimentos-balanceados,alimentos-balanceados,https://guiarsanrafael.com.ar/empresa/planeta-mascota/
45,9647,Veterinaria Dr. Biurrun,tienda-para-mascotas-veterinaria,veterinarias,https://guiarsanrafael.com.ar/empresa/veterinaria-dr-biurrun/
45,9648,Veterinaria Libertad,tienda-para-mascotas-veterinaria,veterinarias,https://guiarsanrafael.com.ar/empresa/veterinaria-libertad/
45,9649,TOLY Clínica Veterinaria & Laboratorio,alimentos-balanceados,alimentos-balanceados,https://guiarsanrafael.com.ar/empresa/veterinaria-toly/
45,9650,Veterinaria El Tata Bevans,tienda-para-mascotas-veterinaria,veterinarias,https://guiarsanrafael.com.ar/empresa/veterinaria-el-tata-bevans/
45,9651,Veterinaria Valerdi,tienda-para-mascotas-veterinaria,veterinarias,https://guiarsanrafael.com.ar/empresa/veterinaria-valerdi/
45,9652,Clínica Veterinaria Sumarán,tienda-para-mascotas-veterinaria,veterinarias,https://guiarsanrafael.com.ar/empresa/clinica-veterinaria-sumaran/
45,9653,Josep Veterinaria y Agroveterinaria,tienda-para-mascotas-veterinaria,agroveterinarias,https://guiarsanrafael.com.ar/empresa/josep-veterinaria-y-agroveterinaria/
45,9654,Clínica Veterinaria Huellitas de Amor,tienda-para-mascotas-veterinaria,veterinarias,https://guiarsanrafael.com.ar/empresa/clinica-veterinaria-huellitas-de-amor/
45,9665,Veterinaria Los Robles,tienda-para-mascotas-veterinaria,veterinarias,https://guiarsanrafael.com.ar/empresa/veterinaria-los-robles/
45,9666,Veterinaria Giménez,tienda-para-mascotas-veterinaria,veterinarias,https://guiarsanrafael.com.ar/empresa/veterinaria-gimenez/
46,9425,LA ABEJA Finca & Bodega,bodegas-vinedos-fincas,bodegas-y-vinedos,https://guiarsanrafael.com.ar/empresa/la-abeja-finca-bodega/
46,9439,Bodega la Vendimia Saicf,bodegas-vinedos-fincas,bodegas-y-vinedos,https://guiarsanrafael.com.ar/empresa/bodega-la-vendimia-saicf/
46,9443,Bodega Bombal y Aldao,bodegas-vinedos-fincas,bodegas-y-vinedos,https://guiarsanrafael.com.ar/empresa/bodega-bombal-y-aldao/
46,9444,Bodega Mumm,bodegas-vinedos-fincas,bodegas-y-vinedos,https://guiarsanrafael.com.ar/empresa/bodega-mumm/
46,9445,Finca Intimayu,bodegas-vinedos-fincas,bodegas-y-vinedos,https://guiarsanrafael.com.ar/empresa/finca-intimayu/
46,9446,LA BODEGA Parrilla Resto Bar,bodegas-vinedos-fincas,bodegas-y-vinedos,https://guiarsanrafael.com.ar/empresa/la-bodega-parrilla-resto-bar/
46,9624,VISION SUR Óptica,contactologia,contactologia,https://guiarsanrafael.com.ar/empresa/vision-sur-optica/
46,9631,DULCE TENTACION Repostería,fabrica-de-tortas-reposteria,fabrica-de-tortas,https://guiarsanrafael.com.ar/empresa/dulce-tentacion-reposteria/
46,9644,Clínica Veterinaría Belgrano,tienda-para-mascotas-veterinaria,veterinarias,https://guiarsanrafael.com.ar/empresa/clinica-veterinaria-belgrano/
46,9646,VETERINARIA BLANCHE,tienda-para-mascotas-veterinaria,veterinarias,https://guiarsanrafael.com.ar/empresa/veterinaria-blanche/
47,9426,JEAN RIVIER Bodega y Viñedos,bodegas-vinedos-fincas,bodegas-y-vinedos,https://guiarsanrafael.com.ar/empresa/jean-rivier-bodega-y-vinedos/
47,9427,Bodega Tornaghi,bodegas-vinedos-fincas,bodegas-y-vinedos,https://guiarsanrafael.com.ar/empresa/bodega-tornaghi/
47,9430,Bodega Labiano,bodegas-vinedos-fincas,bodegas-y-vinedos,https://guiarsanrafael.com.ar/empresa/bodega-labiano/
47,9431,Bodega Boutique Ibarra,bodegas-vinedos-fincas,bodegas-y-vinedos,https://guiarsanrafael.com.ar/empresa/bodega-boutique-ibarra/
47,9432,Grand Estate S.A.,bodegas-vinedos-fincas,bodegas-y-vinedos,https://guiarsanrafael.com.ar/empresa/grand-estate-s-a/
47,9433,La Vieja Bodega Serra,bodegas-vinedos-fincas,bodegas-y-vinedos,https://guiarsanrafael.com.ar/empresa/la-vieja-bodega-serra/
47,9434,Bodegas Bianchi,bodegas-vinedos-fincas,bodegas-y-vinedos,https://guiarsanrafael.com.ar/empresa/bodegas-bianchi/
47,9435,Bodega Finca El Nevado,bodegas-vinedos-fincas,bodegas-y-vinedos,https://guiarsanrafael.com.ar/empresa/bodega-finca-el-nevado/
47,9436,BODEGA TERRA LOMBARDA,bodegas-vinedos-fincas,bodegas-y-vinedos,https://guiarsanrafael.com.ar/empresa/bodega-terra-lombarda/
47,9437,Bodega 1920,bodegas-vinedos-fincas,bodegas-y-vinedos,https://guiarsanrafael.com.ar/empresa/bodega-1920/
48,9340,FMG Lubricantes,accesorios-para-el-aumomotor,estetica-vehicular,https://guiarsanrafael.com.ar/empresa/fmg-lubricantes/
48,9367,Lubricentro Italo,lubricantes-aceites-lubricentro,lubricantes,https://guiarsanrafael.com.ar/empresa/lubricentro-italo/
48,9368,LUBRICENTRO FUENTES,lubricantes-aceites-lubricentro,lubricantes,https://guiarsanrafael.com.ar/empresa/lubricentro-fuentes/
48,9369,Lubri Del Centro,lubricantes-aceites-lubricentro,lubricantes,https://guiarsanrafael.com.ar/empresa/lubri-del-centro/
48,9378,VELEZ Lubricantes y Repuestos,lubricantes-aceites-lubricentro,lubricantes,https://guiarsanrafael.com.ar/empresa/velez-lubricantes-y-repuestos/
48,9380,Lubricentro San Martín,lubricantes-aceites-lubricentro,lubricantes,https://guiarsanrafael.com.ar/empresa/lubricentro-san-martin/
48,9428,Millanti Viajes,agencia-de-viajes,agencias-de-viajes,https://guiarsanrafael.com.ar/empresa/millanti-viajes/
48,9438,Bodega Finca Cuadro Benegas,bodegas-vinedos-fincas,bodegas-y-vinedos,https://guiarsanrafael.com.ar/empresa/bodega-finca-cuadro-benegas/
48,9440,Bodega Goyenechea,bodegas-vinedos-fincas,bodegas-y-vinedos,https://guiarsanrafael.com.ar/empresa/bodega-goyenechea/
48,9442,Bodegas Giaroli,bodegas-vinedos-fincas,bodegas-y-vinedos,https://guiarsanrafael.com.ar/empresa/bodegas-giaroli/
49,9350,MI Lubricentro,lubricantes-aceites-lubricentro,lubricantes,https://guiarsanrafael.com.ar/empresa/mi-lubricentro/
49,9351,Lubricentro CLASE 1,lubricantes-aceites-lubricentro,lubricantes,https://guiarsanrafael.com.ar/empresa/lubricentro-clase-1/
49,9352,Full Track,lubricantes-aceites-lubricentro,lubricantes,https://guiarsanrafael.com.ar/empresa/full-track/
49,9355,Lubricentro San Expedito,lubricantes-aceites-lubricentro,lubricantes,https://guiarsanrafael.com.ar/empresa/lubricentro-san-expedito/
49,9356,CIA Lubricantes,lubricantes-aceites-lubricentro,lubricantes,https://guiarsanrafael.com.ar/empresa/cia-lubricantes/
49,9357,Lubricentro Lujan,lubricantes-aceites-lubricentro,lubricantes,https://guiarsanrafael.com.ar/empresa/lubricentro-lujan/
49,9358,MyM Lubricentro,lubricantes-aceites-lubricentro,lubricantes,https://guiarsanrafael.com.ar/empresa/mym-lubricentro/
49,9366,Plus Oil Lubricantes,lubricantes-aceites-lubricentro,lubricantes,https://guiarsanrafael.com.ar/empresa/plus-oil-lubricantes/
49,9370,SINICH Lubricantes y Accesorios,lubricantes-aceites-lubricentro,,https://guiarsanrafael.com.ar/empresa/sinich-lubricantes/
49,9371,LUBRICENTRO AGUIRRE,lubricantes-aceites-lubricentro,accesorios-del-automotor,https://guiarsanrafael.com.ar/empresa/lubricentro-aguirre/
50,9306,Baco’s  Vinoteca,tinenda-de-bebidas-vinotecas-licores,tienda-de-bebidas,https://guiarsanrafael.com.ar/empresa/bacos-vinoteca/
50,9308,ORUJO Tienda de Bebidas,dieteticas-productos-naturales,dieteticas,https://guiarsanrafael.com.ar/empresa/orujo/
50,9332,DELICIAS SALUDABLES,panaderias,panaderia,https://guiarsanrafael.com.ar/empresa/delicias-saludables/
50,9345,FMG Racing Cars,accesorios-de-competicion,accesorios-de-competicion,https://guiarsanrafael.com.ar/empresa/fmg-racing-cars/
50,9359,Lucas Lubricantes,lubricantes-aceites-lubricentro,lubricantes,https://guiarsanrafael.com.ar/empresa/lucas-lubricantes/
50,9360,Lubricentro Baja un Cambio,lubricantes-aceites-lubricentro,lubricantes,https://guiarsanrafael.com.ar/empresa/lubricentro-baja-un-cambio/
50,9361,Martín Lubricantes,lubricantes-aceites-lubricentro,lubricantes,https://guiarsanrafael.com.ar/empresa/martin-lubricantes/
50,9363,Big Oil  Lubricantes,lubricantes-aceites-lubricentro,lubricantes,https://guiarsanrafael.com.ar/empresa/big-oil-lubricantes/
50,9364,Volante Lubricentro,lubricantes-aceites-lubricentro,lubricantes,https://guiarsanrafael.com.ar/empresa/volante-lubricentro/
50,9365,Lubricentro 15w40,lubricantes-aceites-lubricentro,lubricantes,https://guiarsanrafael.com.ar/empresa/lubricentro-15w40/
51,9307,ALMACEN MITRE,tinenda-de-bebidas-vinotecas-licores,tienda-de-bebidas,https://guiarsanrafael.com.ar/empresa/almacen-mitre/
51,9309,Almacén 1933,almacen-de-vinos,tienda-de-bebidas,https://guiarsanrafael.com.ar/empresa/almacen-1933/
51,9311,COPETEO Tienda de vinos,tinenda-de-bebidas-vinotecas-licores,tienda-de-bebidas,https://guiarsanrafael.com.ar/empresa/copeteo-tienda-de-vinos/
51,9312,LA BARRICA Vinoteca,tinenda-de-bebidas-vinotecas-licores,tienda-de-bebidas,https://guiarsanrafael.com.ar/empresa/la-barrica-vinoteca/
51,9313,Vineria Balloffet,tinenda-de-bebidas-vinotecas-licores,tienda-de-bebidas,https://guiarsanrafael.com.ar/empresa/vineria-balloffet/
51,9314,LIVIER Vinos y Licores,tinenda-de-bebidas-vinotecas-licores,tienda-de-bebidas,https://guiarsanrafael.com.ar/empresa/livier-vinos-y-licores/
51,9315,ENOTRIA Tienda de Bebidas,tinenda-de-bebidas-vinotecas-licores,tienda-de-bebidas,https://guiarsanrafael.com.ar/empresa/enotria-tienda-de-bebidas/
51,9316,La Vinoteca,tinenda-de-bebidas-vinotecas-licores,tienda-de-bebidas,https://guiarsanrafael.com.ar/empresa/la-vinoteca/
51,9320,EL PARQUE Supermercado de Bebidas,regionales-regaleria,tienda-de-bebidas,https://guiarsanrafael.com.ar/empresa/el-parque-supermercado-de-bebidas-2/
51,9321,EL PARQUE Supermercado de Bebidas,licoreria-tienda-de-bebidas,licorerias,https://guiarsanrafael.com.ar/empresa/el-parque-supermercado-de-bebidas-3/
52,9278,SABORES delicatessen,artesanias,artesanias,https://guiarsanrafael.com.ar/empresa/sabores-delicatessen/
52,9279,Secretos del Monte,artesanias,artesanias,https://guiarsanrafael.com.ar/empresa/secretos-del-monte/
52,9280,Almacén Yancanelo,artesanias,aceite-de-oliva,https://guiarsanrafael.com.ar/empresa/almacen-yancanelo/
52,9298,PLAKE Regalos,marroquineria,artesanias,https://guiarsanrafael.com.ar/empresa/placke-regalos/
52,9299,EL ARBOL Tienda de Regionales,artesanias,almacen-natural,https://guiarsanrafael.com.ar/empresa/el-arbol/
52,9300,Cáscara Colorada,fiambrerias,fiamfreria,https://guiarsanrafael.com.ar/empresa/cascara-colorada/
52,9301,CLÁSICO y MODERNO,artesanias,artesanias,https://guiarsanrafael.com.ar/empresa/clasico-y-moderno-2/
52,9317,EL PARQUE Supermercado de Bebidas,tinenda-de-bebidas-vinotecas-licores,licorerias,https://guiarsanrafael.com.ar/empresa/el-parque-supermercado-de-bebidas/
52,9318,GO BAR San Rafael,tinenda-de-bebidas-vinotecas-licores,licorerias,https://guiarsanrafael.com.ar/empresa/go-bar-san-rafael/
52,9319,BERTA Despensa de Vinos,tinenda-de-bebidas-vinotecas-licores,tienda-de-bebidas,https://guiarsanrafael.com.ar/empresa/berta-despensa-de-vinos/
53,9257,JAVIER ALFONSO,kinesiologia-y-fisioterapia,centro-de-rehabilitacion,https://guiarsanrafael.com.ar/empresa/javier-alfonso/
53,9258,ASCLEPIO Centro de Rehabilitación,centro-de-rehabilitacion,centro-de-rehabilitacion,https://guiarsanrafael.com.ar/empresa/asclepio-centro-de-rehabilitacion/
53,9267,Zingarella Regionales,regionales-regaleria,regionales,https://guiarsanrafael.com.ar/empresa/zingarella-regionales/
53,9268,De Nuestra Tierra,regionales-regaleria,artesanias,https://guiarsanrafael.com.ar/empresa/de-nuestra-tierra/
53,9269,4 ESTACIONES REGIONALES,artesanias,artesanias,https://guiarsanrafael.com.ar/empresa/4-estaciones-regionales/
53,9271,Paseo Regional – San Rafael,artesanias,artesanias,https://guiarsanrafael.com.ar/empresa/paseo-regional-san-rafael/
53,9272,Paseo de los Lagos,artesanias,artesanias,https://guiarsanrafael.com.ar/empresa/paseo-de-los-lagos/
53,9275,Distinguida Tradición,artesanias,artesanias,https://guiarsanrafael.com.ar/empresa/9275/
53,9276,Regionales Los Patacones,artesanias,artesanias,https://guiarsanrafael.com.ar/empresa/regionales-los-patacones/
53,9277,Regionales Antú Cayén,artesanias,artesanias,https://guiarsanrafael.com.ar/empresa/regionales-antu-cayen/
54,9221,Natura Art Dietetica,dieteticas-productos-naturales,dieteticas,https://guiarsanrafael.com.ar/empresa/natura-art-dietetica/
54,9222,Nutri Sabor,dieteticas-productos-naturales,dieteticas,https://guiarsanrafael.com.ar/empresa/nutri-sabor/
54,9223,Pachamama Almacen Natural,almacen-natural,almacen-natural,https://guiarsanrafael.com.ar/empresa/pachamama-almacen-natural/
54,9224,DIETÉTICA AZAFRÁN,almacen-celiaco,almacen-celiaco,https://guiarsanrafael.com.ar/empresa/dietetica-azafran/
54,9225,DIETÉTICA PRIMAVERA,almacen-natural,almacen-natural,https://guiarsanrafael.com.ar/empresa/dietetica-primavera/
54,9227,Nutri Tienda,dieteticas-productos-naturales,productos-naturales,https://guiarsanrafael.com.ar/empresa/nutri-tienda/
54,9228,Natural Fruit Tienda Saludable,dieteticas-productos-naturales,productos-naturales,https://guiarsanrafael.com.ar/empresa/natural-fruit-tienda-saludable/
54,9229,Dietética Tomas Todo Suelto,dieteticas-productos-naturales,almacen-natural,https://guiarsanrafael.com.ar/empresa/dietetica-tomas-todo-suelto/
54,9230,Dietetica San Rafael,dieteticas-productos-naturales,dieteticas,https://guiarsanrafael.com.ar/empresa/dietetica-san-rafael/
54,9231,Casa Natural,dieteticas-productos-naturales,dieteticas,https://guiarsanrafael.com.ar/empresa/casa-natural/
55,9216,JV Baterías,baterias,baterias,https://guiarsanrafael.com.ar/empresa/jv-baterias/
55,9217,Acumuladores Mario Stilo,baterias,baterias,https://guiarsanrafael.com.ar/empresa/acumuladores-mario-stilo/
55,9220,El Rincon de los Sabores,almacen-natural,dieteticas,https://guiarsanrafael.com.ar/empresa/el-rincon-de-los-sabores/
55,9232,Grandiet Nicolás,dieteticas-productos-naturales,dieteticas,https://guiarsanrafael.com.ar/empresa/grandiet-nicolas/
55,9233,Dietética Verde Limón,dieteticas-productos-naturales,dieteticas,https://guiarsanrafael.com.ar/empresa/dietetica-verde-limon/
55,9234,FELI ALIMENTOS PARA CELIACOS,almacen-celiaco,almacen-celiaco,https://guiarsanrafael.com.ar/empresa/feli-alimentos-para-celiacos/
55,9235,Vida Sana,almacen-celiaco,almacen-celiaco,https://guiarsanrafael.com.ar/empresa/vida-sana/
55,9236,Pura Vida Gluten Free,dieteticas-productos-naturales,dieteticas,https://guiarsanrafael.com.ar/empresa/pura-vida-gluten-free/
55,9237,Super Sano,dieteticas-productos-naturales,dieteticas,https://guiarsanrafael.com.ar/empresa/super-sano/
55,9238,Natural Fruit,dieteticas-productos-naturales,dieteticas,https://guiarsanrafael.com.ar/empresa/natural-fruit/
56,9103,FRADINAGUA s.r.l.,bombas-de-agua-riego,bombas-de-agua,https://guiarsanrafael.com.ar/empresa/fradinagua-s-r-l/
56,9121,BADIALI Neumáticos,gomerias-neumaticos-gomas-cubiertas,gomeria,https://guiarsanrafael.com.ar/empresa/badiali-neumaticos/
56,9130,CRISTIAN PAPAGNI,cirujanos-cirugia,urologia,https://guiarsanrafael.com.ar/empresa/cristian-papagni/
56,9140,SAN RAFAEL COLOR,pintura-del-automotor-taller,pintura-del-automotor,https://guiarsanrafael.com.ar/empresa/san-rafael-color/
56,9150,MARÍA EMILIA PERÉ,implantes,implantes,https://guiarsanrafael.com.ar/empresa/maria-emilia-pere/
56,9158,ALEJANDRO JACINTO,cardiologia-medico-cardiologo,cardiologia,https://guiarsanrafael.com.ar/empresa/alejandro-jacinto/
56,9173,BATERIAS AGUIRRE,baterias,baterias,https://guiarsanrafael.com.ar/empresa/baterias-aguirre/
56,9211,LA CASA DE LAS BATERIAS,baterias,baterias,https://guiarsanrafael.com.ar/empresa/la-casa-de-las-baterias/
56,9214,Baterias Toledano,baterias,baterias,https://guiarsanrafael.com.ar/empresa/baterias-toledano/
56,9215,Baterías San Rafael,baterias,baterias,https://guiarsanrafael.com.ar/empresa/baterias-san-rafael/
57,9014,Merino Hnos.,pinturerias-impermeabilizantes,pinturerias,https://guiarsanrafael.com.ar/empresa/merino-hnos/
57,9020,PINTURERIA LUGANE,pintura-del-automotor-taller,pintura-del-automotor,https://guiarsanrafael.com.ar/empresa/pintureria-lugane/
57,9021,PINTURERIA AVENIDA,pinturerias-impermeabilizantes,pinturerias,https://guiarsanrafael.com.ar/empresa/pintureria-avenida/
57,9022,Mindo Sáez Pinturería,pinturerias-impermeabilizantes,pinturerias,https://guiarsanrafael.com.ar/empresa/mindo-saez-pintureria-3/
57,9025,Pinturerias Libertador,pinturerias-impermeabilizantes,pinturerias,https://guiarsanrafael.com.ar/empresa/pinturerias-libertador-2/
57,9026,Mindo Sáez Pinturería,pinturerias-impermeabilizantes,pinturerias,https://guiarsanrafael.com.ar/empresa/mindo-saez-pintureria-4/
57,9031,YESO PLACK,aislantes-impemeabilizantes,aislantes-2,https://guiarsanrafael.com.ar/empresa/yeso-plack-2/
57,9040,M. LOURDES PEREZ,productor-de-seguros,productor-de-seguros,https://guiarsanrafael.com.ar/empresa/m-lourdes-perez/
57,9073,PABLO MARTOS,clinica-medica,clinica-medica,https://guiarsanrafael.com.ar/empresa/pablo-martos/
57,9095,HONU Cocinamos con Pasión,casa-de-comidas-rotiseria-viandas,casa-de-comidas,https://guiarsanrafael.com.ar/empresa/honu-cocinamos-con-pasion/
58,8944,Soleado Departamentos,alojamiento-cabanas-camping,alojamientos,https://guiarsanrafael.com.ar/empresa/soleado-departamentos/
58,8948,Posada Boutique La Barrica,alojamiento-cabanas-camping,alojamientos,https://guiarsanrafael.com.ar/empresa/posada-boutique-la-barrica/
58,8954,Hostel Sigrum,alojamiento-cabanas-camping,alojamientos,https://guiarsanrafael.com.ar/empresa/hostel-sigrum/
58,8970,LECLA Reparación de Electrodomésticos,electrodomesticos-repuestos,repuestos-de-electrodomesticos,https://guiarsanrafael.com.ar/empresa/lecla-reparacion-de-electrodomesticos/
58,8975,LUJOS LIBRERIAS 3,artistica,artisticas,https://guiarsanrafael.com.ar/empresa/lujos-librerias-3/
58,8976,LUJOS LIBRERIAS,artistica,artisticas,https://guiarsanrafael.com.ar/empresa/lujos-librerias/
58,9015,Mindo Sáez Pinturería,pinturerias-impermeabilizantes,pinturerias,https://guiarsanrafael.com.ar/empresa/mindo-saez-pintureria/
58,9016,Mindo Sáez Pinturería,pinturerias-impermeabilizantes,pinturerias,https://guiarsanrafael.com.ar/empresa/mindo-saez-pintureria-2/
58,9017,Del Centro Pinturerías,pinturerias-impermeabilizantes,pinturerias,https://guiarsanrafael.com.ar/empresa/del-centro-pinturerias/
58,9029,Pinturerías Libertador,pinturerias-impermeabilizantes,pinturerias,https://guiarsanrafael.com.ar/empresa/pinturerias-libertador/
59,8898,Patios del Mediterráneo,alojamiento-cabanas-camping,alojamientos,https://guiarsanrafael.com.ar/empresa/patios-del-mediterraneo-2/
59,8899,Andinos del Nevado,complejo-turisticos,alojamientos,https://guiarsanrafael.com.ar/empresa/andinos-del-nevado/
59,8907,Complejo Miguel Cané,complejo-turisticos,alojamientos,https://guiarsanrafael.com.ar/empresa/complejo-miguel-cane/
59,8909,Finca La Escondida,apar-thotel,apart-hotel,https://guiarsanrafael.com.ar/empresa/finca-la-escondida/
59,8916,San Rafael Group,alojamiento-cabanas-camping,alojamientos,https://guiarsanrafael.com.ar/empresa/san-rafael-group/
59,8921,Olivos y Retamos,complejo-turisticos,alojamientos,https://guiarsanrafael.com.ar/empresa/olivos-y-retamos/
59,8925,Privilegio Hostel,alojamiento-cabanas-camping,alojamientos,https://guiarsanrafael.com.ar/empresa/privilegio-hostel/
59,8933,Amukan Guest House,alojamiento-cabanas-camping,alojamientos,https://guiarsanrafael.com.ar/empresa/amukan-guest-house/
59,8939,Cabañas Canaan,alojamiento-cabanas-camping,alojamientos,https://guiarsanrafael.com.ar/empresa/cabanas-canaan/
59,8940,Cabañas Villa de Lujan,cabanas-alquiler,alojamientos,https://guiarsanrafael.com.ar/empresa/cabanas-villa-de-lujan-2/
60,8820,CERRAJERIA MITRE,cerrajerias,cerrajerias,https://guiarsanrafael.com.ar/empresa/cerrajeria-mitre/
60,8826,Ortopedia Tavanti,ortopedias,,https://guiarsanrafael.com.ar/empresa/ortopedia-tavanti/
60,8827,ORTOPEDIA PROSAR,ortopedias,ortopedias,https://guiarsanrafael.com.ar/empresa/ortopedia-prosar/
60,8832,NUEVA CASA ARTIGAS,electrodomesticos-repuestos,repuestos-de-electrodomesticos,https://guiarsanrafael.com.ar/empresa/nueva-casa-artigas/
60,8838,COMPLEJO DERQUI,alojamiento-cabanas-camping,complejos-turisticos,https://guiarsanrafael.com.ar/empresa/complejo-derqui/
60,8848,ESTILO APART,cabanas-alquiler,complejos-turisticos,https://guiarsanrafael.com.ar/empresa/estilo-apart/
60,8877,Departamentos Alsina,departamentos-turisticos-alquiler,departamentos-turisticos,https://guiarsanrafael.com.ar/empresa/departamentos-alsina/
60,8884,Araucaria Resort,complejo-turisticos,alojamientos,https://guiarsanrafael.com.ar/empresa/araucaria-resort/
60,8889,EL VIEJO NARANJO,departamentos-turisticos-alquiler,alojamientos,https://guiarsanrafael.com.ar/empresa/el-viejo-naranjo/
60,8893,Apartamentos Boulevard,departamentos-turisticos-alquiler,alojamientos,https://guiarsanrafael.com.ar/empresa/apartamentos-boulevard/
61,8751,SIMON GOTTERO estilista,barberias-peluqueria-barberos,barberias,https://guiarsanrafael.com.ar/empresa/simon-gottero-estilista/
61,8759,BARBA NEGRA Barberia,barberias-peluqueria-barberos,barberias,https://guiarsanrafael.com.ar/empresa/barba-negra-barberia/
61,8765,PESCADERIA EGEA,mariscos-pescaderias,mariscos,https://guiarsanrafael.com.ar/empresa/pescaderia-egea/
61,8773,MARTIN WELCH Estilista,centro-de-estetica,barberias,https://guiarsanrafael.com.ar/empresa/martin-welch-estilista/
61,8781,EDUARDO DI CESARE,gastroenterologia,gastroenterologia,https://guiarsanrafael.com.ar/empresa/eduardo-di-cesare/
61,8790,SERVICAR Autoelevadores,autoelevadores,,https://guiarsanrafael.com.ar/empresa/servica-autoelevadores/
61,8793,ALFREDO ARNEDILLO,bioquimicos-laboratorio,bioquimicos,https://guiarsanrafael.com.ar/empresa/alfredo-arnedillo/
61,8801,CABAÑAS El Alamo Blanco,alojamiento-cabanas-camping,alojamientos,https://guiarsanrafael.com.ar/empresa/cabanas-el-alamo-blanco/
61,8807,ANDREA TURESSO Bienes Raices,administraciones-alquileres-inmobiliarias,administraciones,https://guiarsanrafael.com.ar/empresa/andrea-turesso-bienes-raices/
61,8813,CUMBREIN Inversiones Inmobiliarias,inmobiliarias-alquileres-lotes-corredor-publico-inmobiliario-administraciones,administraciones,https://guiarsanrafael.com.ar/empresa/cumbrein-inversiones-inmobiliarias/
62,8676,Grossa Mora,confiterias-reposteria,confiteria,https://guiarsanrafael.com.ar/empresa/grossa-mora/
62,8677,A La Flauta,panaderias,confiteria,https://guiarsanrafael.com.ar/empresa/a-la-flauta/
62,8680,MICA BEAUTY Instituto de Estética,academia,academias,https://guiarsanrafael.com.ar/empresa/mica-beauty-instituto-de-estetica/
62,8684,BARRIOS & ASOCIADOS Inmobiliaria,administraciones-alquileres-inmobiliarias,administraciones,https://guiarsanrafael.com.ar/empresa/barrios-asociados-inmobiliaria/
62,8701,NAMIBIA Animal Hose,alimentos-balanceados,alimentos-balanceados,https://guiarsanrafael.com.ar/empresa/namibia-animal-hose/
62,8714,TOYO SERVIS Automotores,agencia-de-autos-automotores,agencia-de-autos,https://guiarsanrafael.com.ar/empresa/toyo-servis-automotores/
62,8725,DNR Detailing,estetica-vehicular-tuning,estetica-vehicular,https://guiarsanrafael.com.ar/empresa/dnr-detailing/
62,8734,NICOL MOLINA,kinesiologia-y-fisioterapia,centro-de-rehabilitacion,https://guiarsanrafael.com.ar/empresa/nicol-molina/
62,8741,ROBERTO FRENOS,frenos-taller-repuestos,frenos,https://guiarsanrafael.com.ar/empresa/roberto-frenos/
62,8747,BERNARDI Servicio de Frenos,frenos-taller-repuestos,frenos,https://guiarsanrafael.com.ar/empresa/bernardi-servicio-de-frenos/
63,8640,La Granadina,panaderias,panaderia,https://guiarsanrafael.com.ar/empresa/la-granadina/
63,8641,Alma Dulce Panadería,panaderias,panaderia,https://guiarsanrafael.com.ar/empresa/alma-dulce-panaderia/
63,8668,SABORES Panadería & Confitería,confiterias-reposteria,panaderia,https://guiarsanrafael.com.ar/empresa/sabores-panaderia-confiteria/
63,8669,La Patagónica,panaderias,panaderia,https://guiarsanrafael.com.ar/empresa/la-patagonica/
63,8670,Alma Dulce Panadería,confiterias-reposteria,panaderia,https://guiarsanrafael.com.ar/empresa/alma-dulce-panaderia-2/
63,8671,El Fortín Panadería & Café,cafeterias-cafe-desayunos,panaderia,https://guiarsanrafael.com.ar/empresa/el-fortin-panaderia-cafe/
63,8672,Panadería Jireh,panaderias,panaderia,https://guiarsanrafael.com.ar/empresa/panaderia-jireh/
63,8673,La Delicia Del Boulevard,casa-de-te,confiteria,https://guiarsanrafael.com.ar/empresa/la-delicia-del-boulevard/
63,8674,Shopping del Panadero,distribuidoras,equipamientos-comerciales,https://guiarsanrafael.com.ar/empresa/shopping-del-panadero/
63,8675,La Andaluza,fabrica-de-pastas,fabrica-de-pastas,https://guiarsanrafael.com.ar/empresa/la-andaluza/
64,8647,Le Boulanger,cafeterias-cafe-desayunos,confiteria,https://guiarsanrafael.com.ar/empresa/le-boulanger-3/
64,8648,Le Boulanger,cafeterias-cafe-desayunos,confiteria,https://guiarsanrafael.com.ar/empresa/le-boulanger-4/
64,8650,Panificadora El Granadino,confiterias-reposteria,confiteria,https://guiarsanrafael.com.ar/empresa/panificadora-el-granadino-260-482-0480/
64,8651,Panadería La Unión,panaderias,confiteria,https://guiarsanrafael.com.ar/empresa/panaderia-la-union/
64,8653,San Francisco,panaderias,confiteria,https://guiarsanrafael.com.ar/empresa/san-francisco/
64,8654,Pan y Manteca,panaderias,panaderia,https://guiarsanrafael.com.ar/empresa/pan-y-manteca/
64,8655,La Granadina Artesanal,confiterias-reposteria,confiteria,https://guiarsanrafael.com.ar/empresa/la-granadina-artesanal/
64,8656,Panadería El Fortín,confiterias-reposteria,panaderia,https://guiarsanrafael.com.ar/empresa/panaderia-el-fortin/
64,8657,Panadería El Nihuil,panaderias,panaderia,https://guiarsanrafael.com.ar/empresa/panaderia-el-nihuil/
64,8658,Bon Jour Panaderia,panaderias,panaderia,https://guiarsanrafael.com.ar/empresa/bon-jour-panaderia/
65,8616,Sandra Marzzan  Perfumería,perfrumerias-cosmeticos-cosmetica,cosmetica-perfumeria,https://guiarsanrafael.com.ar/empresa/sandra-marzzan-perfumeria/
65,8618,La Sureña Tienda de Cosméticos,cosmetica-cosmetologia-cosmetologa-cosmiatra,cosmetica-perfumeria,https://guiarsanrafael.com.ar/empresa/la-surena-tienda-de-cosmeticos/
65,8619,Perfumeria Wapas,perfrumerias-cosmeticos-cosmetica,cosmetica-perfumeria,https://guiarsanrafael.com.ar/empresa/perfumeria-wapas/
65,8620,Perfumería Capilar,perfrumerias-cosmeticos-cosmetica,cosmetica-perfumeria,https://guiarsanrafael.com.ar/empresa/perfumeria-capilar/
65,8638,RUDA Cosmética Natural,cosmetica-cosmetologia-cosmetologa-cosmiatra,cosmetica-perfumeria,https://guiarsanrafael.com.ar/empresa/ruda-cosmetica-natural/
65,8639,Uvas Cosméticos,cosmetica-cosmetologia-cosmetologa-cosmiatra,cosmetica-perfumeria,https://guiarsanrafael.com.ar/empresa/uvas-cosmeticos-tomas-godoy-cruz-60-260-429-3340/
65,8643,Panadería Crikas,confiterias-reposteria,panaderia,https://guiarsanrafael.com.ar/empresa/panaderia-crikas/
65,8644,Le Chateau  Panadería,confiterias-reposteria,panaderia,https://guiarsanrafael.com.ar/empresa/le-chateau-panaderia/
65,8645,Le Boulanger,cafeterias-cafe-desayunos,confiteria,https://guiarsanrafael.com.ar/empresa/le-boulanger/
65,8646,Le Boulanger,cafeterias-cafe-desayunos,confiteria,https://guiarsanrafael.com.ar/empresa/le-boulanger-2/
66,8541,CMV Alarmas & Electrónica,alarmas,alarmas,https://guiarsanrafael.com.ar/empresa/cmv-alarmas-electronica/
66,8542,ORIGEN NATURAL,almacen-natural,productos-naturales,https://guiarsanrafael.com.ar/empresa/origen-natural/
66,8550,ACEROS DEFER S.A.,ferreteria-industrial,buloneras,https://guiarsanrafael.com.ar/empresa/aceros-defer-s-a/
66,8552,CRISTALES LOPEZ,cristaleria-vidrios,cristalerias,https://guiarsanrafael.com.ar/empresa/cristales-lopez/
66,8559,BROS ADN BURGUER,casa-de-comidas-rotiseria-viandas,casa-de-comidas,https://guiarsanrafael.com.ar/empresa/bros-adn-burguer/
66,8575,MODULOS SAN RAFAEL,accesorios-de-telefonia-celular,accesorios-de-telefonia,https://guiarsanrafael.com.ar/empresa/modulos-san-rafael/
66,8615,Mora Perfumería,cosmetica-cosmetologia-cosmetologa-cosmiatra,perfumeria,https://guiarsanrafael.com.ar/empresa/mora-perfumeria/
66,8617,GLAMAR Perfumería,perfrumerias-cosmeticos-cosmetica,cosmetica-perfumeria,https://guiarsanrafael.com.ar/empresa/glamar-perfumeria/
66,8622,Perfumería Irupé,cosmetica-cosmetologia-cosmetologa-cosmiatra,perfumeria,https://guiarsanrafael.com.ar/empresa/perfumeria-irupe/
66,8623,Elysée Perfumería,perfrumerias-cosmeticos-cosmetica,cosmetica-perfumeria,https://guiarsanrafael.com.ar/empresa/elysee-perfumeria/
67,8524,Linea Hogar,articulos-de-limpieza-todo-suelto,articulos-de-limpieza,https://guiarsanrafael.com.ar/empresa/linea-hogar/
67,8525,Mr. Clean,articulos-de-limpieza-todo-suelto,articulos-de-limpieza,https://guiarsanrafael.com.ar/empresa/mr-clean/
67,8526,La Magia del Sol,articulos-de-limpieza-todo-suelto,articulos-de-limpieza,https://guiarsanrafael.com.ar/empresa/la-magia-del-sol/
67,8528,Centro de la Limpieza Alberdi,articulos-de-limpieza-todo-suelto,articulos-de-limpieza,https://guiarsanrafael.com.ar/empresa/centro-de-la-limpieza-alberdi-pichincha-885/
67,8529,La Magia del Sol,articulos-de-limpieza-todo-suelto,articulos-de-limpieza,https://guiarsanrafael.com.ar/empresa/la-magia-del-sol-2/
67,8530,DESTILERIA CUYO,articulos-de-limpieza-todo-suelto,articulos-de-limpieza,https://guiarsanrafael.com.ar/empresa/destileria-cuyo/
67,8533,Centro de la Limpieza,articulos-de-limpieza-todo-suelto,articulos-de-limpieza,https://guiarsanrafael.com.ar/empresa/centro-de-la-limpieza/
67,8534,La Loca de la Limpieza,articulos-de-limpieza-todo-suelto,,https://guiarsanrafael.com.ar/empresa/la-loca-de-la-limpieza/
67,8535,Los Reyes de la Limpieza,articulos-de-limpieza-todo-suelto,articulos-de-limpieza,https://guiarsanrafael.com.ar/empresa/los-reyes-de-la-limpieza/
67,8536,JR ALARMAS,alarmas,alarmas,https://guiarsanrafael.com.ar/empresa/jr-alarmas/
68,8489,ACOSTA Vidrios,cristaleria-vidrios,cristalerias,https://guiarsanrafael.com.ar/empresa/acosta-vidrios/
68,8490,SED Seguridad Electrónica Digital,alarmas,alarmas,https://guiarsanrafael.com.ar/empresa/sed-seguridad-electronica-digital/
68,8491,SUSHI KOSHI,casa-de-comidas-rotiseria-viandas,casa-de-comidas,https://guiarsanrafael.com.ar/empresa/sushi-koshi/
68,8507,CASA TRES Cortinas y Toldos,cortinados,cortinados,https://guiarsanrafael.com.ar/empresa/casa-tres-cortinas-y-toldos/
68,8508,Díaz Goma,articulos-de-goma,articulos-de-goma,https://guiarsanrafael.com.ar/empresa/diaz-goma/
68,8510,Goma Sur s.r.l.,articulos-de-goma,articulos-de-goma,https://guiarsanrafael.com.ar/empresa/goma-sur-s-r-l/
68,8518,TORRES Portones Automáticos,automatizaciones,automatizaciones,https://guiarsanrafael.com.ar/empresa/torres-portones-automaticos/
68,8520,LIMPIC Fábrica de Productos de Limpieza,articulos-de-limpieza-todo-suelto,articulos-de-limpieza,https://guiarsanrafael.com.ar/empresa/limpic-fabrica-de-productos-de-limpieza/
68,8521,Mape Limpieza,articulos-de-limpieza-todo-suelto,articulos-de-limpieza,https://guiarsanrafael.com.ar/empresa/mape-limpieza/
68,8523,Casa de la Limpieza,articulos-de-limpieza-todo-suelto,articulos-de-limpieza,https://guiarsanrafael.com.ar/empresa/casa-de-la-limpieza/
69,8478,Malanca Agro Maquinarias,insulos-agricolas-riego,maquinarias-agricolas,https://guiarsanrafael.com.ar/empresa/malanca-agro-maquinarias-srl-proveedor-de-equipos-agricolas/
69,8479,Mecánica Campos,mecanica-del-automotor-automotriz,mecanica-del-automotor,https://guiarsanrafael.com.ar/empresa/mecanica-campos/
69,8480,GS MECANICA INTEGRAL,suspencion-tren-delantero,mecanica-del-automotor,https://guiarsanrafael.com.ar/empresa/gs-mecanica-integral/
69,8481,Mecánica Pedrosa,mecanica-del-automotor-automotriz,mecanica-del-automotor,https://guiarsanrafael.com.ar/empresa/mecanica-pedrosa/
69,8482,RPM Suspensiones,mecanica-de-motos,mecanica-de-motos,https://guiarsanrafael.com.ar/empresa/rpm-suspensiones/
69,8483,Taller Mecánico JSR-NM,mecanica-del-automotor-automotriz,mecanica-del-automotor,https://guiarsanrafael.com.ar/empresa/taller-mecanico-jsr-nm/
69,8484,Taller Integral del Automotor,mecanica-del-automotor-automotriz,mecanica-del-automotor,https://guiarsanrafael.com.ar/empresa/taller-integral-del-automotor/
69,8485,Francisco Pedrosa e Hijo,,mecanica-del-automotor,https://guiarsanrafael.com.ar/empresa/francisco-pedrosa-e-hijo/
69,8486,DIAGNOSTICAR Taller Mecánico,mecanica-del-automotor-automotriz,mecanica-del-automotor,https://guiarsanrafael.com.ar/empresa/diagnosticar-taller-mecanico/
69,8487,PACHU Auxilio Mecánico,auxilio-mecanico-gruas,auxilio-mecanico,https://guiarsanrafael.com.ar/empresa/pachu-auxilio-mecanico/
70,8443,MOTOTOUR RENTAL  Alquiler de motos,agencias-de-motos,accesorios-para-motos,https://guiarsanrafael.com.ar/empresa/mototour-rental-alquiler-de-motos/
70,8460,ANDES MOTORS,agencias-de-motos,agencias-de-motos,https://guiarsanrafael.com.ar/empresa/andes-motors/
70,8461,Benelli Frascaroli Bikes,agencias-de-motos,agencias-de-motos,https://guiarsanrafael.com.ar/empresa/benelli-frascaroli-bikes/
70,8462,Taller de Motos Giménez,mecanica-de-motos,mecanica-de-motos,https://guiarsanrafael.com.ar/empresa/taller-de-motos-gimenez/
70,8463,Marchetti Motos,agencias-de-motos,accesorios-para-motos,https://guiarsanrafael.com.ar/empresa/marchetti-motos/
70,8470,FERTRAC S.A. Fernando Terroba,maquinarias-agricolas,maquinarias-agricolas,https://guiarsanrafael.com.ar/empresa/fertrac-s-a-fernando-terroba/
70,8474,San Rafael Agrícola,maquinarias-agricolas,maquinarias-agricolas,https://guiarsanrafael.com.ar/empresa/san-rafael-agricola/
70,8475,Diesel Lange SRL,automotores,mecanica-de-tractores,https://guiarsanrafael.com.ar/empresa/diesel-lange-srl/
70,8476,Tractores Romero,maquinarias-agricolas,maquinarias-agricolas,https://guiarsanrafael.com.ar/empresa/tractores-romero/
70,8477,Agro Giambenedetti,maquinarias-agricolas,insumos-agricolas,https://guiarsanrafael.com.ar/empresa/agro-giambenedetti/
71,8444,San Rafael Motos Quads,mecanica-de-motos,mecanica-de-motos,https://guiarsanrafael.com.ar/empresa/san-rafael-motos-quads/
71,8446,OESTE MOTOS Mecánica & Repuestos,mecanica-de-motos,accesorios-para-motos,https://guiarsanrafael.com.ar/empresa/oeste-motos/
71,8447,Cameruccio Motos,mecanica-de-motos,mecanica-de-motos,https://guiarsanrafael.com.ar/empresa/cameruccio-motos/
71,8448,Herrera Motos,mecanica-de-motos,mecanica-de-motos,https://guiarsanrafael.com.ar/empresa/herrera-motos/
71,8464,Pueyrredon Motos,agencias-de-motos,agencias-de-motos,https://guiarsanrafael.com.ar/empresa/pueyrredon-motos/
71,8465,Moto Amigo San Rafael,agencias-de-motos,agencias-de-motos,https://guiarsanrafael.com.ar/empresa/moto-amigo-san-rafael/
71,8466,Tano Motos,electricidad-de-motos,mecanica-de-motos,https://guiarsanrafael.com.ar/empresa/tano-motos/
71,8467,Módica Motos,agencias-de-motos,agencias-de-motos,https://guiarsanrafael.com.ar/empresa/modica-motos/
71,8468,Solo Moto,repuestos-de-motos,accesorios-para-motos,https://guiarsanrafael.com.ar/empresa/solo-moto/
71,8469,SARTORI Motos y Quads,repuestos-de-motos,accesorios-para-motos,https://guiarsanrafael.com.ar/empresa/sartori-motos-y-quads/
72,8437,S.I.L.A. Repuestos,articulos-para-el-hogar-bazar,repuestos-de-electrodomesticos,https://guiarsanrafael.com.ar/empresa/s-i-l-a-repuestos/
72,8438,Embragues Margui,repuestos-del-automotor-autopartes,repuestos-del-automotor,https://guiarsanrafael.com.ar/empresa/embragues-margui/
72,8442,SM Motos Repuestos & Mecanica,mecanica-de-motos,accesorios-para-motos,https://guiarsanrafael.com.ar/empresa/sm-motos/
72,8445,Ariel Marin Motos,repuestos-de-motos,accesorios-para-motos,https://guiarsanrafael.com.ar/empresa/8445/
72,8449,Motos Cornachione,mecanica-de-motos,mecanica-de-motos,https://guiarsanrafael.com.ar/empresa/motos-cornachione/
72,8450,Mx Motos,agencias-de-motos,accesorios-para-motos,https://guiarsanrafael.com.ar/empresa/mx-motos/
72,8451,Dakar Motos,neumaticos-gomerias,neumaticos-gomas,https://guiarsanrafael.com.ar/empresa/dakar-motos/
72,8452,MOTO RACING,accesorios-para-motos,accesorios-para-motos,https://guiarsanrafael.com.ar/empresa/moto-racing/
72,8454,RM Ramiro Motos,repuestos-de-motos,accesorios-para-motos,https://guiarsanrafael.com.ar/empresa/rm-ramiro-motos/
72,8455,Atuel Motos,agencias-de-motos,accesorios-para-motos,https://guiarsanrafael.com.ar/empresa/atuel-motos/
73,8411,Mario C. Atencio S.A.,repuestos-del-automotor-autopartes,repuestos-del-automotor,https://guiarsanrafael.com.ar/empresa/mario-c-atencio-s-a-2/
73,8428,Alpa Repuestos,repuestos-del-automotor-autopartes,repuestos-del-automotor,https://guiarsanrafael.com.ar/empresa/alpa-repuestos/
73,8429,Auto Rumbo S.r.l.,repuestos-del-automotor-autopartes,autopartes,https://guiarsanrafael.com.ar/empresa/auto-rumbo-s-r-l/
73,8430,Aconcagua Repuestos,repuestos-del-automotor-autopartes,autopartes,https://guiarsanrafael.com.ar/empresa/aconcagua-repuestos/
73,8431,Autopartes Alberdi S.A,repuestos-de-camiones,autopartes,https://guiarsanrafael.com.ar/empresa/autopartes-alberdi-s-a/
73,8432,Ralsy Repuestos,repuestos-del-automotor-autopartes,autopartes,https://guiarsanrafael.com.ar/empresa/ralsy-repuestos/
73,8433,Bay Rodamientos,repuestos-del-automotor-autopartes,autopartes,https://guiarsanrafael.com.ar/empresa/bay-rodamientos/
73,8434,Warnes 2001 Multirepuestos,autopartes,autopartes,https://guiarsanrafael.com.ar/empresa/warnes-2001-multirepuestos/
73,8440,Parabrisas Multichapa,autopartes,autopartes,https://guiarsanrafael.com.ar/empresa/parabrisas-multichapa/
73,8441,Autopartes Politano,autopartes,autopartes,https://guiarsanrafael.com.ar/empresa/autopartes-politano/
74,8412,Merenda Electricidad,electricidad-del-automotor,electricidad-del-automotor,https://guiarsanrafael.com.ar/empresa/merenda-electricidad/
74,8413,Salvo Repuestos,repuestos-del-automotor-autopartes,repuestos-del-automotor,https://guiarsanrafael.com.ar/empresa/salvo-repuestos/
74,8414,FRENOS BOCCHIA,frenos-taller-repuestos,frenos,https://guiarsanrafael.com.ar/empresa/frenos-bocchia/
74,8415,La Torre Frenos y Servicio,frenos-taller-repuestos,frenos,https://guiarsanrafael.com.ar/empresa/la-torre-frenos-y-servicio/
74,8417,LA CASA del NEUMATICO,autopartes,autopartes,https://guiarsanrafael.com.ar/empresa/la-casa-del-neumatico/
74,8418,Casa José Chiabrando,repuestos-del-automotor-autopartes,autopartes,https://guiarsanrafael.com.ar/empresa/casa-jose-chiabrando/
74,8419,Andy Gomas,articulos-de-goma,articulos-de-goma,https://guiarsanrafael.com.ar/empresa/andy-gomas/
74,8420,Mecánica Franceschini,alineacion-y-balanceo,alineacion-y-balanceo,https://guiarsanrafael.com.ar/empresa/mecanica-franceschini/
74,8422,Todo Chapa,autopartes,autopartes,https://guiarsanrafael.com.ar/empresa/todo-chapa/
74,8426,Repuestos Detroit,repuestos-del-automotor-autopartes,autopartes,https://guiarsanrafael.com.ar/empresa/repuestos-detroit/
75,8399,Organización Cerbetto,repuestos-del-automotor-autopartes,repuestos-del-automotor,https://guiarsanrafael.com.ar/empresa/organizacion-cerbetto/
75,8400,PROCAR REPUESTOS FORD,repuestos-del-automotor-autopartes,autopartes,https://guiarsanrafael.com.ar/empresa/procar-repuestos-ford/
75,8401,REPUESTOS ALEAGA,repuestos-del-automotor-autopartes,repuestos-del-automotor,https://guiarsanrafael.com.ar/empresa/repuestos-aleaga/
75,8402,Bermudez Repuestos,repuestos-del-automotor-autopartes,repuestos-del-automotor,https://guiarsanrafael.com.ar/empresa/bermudez-repuestos/
75,8403,FATMAX ALEAGA,autopartes,autopartes,https://guiarsanrafael.com.ar/empresa/fatmax-aleaga/
75,8405,INTER MOTOR,repuestos-del-automotor-autopartes,autopartes,https://guiarsanrafael.com.ar/empresa/inter-motor/
75,8406,Ramos Repuestos Fiat,repuestos-del-automotor-autopartes,autopartes,https://guiarsanrafael.com.ar/empresa/ramos-repuestos-fiat/
75,8407,RC Repuestos Competición,electricidad-del-automotor,autopartes,https://guiarsanrafael.com.ar/empresa/rc-repuestos-competicion/
75,8408,Repuestos Fatmax,repuestos-del-automotor-autopartes,autopartes,https://guiarsanrafael.com.ar/empresa/repuestos-fatmax/
75,8421,Repuestos Juan Carlos,electrodomesticos-repuestos,repuestos-de-electrodomesticos,https://guiarsanrafael.com.ar/empresa/8421/
76,8356,S Gráfica,carteleria-graficas-ploteados-letreros,carteleria,https://guiarsanrafael.com.ar/empresa/s-grafica/
76,8371,SANGUCHETO Moreno,casa-de-comidas-rotiseria-viandas,casa-de-comidas,https://guiarsanrafael.com.ar/empresa/sangucheto-moreno/
76,8383,BETO Repuestos,electricidad-del-automotor,autopartes,https://guiarsanrafael.com.ar/empresa/beto-repuestos/
76,8391,AUTOSUR s.r.l.,autopartes,autopartes,https://guiarsanrafael.com.ar/empresa/autosur-srl/
76,8393,Repuestos Sarmiento,autopartes,autopartes,https://guiarsanrafael.com.ar/empresa/repuestos-sarmiento/
76,8394,Mario C. Atencio s.a.,repuestos-del-automotor-autopartes,repuestos-del-automotor,https://guiarsanrafael.com.ar/empresa/mario-c-atencio-s-a/
76,8395,Salvo Repuestos 2,repuestos-del-automotor-autopartes,autopartes,https://guiarsanrafael.com.ar/empresa/salvo-repuestos-2/
76,8396,CASA RUIMOL Repuestos y Accesorios,accesorios-para-el-aumomotor,cerrajerias,https://guiarsanrafael.com.ar/empresa/casa-ruimol/
76,8397,Repuestos Ruben,repuestos-del-automotor-autopartes,repuestos-del-automotor,https://guiarsanrafael.com.ar/empresa/repuestos-ruben/
76,8398,Julián Ruiz y Cia s.r.l.,repuestos-del-automotor-autopartes,repuestos-del-automotor,https://guiarsanrafael.com.ar/empresa/julian-ruiz-y-cia-s-r-l/
77,8289,MACARENA CARRETERO,abogados-abogadas-estudios-juridicos,abogadas,https://guiarsanrafael.com.ar/empresa/macarena-carretero/
77,8292,MEGAZORD Comics,comiqueria-juguetria,comiqueria,https://guiarsanrafael.com.ar/empresa/megazord-comics/
77,8296,TOLEDO Electricidad,electricidad-iluminacion,electricidad,https://guiarsanrafael.com.ar/empresa/toledo-electricidad/
77,8308,TIERRA DE MASCOTAS,alimentos-balanceados,alimentos-balanceados,https://guiarsanrafael.com.ar/empresa/tierra-de-mascotas/
77,8315,SILVINA FORNES,escribanias-escribanos-escribanas-mandatario-mandataria-notarios-notarias,escribanas,https://guiarsanrafael.com.ar/empresa/silvina-fornes/
77,8318,CAF Constructora,aislantes-impemeabilizantes,aislantes-2,https://guiarsanrafael.com.ar/empresa/caf-constructora/
77,8326,FABIAN SORVERA,estudios-tecnicos-arquitectura-ingieneria,estudios-tecnicos,https://guiarsanrafael.com.ar/empresa/fabian-sorvera/
77,8329,BRUNO PIASTRELLINI,implantes,odontologia,https://guiarsanrafael.com.ar/empresa/bruno-piastrellini/
77,8343,MI MOMENTO Estilistas,barberias-peluqueria-barberos,barberias,https://guiarsanrafael.com.ar/empresa/mi-momento-estilistas/
77,8344,DAIANA COBOS,odontologia,odontologia,https://guiarsanrafael.com.ar/empresa/daiana-cobos-2/
78,8242,SIDOTI Danisa,escribanias-escribanos-escribanas-mandatario-mandataria-notarios-notarias,escribanas,https://guiarsanrafael.com.ar/empresa/sidoti-danisa/
78,8248,TAPIA Leonardo César,escribanias-escribanos-escribanas-mandatario-mandataria-notarios-notarias,escribanias,https://guiarsanrafael.com.ar/empresa/tapia-leonardo-cesar/
78,8249,TELESCA KUZEL Gabriela Eliana,escribanias-escribanos-escribanas-mandatario-mandataria-notarios-notarias,escribanas,https://guiarsanrafael.com.ar/empresa/telesca-kuzel-gabriela-eliana/
78,8250,TOLEDO Daniela Noemi,escribanias-escribanos-escribanas-mandatario-mandataria-notarios-notarias,escribanas,https://guiarsanrafael.com.ar/empresa/toledo-daniela-noemi/
78,8251,TERROBA Gabriela,escribanias-escribanos-escribanas-mandatario-mandataria-notarios-notarias,escribanas,https://guiarsanrafael.com.ar/empresa/terroba-gabriela/
78,8252,TORRECILLA Verónica Del Carmen,escribanias-escribanos-escribanas-mandatario-mandataria-notarios-notarias,escribanas,https://guiarsanrafael.com.ar/empresa/torrecilla-veronica-del-carmen/
78,8253,TORRECILLA María Belén,escribanias-escribanos-escribanas-mandatario-mandataria-notarios-notarias,escribanas,https://guiarsanrafael.com.ar/empresa/torrecilla-maria-belen/
78,8254,VOTTERO DE MARIANI Viviana,escribanias-escribanos-escribanas-mandatario-mandataria-notarios-notarias,escribanas,https://guiarsanrafael.com.ar/empresa/vottero-de-mariani-viviana/
78,8275,CLV Glow Beauty,centro-de-estetica,centro-de-estetica,https://guiarsanrafael.com.ar/empresa/cvl-glow-beauti/
78,8283,MI COTILLON,cotillon,cotillon,https://guiarsanrafael.com.ar/empresa/mi-cotillon/
79,8228,ROMERO Marcela Mariana,escribanias-escribanos-escribanas-mandatario-mandataria-notarios-notarias,escribanas,https://guiarsanrafael.com.ar/empresa/romero-marcela-mariana/
79,8230,ROSALES FERNÁNDEZ Cecilia Vanesa,escribanias-escribanos-escribanas-mandatario-mandataria-notarios-notarias,escribanas,https://guiarsanrafael.com.ar/empresa/rosales-fernandez-cecilia-vanesa/
79,8231,RUIZ Daniel Fabian,escribanias-escribanos-escribanas-mandatario-mandataria-notarios-notarias,escribanias,https://guiarsanrafael.com.ar/empresa/ruiz-daniel-fabian/
79,8232,SALOMÓN María Carolina,escribanias-escribanos-escribanas-mandatario-mandataria-notarios-notarias,escribanas,https://guiarsanrafael.com.ar/empresa/salomon-maria-carolina/
79,8233,SAMPER Mario Alberto,escribanias-escribanos-escribanas-mandatario-mandataria-notarios-notarias,escribanias,https://guiarsanrafael.com.ar/empresa/samper-mario-alberto/
79,8234,SCOLLO Andrea Fabiola,escribanias-escribanos-escribanas-mandatario-mandataria-notarios-notarias,escribanas,https://guiarsanrafael.com.ar/empresa/scollo-andrea-fabiola/
79,8236,SANCHEZ María Eugenia,escribanias-escribanos-escribanas-mandatario-mandataria-notarios-notarias,escribanas,https://guiarsanrafael.com.ar/empresa/sanchez-maria-eugenia/
79,8237,SAPUNAR Silvina Raquel,escribanias-escribanos-escribanas-mandatario-mandataria-notarios-notarias,escribanas,https://guiarsanrafael.com.ar/empresa/sapunar-silvina-raquel/
79,8238,SARALEGUI Mercedes Andrea,escribanias-escribanos-escribanas-mandatario-mandataria-notarios-notarias,escribanas,https://guiarsanrafael.com.ar/empresa/saralegui-mercedes-andrea/
79,8247,SPINELLO Silvia María,escribanias-escribanos-escribanas-mandatario-mandataria-notarios-notarias,escribanas,https://guiarsanrafael.com.ar/empresa/spinello-silvia-maria/
80,8217,PEREZ Adriana Vanesa,escribanias-escribanos-escribanas-mandatario-mandataria-notarios-notarias,escribanas,https://guiarsanrafael.com.ar/empresa/perez-adriana-vanesa/
80,8218,PESSAMO María Florencia,escribanias-escribanos-escribanas-mandatario-mandataria-notarios-notarias,escribanas,https://guiarsanrafael.com.ar/empresa/pessamo-maria-florencia/
80,8219,PRADOS Liliana Inés,escribanias-escribanos-escribanas-mandatario-mandataria-notarios-notarias,escribanas,https://guiarsanrafael.com.ar/empresa/prados-liliana-ines/
80,8220,PRIETO Juan Ignacio,escribanias-escribanos-escribanas-mandatario-mandataria-notarios-notarias,escribanias,https://guiarsanrafael.com.ar/empresa/prieto-juan-ignacio/
80,8221,QUIROZ Emilio Rubén S.,escribanias-escribanos-escribanas-mandatario-mandataria-notarios-notarias,escribanias,https://guiarsanrafael.com.ar/empresa/quiroz-emilio-ruben-s/
80,8222,RADA Andrea Daniela,escribanias-escribanos-escribanas-mandatario-mandataria-notarios-notarias,escribanas,https://guiarsanrafael.com.ar/empresa/rada-andrea-daniela/
80,8223,SARDI Dante Pablo,escribanias-escribanos-escribanas-mandatario-mandataria-notarios-notarias,escribanias,https://guiarsanrafael.com.ar/empresa/rios-castrillon-anibal-ricardo/
80,8225,SCANIO Andrea Vanina,escribanias-escribanos-escribanas-mandatario-mandataria-notarios-notarias,escribanas,https://guiarsanrafael.com.ar/empresa/scanio-andrea-vanina/
80,8226,RODRIGUEZ FERRARO Mariana,escribanias-escribanos-escribanas-mandatario-mandataria-notarios-notarias,escribanas,https://guiarsanrafael.com.ar/empresa/rodriguez-ferraro-mariana/
80,8227,RODRIGUEZ MAULEÓN Mauricio,escribanias-escribanos-escribanas-mandatario-mandataria-notarios-notarias,escribanias,https://guiarsanrafael.com.ar/empresa/rodriguez-mauleon-mauricio/
81,8205,MUÑOZ Mirta Silvina,escribanias-escribanos-escribanas-mandatario-mandataria-notarios-notarias,escribanas,https://guiarsanrafael.com.ar/empresa/munoz-mirta-silvina/
81,8206,MURÚA Marcela Analía,escribanias-escribanos-escribanas-mandatario-mandataria-notarios-notarias,escribanas,https://guiarsanrafael.com.ar/empresa/murua-marcela-analia/
81,8207,OROZCO AMICARELLI Francisco,escribanias-escribanos-escribanas-mandatario-mandataria-notarios-notarias,escribanias,https://guiarsanrafael.com.ar/empresa/orozco-amicarelli-francisco/
81,8208,PADILLA PALLERES Florencia Antonella,escribanias-escribanos-escribanas-mandatario-mandataria-notarios-notarias,escribanas,https://guiarsanrafael.com.ar/empresa/padilla-palleres-florencia-antonella/
81,8209,PATTI Ana Carolina,escribanias-escribanos-escribanas-mandatario-mandataria-notarios-notarias,escribanas,https://guiarsanrafael.com.ar/empresa/patti-ana-carolina/
81,8211,PEREGRIN Betiana Alicia,escribanias-escribanos-escribanas-mandatario-mandataria-notarios-notarias,escribanas,https://guiarsanrafael.com.ar/empresa/peregrin-betiana-alicia/
81,8212,PERETÓ Miguel Angel,escribanias-escribanos-escribanas-mandatario-mandataria-notarios-notarias,escribanias,https://guiarsanrafael.com.ar/empresa/pereto-miguel-angel/
81,8213,PEREZ Evelin Esther,escribanias-escribanos-escribanas-mandatario-mandataria-notarios-notarias,escribanas,https://guiarsanrafael.com.ar/empresa/perez-evelin-esther/
81,8214,PÉREZ Julio César,escribanias-escribanos-escribanas-mandatario-mandataria-notarios-notarias,escribanias,https://guiarsanrafael.com.ar/empresa/perez-julio-cesar/
81,8216,PÉREZ Julio César,escribanias-escribanos-escribanas-mandatario-mandataria-notarios-notarias,escribanias,https://guiarsanrafael.com.ar/empresa/perez-julio-cesar-2/
82,8194,LOPEZ ANTEQUERA Franco Martin,escribanias-escribanos-escribanas-mandatario-mandataria-notarios-notarias,escribanias,https://guiarsanrafael.com.ar/empresa/lopez-antequera-franco-martin/
82,8195,LÓPEZ DE DIAZ Valeria,escribanias-escribanos-escribanas-mandatario-mandataria-notarios-notarias,escribanas,https://guiarsanrafael.com.ar/empresa/lopez-de-diaz-valeria/
82,8196,MAGGI Maria Eugenia,escribanias-escribanos-escribanas-mandatario-mandataria-notarios-notarias,escribanas,https://guiarsanrafael.com.ar/empresa/maggi-maria-eugenia/
82,8197,MANCINO Juan Manuel,escribanias-escribanos-escribanas-mandatario-mandataria-notarios-notarias,escribanias,https://guiarsanrafael.com.ar/empresa/mancino-juan-manuel/
82,8198,MANCINO María José,escribanias-escribanos-escribanas-mandatario-mandataria-notarios-notarias,escribanas,https://guiarsanrafael.com.ar/empresa/mancino-maria-jose/
82,8199,MANTOVANI Marisel,escribanias-escribanos-escribanas-mandatario-mandataria-notarios-notarias,escribanas,https://guiarsanrafael.com.ar/empresa/mantovani-marisel/
82,8200,MARTÍN ALLONI Julieta,escribanias-escribanos-escribanas-mandatario-mandataria-notarios-notarias,escribanas,https://guiarsanrafael.com.ar/empresa/martin-alloni-julieta/
82,8201,MERCADO Maria Sol,escribanias-escribanos-escribanas-mandatario-mandataria-notarios-notarias,escribanas,https://guiarsanrafael.com.ar/empresa/mercado-maria-sol/
82,8202,MIRANDA Telma Evelin,escribanias-escribanos-escribanas-mandatario-mandataria-notarios-notarias,escribanas,https://guiarsanrafael.com.ar/empresa/miranda-telma-evelin/
82,8203,MORA Mariano Mauro,escribanias-escribanos-escribanas-mandatario-mandataria-notarios-notarias,escribanias,https://guiarsanrafael.com.ar/empresa/mora-mariano-mauro/
83,8184,GATICA María Cecilia,escribanias-escribanos-escribanas-mandatario-mandataria-notarios-notarias,escribanas,https://guiarsanrafael.com.ar/empresa/gatica-maria-cecilia/
83,8185,GATTÁS María Belén,escribanias-escribanos-escribanas-mandatario-mandataria-notarios-notarias,escribanas,https://guiarsanrafael.com.ar/empresa/gattas-maria-belen/
83,8186,GIRAUDI CANO Lorena Gisela,escribanias-escribanos-escribanas-mandatario-mandataria-notarios-notarias,escribanas,https://guiarsanrafael.com.ar/empresa/giraudi-cano-lorena-gisela/
83,8187,GOMEZ Analia Liliana,escribanias-escribanos-escribanas-mandatario-mandataria-notarios-notarias,escribanas,https://guiarsanrafael.com.ar/empresa/gomez-analia-liliana/
83,8188,GÓMEZ DE YAPUR María Fernanda,escribanias-escribanos-escribanas-mandatario-mandataria-notarios-notarias,escribanas,https://guiarsanrafael.com.ar/empresa/gomez-de-yapur-maria-fernanda/
83,8189,GONZALEZ María Eugenia,escribanias-escribanos-escribanas-mandatario-mandataria-notarios-notarias,escribanas,https://guiarsanrafael.com.ar/empresa/gonzalez-maria-eugenia/
83,8190,GONZALEZ Cecilia Valeria,escribanias-escribanos-escribanas-mandatario-mandataria-notarios-notarias,escribanas,https://guiarsanrafael.com.ar/empresa/gonzalez-cecilia-valeria/
83,8191,HERRERO GALDEANO Evelina María Del Mar,escribanias-escribanos-escribanas-mandatario-mandataria-notarios-notarias,escribanas,https://guiarsanrafael.com.ar/empresa/herrero-galdeano-evelina-maria-del-mar/
83,8192,LACAM María Valeria,escribanias-escribanos-escribanas-mandatario-mandataria-notarios-notarias,escribanas,https://guiarsanrafael.com.ar/empresa/lacam-maria-valeria/
83,8193,LAMENÁ GNEMMI Silvina,escribanias-escribanos-escribanas-mandatario-mandataria-notarios-notarias,escribanas,https://guiarsanrafael.com.ar/empresa/lamena-gnemmi-silvina/
84,8174,JURI Stella Maris,escribanias-escribanos-escribanas-mandatario-mandataria-notarios-notarias,escribanas,https://guiarsanrafael.com.ar/empresa/juri-stella-maris/
84,8175,DURAN Maria Jimena,escribanias-escribanos-escribanas-mandatario-mandataria-notarios-notarias,escribanas,https://guiarsanrafael.com.ar/empresa/duran-maria-jimena/
84,8176,ECHEVERRIA Alejandro Rafael,escribanias-escribanos-escribanas-mandatario-mandataria-notarios-notarias,escribanias,https://guiarsanrafael.com.ar/empresa/echeverria-alejandro-rafael/
84,8177,ESPINA Belkis Melina,escribanias-escribanos-escribanas-mandatario-mandataria-notarios-notarias,escribanas,https://guiarsanrafael.com.ar/empresa/espina-belkis-melina/
84,8178,FAMÁ Noelia Cecilia,escribanias-escribanos-escribanas-mandatario-mandataria-notarios-notarias,escribanas,https://guiarsanrafael.com.ar/empresa/fama-noelia-cecilia/
84,8179,FERNANDEZ Gerardo Antonio,escribanias-escribanos-escribanas-mandatario-mandataria-notarios-notarias,escribanias,https://guiarsanrafael.com.ar/empresa/fernandez-gerardo-antonio/
84,8180,FORSAT Felipe Andrés,escribanias-escribanos-escribanas-mandatario-mandataria-notarios-notarias,escribanias,https://guiarsanrafael.com.ar/empresa/forsat-felipe-andres/
84,8181,FRACARO Pablo Rafael,escribanias-escribanos-escribanas-mandatario-mandataria-notarios-notarias,escribanias,https://guiarsanrafael.com.ar/empresa/fracaro-pablo-rafael/
84,8182,FRUSCELLA Leslie Vanina,escribanias-escribanos-escribanas-mandatario-mandataria-notarios-notarias,escribanas,https://guiarsanrafael.com.ar/empresa/fruscella-leslie-vanina/
84,8183,GARCIA MIRAS Natalia Carolina,escribanias-escribanos-escribanas-mandatario-mandataria-notarios-notarias,escribanas,https://guiarsanrafael.com.ar/empresa/garcia-miras-natalia-carolina/
85,8163,CAMERUCCI María Paola,escribanias-escribanos-escribanas-mandatario-mandataria-notarios-notarias,escribanas,https://guiarsanrafael.com.ar/empresa/camerucci-maria-paola/
85,8164,CANESTRARI María Cristina,escribanias-escribanos-escribanas-mandatario-mandataria-notarios-notarias,escribanas,https://guiarsanrafael.com.ar/empresa/canestrari-maria-cristina/
85,8165,CARRETERO María Belén,escribanias-escribanos-escribanas-mandatario-mandataria-notarios-notarias,escribanas,https://guiarsanrafael.com.ar/empresa/carretero-maria-belen/
85,8166,CASTAÑO Ana Carolina Del Carmen,escribanias-escribanos-escribanas-mandatario-mandataria-notarios-notarias,escribanas,https://guiarsanrafael.com.ar/empresa/castano-ana-carolina-del-carmen/
85,8167,CERUTTI Norma Beatriz,escribanias-escribanos-escribanas-mandatario-mandataria-notarios-notarias,escribanas,https://guiarsanrafael.com.ar/empresa/cerutti-norma-beatriz/
85,8168,COLETTA Esteban Raul,escribanias-escribanos-escribanas-mandatario-mandataria-notarios-notarias,escribanas,https://guiarsanrafael.com.ar/empresa/coletta-esteban-raul/
85,8169,CORONEL María Celina,escribanias-escribanos-escribanas-mandatario-mandataria-notarios-notarias,escribanas,https://guiarsanrafael.com.ar/empresa/coronel-maria-celina/
85,8170,CRUZ DE MOLINA Cecilia Gabriela,escribanias-escribanos-escribanas-mandatario-mandataria-notarios-notarias,escribanas,https://guiarsanrafael.com.ar/empresa/cruz-de-molina-cecilia-gabriela/
85,8172,DAPARO María Cecilia,escribanias-escribanos-escribanas-mandatario-mandataria-notarios-notarias,escribanos,https://guiarsanrafael.com.ar/empresa/daparo-maria-cecilia/
85,8173,DESILVESTRE Emmanuel Fernando,escribanias-escribanos-escribanas-mandatario-mandataria-notarios-notarias,escribanas,https://guiarsanrafael.com.ar/empresa/desilvestre-emmanuel-fernando/
86,8152,BASÁN Cintia Vanesa,escribanias-escribanos-escribanas-mandatario-mandataria-notarios-notarias,escribanas,https://guiarsanrafael.com.ar/empresa/basan-cintia-vanesa/
86,8153,BAYONA Silvia Velia,escribanias-escribanos-escribanas-mandatario-mandataria-notarios-notarias,escribanas,https://guiarsanrafael.com.ar/empresa/bayona-silvia-velia/
86,8154,BERMEJO CAPUJ María Alejandra,escribanias-escribanos-escribanas-mandatario-mandataria-notarios-notarias,escribanas,https://guiarsanrafael.com.ar/empresa/bermejo-capuj-maria-alejandra/
86,8156,BLASCO Daniela Guadalupe,escribanias-escribanos-escribanas-mandatario-mandataria-notarios-notarias,escribanas,https://guiarsanrafael.com.ar/empresa/blasco-daniela-guadalupe/
86,8157,BOGONI Natalia Ariadna,escribanias-escribanos-escribanas-mandatario-mandataria-notarios-notarias,escribanas,https://guiarsanrafael.com.ar/empresa/bogoni-natalia-ariadna/
86,8158,BRESSAN Pablo Enrique,escribanias-escribanos-escribanas-mandatario-mandataria-notarios-notarias,escribanias,https://guiarsanrafael.com.ar/empresa/bressan-pablo-enrique/
86,8159,BRESSAN Silvina,escribanias-escribanos-escribanas-mandatario-mandataria-notarios-notarias,escribanas,https://guiarsanrafael.com.ar/empresa/bressan-silvina/
86,8160,BRESSAN GUTIERREZ Juan Ignacio,escribanias-escribanos-escribanas-mandatario-mandataria-notarios-notarias,escribanias,https://guiarsanrafael.com.ar/empresa/bressan-gutierrez-juan-ignacio/
86,8161,BULOS Judit,escribanias-escribanos-escribanas-mandatario-mandataria-notarios-notarias,escribanas,https://guiarsanrafael.com.ar/empresa/bulos-judit/
86,8162,CABRAL Daniela,escribanias-escribanos-escribanas-mandatario-mandataria-notarios-notarias,escribanas,https://guiarsanrafael.com.ar/empresa/cabral-daniela/
87,7980,DR. IPHONE,accesorios-de-telefonia-celular,accesorios-de-telefonia,https://guiarsanrafael.com.ar/empresa/dr-iphone/
87,8033,MTCI Mantenimiento Casa e Industrias,aire-acondicionado,aire-acondicionado,https://guiarsanrafael.com.ar/empresa/mtci/
87,8139,ACUÑA Romina,escribanias-escribanos-escribanas-mandatario-mandataria-notarios-notarias,escribanas,https://guiarsanrafael.com.ar/empresa/acuna-romina/
87,8143,ALBERO Antonio Hector,escribanias-escribanos-escribanas-mandatario-mandataria-notarios-notarias,escribanias,https://guiarsanrafael.com.ar/empresa/albero-antonio-hector/
87,8144,ARRULA Luciano Martín,escribanias-escribanos-escribanas-mandatario-mandataria-notarios-notarias,escribanias,https://guiarsanrafael.com.ar/empresa/arrula-luciano-martin/
87,8145,AYALA Luis Emmanuel,escribanias-escribanos-escribanas-mandatario-mandataria-notarios-notarias,escribanias,https://guiarsanrafael.com.ar/empresa/ayala-luis-emmanuel/
87,8146,AYUB Salomón,escribanias-escribanos-escribanas-mandatario-mandataria-notarios-notarias,escribanias,https://guiarsanrafael.com.ar/empresa/ayub-salomon/
87,8147,AYUB Ernesto Carlos Adolfo,escribanias-escribanos-escribanas-mandatario-mandataria-notarios-notarias,escribanias,https://guiarsanrafael.com.ar/empresa/ayub-ernesto-carlos-adolfo/
87,8148,BAQUERO María Celina,escribanias-escribanos-escribanas-mandatario-mandataria-notarios-notarias,escribanas,https://guiarsanrafael.com.ar/empresa/baquero-maria-celina/
87,8151,BAROLO Octavio Paulo,escribanias-escribanos-escribanas-mandatario-mandataria-notarios-notarias,escribanias,https://guiarsanrafael.com.ar/empresa/barolo-octavio-paulo/
88,7994,DE MARTOS Ferretería Industrial,ferreteria-industrial,ferreteria-industrial,https://guiarsanrafael.com.ar/empresa/de-martos-ferreteria-industrial/
88,7996,MG Ferreteria,ferreterias-herramientas,ferreteria-industrial,https://guiarsanrafael.com.ar/empresa/mg-ferreteria/
88,8000,BULONES SARMIENTO,buloneras-ferreterias,buloneras,https://guiarsanrafael.com.ar/empresa/bulones-sarmiento/
88,8004,FAX Hiperlibrería,librerias,librerias,https://guiarsanrafael.com.ar/empresa/fax-hiperlibreria/
88,8007,EFETA LIBROS,librerias,librerias,https://guiarsanrafael.com.ar/empresa/efeta-libros/
88,8010,DINO Librerías,librerias,librerias,https://guiarsanrafael.com.ar/empresa/8010/
88,8013,FENIX Libreria,librerias,librerias,https://guiarsanrafael.com.ar/empresa/fenix-libreria/
88,8014,EL TIO FENIX Librería,librerias,librerias,https://guiarsanrafael.com.ar/empresa/el-tio-fenix-libreria/
88,8020,MARCO Libreria,librerias,librerias,https://guiarsanrafael.com.ar/empresa/marco-libreria/
88,8027,EL MANGRULLO Salón de Eventos,eventos,eventos,https://guiarsanrafael.com.ar/empresa/el-mangrullo-salon-de-eventos/
89,7918,EL FERRETERO,ferreterias-herramientas,ferreterias,https://guiarsanrafael.com.ar/empresa/el-ferretero/
89,7925,Sergio Omar Lana San Blas,escribanias-escribanos-escribanas-mandatario-mandataria-notarios-notarias,escribanias,https://guiarsanrafael.com.ar/empresa/sergio-omar-lana-san-blas/
89,7928,RL AUTOMOTORES,agencia-de-autos-automotores,agencia-de-autos,https://guiarsanrafael.com.ar/empresa/rl-automotores/
89,7946,PUNTO Viajes San Rafael,agencia-de-viajes,agencias-de-viajes,https://guiarsanrafael.com.ar/empresa/punto-viajes/
89,7949,SILVANA L. ARCE,abogados-abogadas-estudios-juridicos,abogadas,https://guiarsanrafael.com.ar/empresa/silvana-l-arce/
89,7954,MAURICIO DELLAGNOLO,abogados-abogadas-estudios-juridicos,abogados,https://guiarsanrafael.com.ar/empresa/7954/
89,7967,TALLER DE CALZADO,taller-de-calzado,taller-de-calzado,https://guiarsanrafael.com.ar/empresa/taller-de-calzado/
89,7985,FERRETERIA SAN MARTIN,electricidad-iluminacion,electricidad,https://guiarsanrafael.com.ar/empresa/ferreteria-san-martin/
89,7987,Ferretería Yrigoyen,ferreterias-herramientas,ferreterias,https://guiarsanrafael.com.ar/empresa/ferreteria-yrigoyen/
89,7990,Ferretería Todo un Palo,ferreterias-herramientas,ferreterias,https://guiarsanrafael.com.ar/empresa/ferreteria-todo-un-palo/
90,7862,Apart Hotel Sesma & Cabañas,apar-thotel,alojamientos,https://guiarsanrafael.com.ar/empresa/apart-hotel-sesma-cabanas/
90,7864,Cabañas Villa de Lujan,cabanas-alquiler,alojamientos,https://guiarsanrafael.com.ar/empresa/cabanas-villa-de-lujan/
90,7865,LA VITA E VELLA Cabañas,alojamiento-cabanas-camping,alojamientos,https://guiarsanrafael.com.ar/empresa/7865/
90,7873,Cabañas Tierra Virgen,alojamiento-cabanas-camping,alojamientos,https://guiarsanrafael.com.ar/empresa/cabanas-tierra-virgen/
90,7874,Cabañas Río Soñado,cabanas-alquiler,alojamientos,https://guiarsanrafael.com.ar/empresa/cabanas-rio-sonado/
90,7876,RIO AZUL Cabañas y Camping,cabanas-alquiler,alojamientos,https://guiarsanrafael.com.ar/empresa/rio-azul-cabanas-y-camping/
90,7879,Ayum Elun  Aldea de Río,cabanas-alquiler,alojamientos,https://guiarsanrafael.com.ar/empresa/ayum-elun-aldea-de-rio/
90,7888,CABAÑAS DON NINO,alojamiento-cabanas-camping,alojamientos,https://guiarsanrafael.com.ar/empresa/cabanas-don-nino/
90,7901,TODO OBRA Hogar & Construcción,materiales-de-construccion,materiales-de-construccion,https://guiarsanrafael.com.ar/empresa/todo-obra-hogar-construccion/
90,7919,GARDENIA el lugar de las grandes marcas,bombas-de-agua-riego,calefaccion,https://guiarsanrafael.com.ar/empresa/gardenia-el-lugar-de-las-grandes-marcas/
91,7849,Hotel Alas,hoteles-hostel-hoteleria,alojamientos,https://guiarsanrafael.com.ar/empresa/hotel-alas/
91,7850,Hotel Nitra II,hoteles-hostel-hoteleria,alojamientos,https://guiarsanrafael.com.ar/empresa/hotel-nitra-ii/
91,7851,Hotel Viñas,hoteles-hostel-hoteleria,alojamientos,https://guiarsanrafael.com.ar/empresa/hotel-vinas/
91,7852,VALLE GRANDE Hotel de Montaña Resort & Spa,hoteles-hostel-hoteleria,alojamientos,https://guiarsanrafael.com.ar/empresa/valle-grande-hotel-de-montana-resort-spa/
91,7855,Cabañas Calderon,cabanas-alquiler,apart-hotel,https://guiarsanrafael.com.ar/empresa/cabanas-calderon/
91,7857,Cabañas El Valle,alojamiento-cabanas-camping,alojamientos,https://guiarsanrafael.com.ar/empresa/cabanas-el-valle-2/
91,7858,Los Troncos Complejo Turístico,cabanas-alquiler,alojamientos,https://guiarsanrafael.com.ar/empresa/los-troncos-complejo-turistico/
91,7859,Cabañas Cerro Encantado,alojamiento-cabanas-camping,alojamientos,https://guiarsanrafael.com.ar/empresa/cabanas-cerro-encantado/
91,7860,Talú Apart Hotel,apar-thotel,alojamientos,https://guiarsanrafael.com.ar/empresa/talu-apart-hotel/
91,7861,Cabañas Altos del Toledano,cabanas-alquiler,alojamientos,https://guiarsanrafael.com.ar/empresa/cabanas-altos-del-toledano/
92,7833,TIERRA MORA Apart Hotel,apar-thotel,alojamientos,https://guiarsanrafael.com.ar/empresa/tierra-mora/
92,7836,COLORINA Apart Hotel y Spa,apar-thotel,alojamientos,https://guiarsanrafael.com.ar/empresa/colorina-apart-hotel-y-spa/
92,7837,VECCHIA TERRA Apart Hotel,apar-thotel,alojamientos,https://guiarsanrafael.com.ar/empresa/vecchia-terra-apart-hotel/
92,7841,Hotel Kalton,hoteles-hostel-hoteleria,alojamientos,https://guiarsanrafael.com.ar/empresa/hotel-kalton/
92,7842,Nuevo Mundo,hoteles-hostel-hoteleria,alojamientos,https://guiarsanrafael.com.ar/empresa/nuevo-mundo/
92,7843,Patios del Mediterraneo,apar-thotel,alojamientos,https://guiarsanrafael.com.ar/empresa/patios-del-mediterraneo/
92,7844,Hotel Francia,hoteles-hostel-hoteleria,alojamientos,https://guiarsanrafael.com.ar/empresa/hotel-francia/
92,7845,Puesta del Sol,hoteles-hostel-hoteleria,alojamientos,https://guiarsanrafael.com.ar/empresa/puesta-del-sol/
92,7846,Apart Hotel Milenium,apar-thotel,alojamientos,https://guiarsanrafael.com.ar/empresa/apart-hotel-milenium/
92,7848,Family Inn Hotel,hoteles-hostel-hoteleria,alojamientos,https://guiarsanrafael.com.ar/empresa/family-inn-hotel/
93,7816,Atuel Travel,agencia-de-viajes,agencias-de-viajes,https://guiarsanrafael.com.ar/empresa/atuel-travel/
93,7817,Diamante Viajes,agencia-de-viajes,agencias-de-viajes,https://guiarsanrafael.com.ar/empresa/diamante-viajes/
93,7818,Cabañas «El Valle»,alojamiento-cabanas-camping,alojamientos,https://guiarsanrafael.com.ar/empresa/cabanas-el-valle/
93,7819,Cabañas Carü Leufu,alojamiento-cabanas-camping,alojamientos,https://guiarsanrafael.com.ar/empresa/cabanas-caru-leufu/
93,7820,Complejo Carmen,alojamiento-cabanas-camping,alojamientos,https://guiarsanrafael.com.ar/empresa/complejo-carmen/
93,7821,Club Nautica y Pesca Los Reyunos,camping,alojamientos,https://guiarsanrafael.com.ar/empresa/club-nautica-y-pesca-los-reyunos/
93,7823,Club de Pescadores San Rafael,camping,alojamientos,https://guiarsanrafael.com.ar/empresa/club-de-pescadores-san-rafael/
93,7824,San Martín Hotel y Spa,hoteles-hostel-hoteleria,alojamientos,https://guiarsanrafael.com.ar/empresa/san-martin-hotel-and-spa/
93,7829,TOWER INN HOTEL & SUITES,hoteles-hostel-hoteleria,alojamientos,https://guiarsanrafael.com.ar/empresa/tower-inn-hotel-suites/
93,7832,Hotel San Rafael,hoteles-hostel-hoteleria,alojamientos,https://guiarsanrafael.com.ar/empresa/hotel-san-rafael/
94,7739,GRÁFICA JR,carteleria-graficas-ploteados-letreros,carteleria,https://guiarsanrafael.com.ar/empresa/grafica-jr/
94,7748,NOBEL Bazar Mayorista,bazar-regaleria,bazar-regaleria,https://guiarsanrafael.com.ar/empresa/nobel-mayorista/
94,7749,Bazzar Mayor,bazar-regaleria,bazar-regaleria,https://guiarsanrafael.com.ar/empresa/bazzar-mayor/
94,7760,Santa María,ceramicas,ceramicas,https://guiarsanrafael.com.ar/empresa/santa-maria/
94,7763,IDM Instituto Diagnóstico Médico,diagnostico-por-imagenes-ecografia-mamografias,diagnostico-por-imagenes,https://guiarsanrafael.com.ar/empresa/idm-instituto-diagnostico-medico/
94,7775,ORIGEN Almacén de Fiambres,fiambrerias,fiamfreria,https://guiarsanrafael.com.ar/empresa/origen-almacen-de-fiambres/
94,7785,ANA CORDESCHI,neurologia-neurologo-neurologa,neurologia,https://guiarsanrafael.com.ar/empresa/ana-cordeschi/
94,7788,CEL FII Tecnología,accesorios-de-telefonia-celular,accesorios-de-telefonia,https://guiarsanrafael.com.ar/empresa/cel-fii-tecnologia/
94,7800,Bruni Aventura,turismo-aventura,agencias-de-viajes,https://guiarsanrafael.com.ar/empresa/bruni-aventura/
94,7812,STADIUM Gimnasia Artística,gimnasia-artistica-gimnasios,gimnasia-artistica,https://guiarsanrafael.com.ar/empresa/estadium-gimnasia-artistica/
95,7656,PLOTEADOS ESCUDERO,graficas-imprentas,carteleria,https://guiarsanrafael.com.ar/empresa/ploteados-escudero/
95,7665,PUERTO DESEADO Pescadería,casa-de-comidas-rotiseria-viandas,mariscos,https://guiarsanrafael.com.ar/empresa/puerto-deseado-pescaderia/
95,7676,CONTROL Desinfecciones,control-de-plagas-desinfecciones-fumigaciones,control-de-plagas,https://guiarsanrafael.com.ar/empresa/control-desinfecciones/
95,7686,OMEGA SANEAMIENTOS,agroquimicos,agroquimicos,https://guiarsanrafael.com.ar/empresa/omega-saneamientos/
95,7687,PASTAS MENDEZ,casa-de-comidas-rotiseria-viandas,casa-de-comidas,https://guiarsanrafael.com.ar/empresa/pastas-mendez/
95,7699,PLOTEART Servicios Gráficos,gigantografias-graficas,carteleria,https://guiarsanrafael.com.ar/empresa/plotteart-servicios-graficos/
95,7708,RISSO Propiedades,administraciones-alquileres-inmobiliarias,administraciones,https://guiarsanrafael.com.ar/empresa/7708/
95,7717,LS Mecánica GNC,mecanica-gnc-automotor,mecanica-del-automotor,https://guiarsanrafael.com.ar/empresa/ls-mecanica-gnc/
95,7724,PASEO DEL PARQUE Panadería,confiterias-reposteria,confiteria,https://guiarsanrafael.com.ar/empresa/paseo-del-parque-panaderia/
95,7738,GRAFICA MUÑOZ,carteleria-graficas-ploteados-letreros,carteleria,https://guiarsanrafael.com.ar/empresa/grafica-munoz/
96,7582,CALMA S.A. Medicina Laboral,medicina-laboral,medicina-laboral,https://guiarsanrafael.com.ar/empresa/calma-s-a-medicina-laboral/
96,7588,GALA Salud y Belleza,centro-de-estetica,centro-de-estetica,https://guiarsanrafael.com.ar/empresa/7588/
96,7591,VANESA ANDREONI,kinesiologia-y-fisioterapia,centro-de-estetica,https://guiarsanrafael.com.ar/empresa/7591/
96,7595,MARTIN CODUTI,cirugia-oncologica,cirugia-ontologica,https://guiarsanrafael.com.ar/empresa/martin-coduti/
96,7603,EMANUEL CASTRO,centro-de-rehabilitacion,centro-de-rehabilitacion,https://guiarsanrafael.com.ar/empresa/emanuel-castro/
96,7607,LORENA VEGA,hidroterapia-kinesiologia,centro-de-rehabilitacion,https://guiarsanrafael.com.ar/empresa/lorena-vega/
96,7609,HIDROKINESIA San Rafael,centro-de-rehabilitacion,centro-de-rehabilitacion,https://guiarsanrafael.com.ar/empresa/hidrokinesia-san-rafael/
96,7614,PIZZA MARCA,pizzerias-casa-de-comidas,empanadas,https://guiarsanrafael.com.ar/empresa/pizza-marca/
96,7624,LA BUENOS AIRES Pizza,casa-de-comidas-rotiseria-viandas,casa-de-comidas,https://guiarsanrafael.com.ar/empresa/la-buenos-aires-pizza/
96,7633,LA VERA PIZZA,pizzerias-casa-de-comidas,pizzerias,https://guiarsanrafael.com.ar/empresa/la-vera-pizza/
97,7542,MARIANA CASTILLO,pediatria-neonatologia,pediatria-y-neonatologia,https://guiarsanrafael.com.ar/empresa/castillo-mariana/
97,7545,CELULARES San Rafael,accesorios-de-telefonia-celular,accesorios-de-telefonia,https://guiarsanrafael.com.ar/empresa/celulares-san-rafael-2/
97,7547,CELULARES San Rafael,accesorios-de-telefonia-celular,accesorios-de-telefonia,https://guiarsanrafael.com.ar/empresa/celulares-san-rafael/
97,7548,CELULARES San Rafael,accesorios-de-telefonia-celular,accesorios-de-telefonia,https://guiarsanrafael.com.ar/empresa/celulares-san-rafael-3/
97,7549,El CELU,accesorios-de-telefonia-celular,accesorios-de-telefonia,https://guiarsanrafael.com.ar/empresa/el-celu-2/
97,7550,El CELU,accesorios-de-telefonia-celular,accesorios-de-telefonia,https://guiarsanrafael.com.ar/empresa/el-celu/
97,7551,El CELU,accesorios-de-telefonia-celular,accesorios-de-telefonia,https://guiarsanrafael.com.ar/empresa/el-celu-3/
97,7562,El CELU,accesorios-de-telefonia-celular,accesorios-de-telefonia,https://guiarsanrafael.com.ar/empresa/el-celu-4/
97,7570,PAULO ARIAN FLÓRES,implantes,estetica-facial,https://guiarsanrafael.com.ar/empresa/paulo-arian-flores/
97,7573,MAURICIO ALESSIO,protesistas-protesis,laboratorio-dental,https://guiarsanrafael.com.ar/empresa/mauricio-alessio/
98,5258,JOSE PREGAL,cirugia-infantil-cirujano-cirujana,cirugia-infantil,https://guiarsanrafael.com.ar/empresa/jose-pregal-2/
98,7475,RADIADORES  Fernández,radiadores-repuestos-taller,,https://guiarsanrafael.com.ar/empresa/radiadores-fernandez/
98,7476,RADIADORES MODELO,aire-acondicionado,aire-acondicionado,https://guiarsanrafael.com.ar/empresa/radiadores-modelo/
98,7483,MORENO PAULA G.,escribanias-escribanos-escribanas-mandatario-mandataria-notarios-notarias,escribanas,https://guiarsanrafael.com.ar/empresa/moreno-paula-g/
98,7486,PAIVA GRERMAN,estudios-tecnicos-arquitectura-ingieneria,estudios-tecnicos,https://guiarsanrafael.com.ar/empresa/paiva-grerman/
98,7493,DULCE DELICIA,fabrica-de-tortas-reposteria,fabrica-de-tortas,https://guiarsanrafael.com.ar/empresa/dulce-delicia/
98,7502,RECTIFICACIONES REBOLLOSO,rectificaciones-rectificadoras,rectificaciones,https://guiarsanrafael.com.ar/empresa/7502/
98,7511,CLÁSICO y MODERNO,licoreria-tienda-de-bebidas,almacen-de-vinos,https://guiarsanrafael.com.ar/empresa/clasico-y-moderno/
98,7523,LUCIANA NARDELLI,centro-de-estetica,centro-de-estetica,https://guiarsanrafael.com.ar/empresa/luciana-nardelli/
98,7535,DIEGO BURNET,kinesiologia-y-fisioterapia,centro-de-rehabilitacion,https://guiarsanrafael.com.ar/empresa/diego-burnet/
99,7452,María Celina Olivares Ravalle,odontologia,odontologia,https://guiarsanrafael.com.ar/empresa/maria-celina-olivares-ravalle/
99,7464,Sergio Sabio,odontologia,odontologia,https://guiarsanrafael.com.ar/empresa/sergio-sabio/
99,7466,Belen del Pilar Santiago,odontologia,odontologia,https://guiarsanrafael.com.ar/empresa/belen-del-pilar-santiago/
99,7467,Maria Carolina	Sat,odontologia,odontologia,https://guiarsanrafael.com.ar/empresa/maria-carolinasat/
99,7468,María Cecilia Sibantos,odontologia,odontologia,https://guiarsanrafael.com.ar/empresa/maria-cecilia-sibantos/
99,7469,Bernardo  Sumarán,odontologia,odontologia,https://guiarsanrafael.com.ar/empresa/bernardo-sumaran/
99,7470,Maricel Suoni Seifert,odontologia,odontologia,https://guiarsanrafael.com.ar/empresa/maricel-suoni-seifert/
99,7471,Rodolfo Tosín,odontologia,odontologia,https://guiarsanrafael.com.ar/empresa/rodolfo-tosin/
99,7472,Esteban Villalón,odontologia,odontologia,https://guiarsanrafael.com.ar/empresa/esteban-villalon/
99,7473,Alejandro Zamora,odontologia,odontologia,https://guiarsanrafael.com.ar/empresa/alejandro-zamora/
100,7454,Marisol  Orlando,odontologia,odontologia,https://guiarsanrafael.com.ar/empresa/marisol-orlando/
100,7455,Juan Cruz Orlando,odontologia,odontologia,https://guiarsanrafael.com.ar/empresa/juan-cruz-orlando/
100,7456,Victor Ortega,odontologia,odontologia,https://guiarsanrafael.com.ar/empresa/victor-ortega/
100,7457,SOFIA PASTOR,implantes,implantes,https://guiarsanrafael.com.ar/empresa/sofia-pastor/
100,7458,Adrian Poblete,odontologia,odontologia,https://guiarsanrafael.com.ar/empresa/adrian-poblete/
100,7459,Valeria Ponce de León,odontologia,odontologia,https://guiarsanrafael.com.ar/empresa/valeria-ponce-de-leon/
100,7460,Jimena Prieto,odontologia,odontologia,https://guiarsanrafael.com.ar/empresa/jimena-prieto/
100,7461,CAMILA QUINTANO,odontologia,odontologia,https://guiarsanrafael.com.ar/empresa/camila-quintano/
100,7462,María Isabel Quiroga,odontologia,odontologia,https://guiarsanrafael.com.ar/empresa/maria-isabel-quiroga/
100,7463,Franco Sabio,odontologia,odontologia,https://guiarsanrafael.com.ar/empresa/franco-sabio/
101,7398,Javier Morganti,odontologia,odontologia,https://guiarsanrafael.com.ar/empresa/javier-morganti/
101,7400,COSR Circulo Odontologico San Rafael,aeropuerto-aerodromo,accesorios-de-telefonia,https://guiarsanrafael.com.ar/empresa/cosr-circulo-odontologico-san-rafael/
101,7445,María Eugenia Morganti,odontologia,odontologia,https://guiarsanrafael.com.ar/empresa/maria-eugenia-morganti/
101,7446,ORNELLA MORGANTI,odontologia,odontologia,https://guiarsanrafael.com.ar/empresa/ornella-morganti/
101,7447,MOSTAFA ALEJANDRA,odontologia,odontologia,https://guiarsanrafael.com.ar/empresa/mostafa-alejandra/
101,7448,MARIA ELENA MURAD,odontologia,odontologia,https://guiarsanrafael.com.ar/empresa/maria-elena-murad/
101,7449,Eduardo Andres Murcia,odontologia,odontologia,https://guiarsanrafael.com.ar/empresa/eduardo-andres-murcia/
101,7450,ANTONELA NAVARRETE,odontologia,odontologia,https://guiarsanrafael.com.ar/empresa/maria-antonella-navarrete/
101,7451,Mariana Ochoa,odontologia,odontologia,https://guiarsanrafael.com.ar/empresa/mariana-ochoa/
101,7453,JOSE LUIS OLIVER,odontologia,odontologia,https://guiarsanrafael.com.ar/empresa/jose-luis-oliver/
102,7388,María Valeria Labbé,odontologia,odontologia,https://guiarsanrafael.com.ar/empresa/maria-valeria-labbe/
102,7389,Maria Julia Larghi,odontologia,odontologia,https://guiarsanrafael.com.ar/empresa/maria-julia-larghi/
102,7390,Joaquin Lerga,odontologia,odontologia,https://guiarsanrafael.com.ar/empresa/joaquin-lerga/
102,7391,ALFONSO LORENZO,odontologia,odontologia,https://guiarsanrafael.com.ar/empresa/alfonso-lorenzo/
102,7392,Cecilia Martin,odontologia,odontologia,https://guiarsanrafael.com.ar/empresa/cecilia-martin/
102,7393,Eduardo Martínez,odontologia,odontologia,https://guiarsanrafael.com.ar/empresa/eduardo-martinez/
102,7394,Leonardo Medaura,odontologia,odontologia,https://guiarsanrafael.com.ar/empresa/leonardo-medaura/
102,7395,Natalia Montoya,odontologia,odontologia,https://guiarsanrafael.com.ar/empresa/natalia-montoya/
102,7396,Marcos Morales,odontologia,odontologia,https://guiarsanrafael.com.ar/empresa/marcos-morales/
102,7397,Flavio Morganti,odontologia,odontologia,https://guiarsanrafael.com.ar/empresa/flavio-morganti/
103,7377,Florencia Diaz,odontologia,odontologia,https://guiarsanrafael.com.ar/empresa/florencia-diaz/
103,7378,Sofia Estivill,odontologia,odontologia,https://guiarsanrafael.com.ar/empresa/sofia-estivill/
103,7380,Agustina del Valle Fernández,odontologia,odontologia,https://guiarsanrafael.com.ar/empresa/agustina-del-valle-fernandez/
103,7381,Carolina Fernández,odontologia,odontologia,https://guiarsanrafael.com.ar/empresa/carolina-fernandez/
103,7382,Carina Fornes,odontologia,odontologia,https://guiarsanrafael.com.ar/empresa/carina-fornes/
103,7383,RAUL GARAVAGLIA,odontologia,odontologia,https://guiarsanrafael.com.ar/empresa/raul-garavaglia/
103,7384,Iván Gómez Parra,odontologia,odontologia,https://guiarsanrafael.com.ar/empresa/ivan-gomez-parra/
103,7385,Diego Hernández,odontologia,odontologia,https://guiarsanrafael.com.ar/empresa/diego-hernandez/
103,7386,Maria Victoria Hernández,odontologia,odontologia,https://guiarsanrafael.com.ar/empresa/maria-victoria-hernandez/
103,7387,Javier Labbé,odontologia,odontologia,https://guiarsanrafael.com.ar/empresa/javier-labbe/
104,7367,Nelly Bonoso,odontologia,odontologia,https://guiarsanrafael.com.ar/empresa/nelly-bonoso/
104,7368,Sergio Buttini,odontologia,odontologia,https://guiarsanrafael.com.ar/empresa/sergio-buttini/
104,7369,Adriana Carmona,odontologia,odontologia,https://guiarsanrafael.com.ar/empresa/adriana-carmona/
104,7370,Adriana Casado,odontologia,odontologia,https://guiarsanrafael.com.ar/empresa/adriana-casado/
104,7371,Noelia L. Casado,odontologia,odontologia,https://guiarsanrafael.com.ar/empresa/noelia-l-casado/
104,7372,Veronica Castan,odontologia,odontologia,https://guiarsanrafael.com.ar/empresa/veronica-castan/
104,7373,JUAN PABLO CATTAI,odontologia,odontologia,https://guiarsanrafael.com.ar/empresa/juan-pablo-cattai/
104,7374,RICARDO CENTENO,odontologia,odontologia,https://guiarsanrafael.com.ar/empresa/ricardo-centeno/
104,7375,Daiana Cobos,odontologia,odontologia,https://guiarsanrafael.com.ar/empresa/daiana-cobos/
104,7376,MARIA CIELO DIAZ,odontologia,odontologia,https://guiarsanrafael.com.ar/empresa/cielo-diaz/
105,7311,LIRA MARTINEZ REJTMAN,gastroenterologia,gastroenterologia,https://guiarsanrafael.com.ar/empresa/lira-martinez-rejtman/
105,7312,MATIAS ZANETTI,gastroenterologia,gastroenterologia,https://guiarsanrafael.com.ar/empresa/matias-zanetti/
105,7335,MARIA EUGENIA GONZALEZ,centro-de-estetica,centro-de-estetica,https://guiarsanrafael.com.ar/empresa/maria-eugenia-gonzalez/
105,7345,DANIEL FÉLIX Del Sur Medicina Estética,centro-de-estetica,centro-de-estetica,https://guiarsanrafael.com.ar/empresa/daniel-felix-del-sur-medicina-estetica/
105,7358,Vanina del Carmen Alba,odontologia,odontologia,https://guiarsanrafael.com.ar/empresa/vanina-del-carmen-alba/
105,7361,Guadalupe Arevalo,odontologia,odontologia,https://guiarsanrafael.com.ar/empresa/guadalupe-arevalo/
105,7362,María  Eugenia Baldi,odontologia,odontologia,https://guiarsanrafael.com.ar/empresa/maria-eugenia-baldi/
105,7363,Roxana Barahona,odontologia,odontologia,https://guiarsanrafael.com.ar/empresa/roxana-barahona/
105,7364,CLAUDIA BENITEZ,implantes,implantes,https://guiarsanrafael.com.ar/empresa/claudia-benitez/
105,7366,María  Fernanda Blas,odontologia,odontologia,https://guiarsanrafael.com.ar/empresa/maria-fernanda-blas/
106,7244,Yacante Angel Leandro,abogados-abogadas-estudios-juridicos,abogados,https://guiarsanrafael.com.ar/empresa/yacante-angel-leandro/
106,7267,Mirón Gabriela Sofía,abogados-abogadas-estudios-juridicos,abogadas,https://guiarsanrafael.com.ar/empresa/miron-gabriela-sofia/
106,7275,MARTINEZ Construcción & Metalúrgica,automatizaciones,automatizaciones,https://guiarsanrafael.com.ar/empresa/martinez-construccion-metalurgica/
106,7285,NATALIA E. VAZQUEZ,traductores-ingles,traductores,https://guiarsanrafael.com.ar/empresa/7285/
106,7291,MIGUEL MOLINUEVO,pediatria-neonatologia,pediatria-y-neonatologia,https://guiarsanrafael.com.ar/empresa/miguel-molinuevo-2/
106,7294,ROCIO M. FERREYRO,centro-de-rehabilitacion,centro-de-rehabilitacion,https://guiarsanrafael.com.ar/empresa/rocio-m-ferreyro/
106,7295,MELISA LÓPEZ,kinesiologia-y-fisioterapia,centro-de-rehabilitacion,https://guiarsanrafael.com.ar/empresa/melisa-lopez/
106,7305,JORGE SAMBRIZZI,ginecologia-y-obsterticia,ginecologia-y-obsterticia,https://guiarsanrafael.com.ar/empresa/jorge-sambrizzi/
106,7309,GAHENND Gastroenterología,gastroenterologia,gastroenterologia,https://guiarsanrafael.com.ar/empresa/gahennd-gastroenterologia/
106,7310,GUILLERMO FERNANDEZ,gastroenterologia,gastronomia,https://guiarsanrafael.com.ar/empresa/guillermo-fernandez-2/
107,7256,Ambrosini Luciana,abogados-abogadas-estudios-juridicos,abogadas,https://guiarsanrafael.com.ar/empresa/ambrosini-luciana/
107,7262,Perez Guadalupe Lucia,abogados-abogadas-estudios-juridicos,abogadas,https://guiarsanrafael.com.ar/empresa/perez-guadalupe-lucia/
107,7263,Martinez Ciriza Fátima Irene,abogados-abogadas-estudios-juridicos,abogadas,https://guiarsanrafael.com.ar/empresa/martinez-ciriza-fatima-irene/
107,7264,Barroso David Alejandro,abogados-abogadas-estudios-juridicos,abogadas,https://guiarsanrafael.com.ar/empresa/barroso-david-alejandro/
107,7265,Alonso Santiago Julián,abogados-abogadas-estudios-juridicos,abogadas,https://guiarsanrafael.com.ar/empresa/alonso-santiago-julian/
107,7266,Miccoli Antonio Martin,abogados-abogadas-estudios-juridicos,abogados,https://guiarsanrafael.com.ar/empresa/miccoli-antonio-martin/
107,7268,Repullés María Victoria,abogados-abogadas-estudios-juridicos,abogadas,https://guiarsanrafael.com.ar/empresa/repulles-maria-victoria/
107,7269,Díaz Gastón Emilio,abogados-abogadas-estudios-juridicos,abogados,https://guiarsanrafael.com.ar/empresa/diaz-gaston-emilio/
107,7270,Prieto María Julieta,abogados-abogadas-estudios-juridicos,abogadas,https://guiarsanrafael.com.ar/empresa/prieto-maria-julieta/
107,7271,Rusca Franco Julián,abogados-abogadas-estudios-juridicos,abogados,https://guiarsanrafael.com.ar/empresa/rusca-franco-julian/
108,7251,Rivamar Federico Andrés,abogados-abogadas-estudios-juridicos,abogados,https://guiarsanrafael.com.ar/empresa/rivamar-federico-andres/
108,7252,Guerrero	Walter Emanuel,abogados-abogadas-estudios-juridicos,abogados,https://guiarsanrafael.com.ar/empresa/guerrerowalter-emanuel/
108,7253,Cruz	Marco Valentín,abogados-abogadas-estudios-juridicos,abogados,https://guiarsanrafael.com.ar/empresa/cruzmarco-valentin/
108,7254,Istok Paola Vanesa,abogados-abogadas-estudios-juridicos,abogadas,https://guiarsanrafael.com.ar/empresa/istok-paola-vanesa/
108,7255,Fliguer Albornoz Guillermo Andrés,abogados-abogadas-estudios-juridicos,abogados,https://guiarsanrafael.com.ar/empresa/fliguer-albornoz-guillermo-andres/
108,7257,Sorroche Manno Angeles,abogados-abogadas-estudios-juridicos,abogadas,https://guiarsanrafael.com.ar/empresa/sorroche-manno-angeles/
108,7258,Ojeda Bernabé Maria Luz,abogados-abogadas-estudios-juridicos,abogadas,https://guiarsanrafael.com.ar/empresa/ojeda-bernabe-maria-luz/
108,7259,Montenegro Lía Mariana,abogados-abogadas-estudios-juridicos,abogadas,https://guiarsanrafael.com.ar/empresa/montenegro-lia-mariana/
108,7260,Jalif	Cristian Alejandro,abogados-abogadas-estudios-juridicos,abogados,https://guiarsanrafael.com.ar/empresa/jalifcristian-alejandro/
108,7261,Carabajal	Marcos Joel,abogados-abogadas-estudios-juridicos,abogadas,https://guiarsanrafael.com.ar/empresa/carabajalmarcos-joel/
109,7227,Vera	Erika Johana,abogados-abogadas-estudios-juridicos,abogadas,https://guiarsanrafael.com.ar/empresa/veraerika-johana/
109,7229,LO DE LETI Polleria,casa-de-comidas-rotiseria-viandas,casa-de-comidas,https://guiarsanrafael.com.ar/empresa/lo-de-leti/
109,7240,Gerardi María Laura,abogados-abogadas-estudios-juridicos,abogadas,https://guiarsanrafael.com.ar/empresa/gerardi-maria-laura/
109,7241,Velasco Francisco Alejandro,abogados-abogadas-estudios-juridicos,abogados,https://guiarsanrafael.com.ar/empresa/velasco-francisco-alejandro/
109,7243,Yapur Gómez Naim Kalid,abogados-abogadas-estudios-juridicos,abogados,https://guiarsanrafael.com.ar/empresa/yapur-gomez-naim-kalid/
109,7245,Pozo Norali del Valle,abogados-abogadas-estudios-juridicos,abogadas,https://guiarsanrafael.com.ar/empresa/pozo-norali-del-valle/
109,7246,Castilla Luis Francisco,abogados-abogadas-estudios-juridicos,,https://guiarsanrafael.com.ar/empresa/castilla-luis-francisco/
109,7247,Villarta Mariana del Valle,abogados-abogadas-estudios-juridicos,abogadas,https://guiarsanrafael.com.ar/empresa/villarta-mariana-del-valle/
109,7249,Cocco Karla Andrea,abogados-abogadas-estudios-juridicos,abogadas,https://guiarsanrafael.com.ar/empresa/cocco-karla-andrea/
109,7250,Correa María Virginia,abogados-abogadas-estudios-juridicos,abogadas,https://guiarsanrafael.com.ar/empresa/correa-maria-virginia/
110,7216,Meydac Marina Fernanda,abogados-abogadas-estudios-juridicos,abogadas,https://guiarsanrafael.com.ar/empresa/meydac-marina-fernanda/
110,7218,Grosso Georgina Antonella,abogados-abogadas-estudios-juridicos,abogadas,https://guiarsanrafael.com.ar/empresa/grosso-georgina-antonella/
110,7219,Carbajal Andrés,abogados-abogadas-estudios-juridicos,abogados,https://guiarsanrafael.com.ar/empresa/carbajal-andres/
110,7220,López Rita Mariana,abogados-abogadas-estudios-juridicos,abogadas,https://guiarsanrafael.com.ar/empresa/lopez-rita-mariana/
110,7221,Camiletti	Marcos Gabriel,abogados-abogadas-estudios-juridicos,abogados,https://guiarsanrafael.com.ar/empresa/camilettimarcos-gabriel/
110,7222,Sat Eraso	Amira Nahir,abogados-abogadas-estudios-juridicos,abogadas,https://guiarsanrafael.com.ar/empresa/sat-erasoamira-nahir/
110,7223,Caparros	Juan Mauricio,abogados-abogadas-estudios-juridicos,abogados,https://guiarsanrafael.com.ar/empresa/caparrosjuan-mauricio/
110,7224,San Juan 	Javier Alonso,abogados-abogadas-estudios-juridicos,abogados,https://guiarsanrafael.com.ar/empresa/san-juan-javier-alonso/
110,7225,Martinez	Gisela Eliana,abogados-abogadas-estudios-juridicos,abogadas,https://guiarsanrafael.com.ar/empresa/martinezgisela-eliana/
110,7226,Donati Bruno Luciano,abogados-abogadas-estudios-juridicos,abogados,https://guiarsanrafael.com.ar/empresa/donati-bruno-luciano/
111,7203,Piastrellini María Paula,abogados-abogadas-estudios-juridicos,abogadas,https://guiarsanrafael.com.ar/empresa/piastrellini-maria-paula/
111,7204,Maya Leandro Andrés,abogados-abogadas-estudios-juridicos,abogados,https://guiarsanrafael.com.ar/empresa/maya-leandro-andres/
111,7205,Moreno Matías Javier,abogados-abogadas-estudios-juridicos,abogados,https://guiarsanrafael.com.ar/empresa/moreno-matias-javier/
111,7206,Alcaya Sánchez Laura Estela,abogados-abogadas-estudios-juridicos,abogadas,https://guiarsanrafael.com.ar/empresa/alcaya-sanchez-laura-estela/
111,7207,Castaño Pablo Marcelo,abogados-abogadas-estudios-juridicos,abogados,https://guiarsanrafael.com.ar/empresa/castano-pablo-marcelo/
111,7209,Ayala Ailin Virginia,abogados-abogadas-estudios-juridicos,abogadas,https://guiarsanrafael.com.ar/empresa/ayala-ailin-virginia/
111,7210,Rebolloso María Celeste,abogados-abogadas-estudios-juridicos,abogadas,https://guiarsanrafael.com.ar/empresa/rebolloso-maria-celeste/
111,7211,Eraso Ana Elisa,abogados-abogadas-estudios-juridicos,abogadas,https://guiarsanrafael.com.ar/empresa/eraso-ana-elisa/
111,7214,Figueroa Scandella	Fabiola Vanesa,abogados-abogadas-estudios-juridicos,abogadas,https://guiarsanrafael.com.ar/empresa/figueroa-scandellafabiola-vanesa/
111,7215,Ortiz Prieto Andrea Bernabella,abogados-abogadas-estudios-juridicos,abogadas,https://guiarsanrafael.com.ar/empresa/ortiz-prieto-andrea-bernabella/
112,7193,Barbod Viñuela María Laura,abogados-abogadas-estudios-juridicos,abogadas,https://guiarsanrafael.com.ar/empresa/barbod-vinuela-maria-laura/
112,7194,Tarantelli	Silvina Laura,abogados-abogadas-estudios-juridicos,abogadas,https://guiarsanrafael.com.ar/empresa/tarantellisilvina-laura/
112,7195,Gutierrez	Indira Carolina,abogados-abogadas-estudios-juridicos,abogadas,https://guiarsanrafael.com.ar/empresa/gutierrezindira-carolina/
112,7196,Fiochetti	Mayra Yanina,abogados-abogadas-estudios-juridicos,abogadas,https://guiarsanrafael.com.ar/empresa/fiochettimayra-yanina/
112,7197,Olmedo Diana Laura,abogados-abogadas-estudios-juridicos,abogadas,https://guiarsanrafael.com.ar/empresa/olmedo-diana-laura/
112,7198,Quiles Gabriela Belén,abogados-abogadas-estudios-juridicos,abogadas,https://guiarsanrafael.com.ar/empresa/quiles-gabriela-belen/
112,7199,Morbidelli Marcelo Alejandro,abogados-abogadas-estudios-juridicos,abogados,https://guiarsanrafael.com.ar/empresa/morbidelli-marcelo-alejandro/
112,7200,Vignoni Juan Pablo,abogados-abogadas-estudios-juridicos,abogados,https://guiarsanrafael.com.ar/empresa/vignoni-juan-pablo/
112,7201,Bernués María Florencia,abogados-abogadas-estudios-juridicos,abogadas,https://guiarsanrafael.com.ar/empresa/bernuesmaria-florencia/
112,7202,Sat Anuar Gasim,abogados-abogadas-estudios-juridicos,abogados,https://guiarsanrafael.com.ar/empresa/sat-anuar-gasim/
113,7182,Zavattieri	María Florencia,abogados-abogadas-estudios-juridicos,abogadas,https://guiarsanrafael.com.ar/empresa/zavattierimaria-florencia/
113,7183,Diaz	Diego Luciano,abogados-abogadas-estudios-juridicos,abogados,https://guiarsanrafael.com.ar/empresa/diazdiego-luciano/
113,7184,Condori Nancy Susana,abogados-abogadas-estudios-juridicos,abogadas,https://guiarsanrafael.com.ar/empresa/condori-nancy-susana/
113,7185,Vizcaya Valeria,abogados-abogadas-estudios-juridicos,abogadas,https://guiarsanrafael.com.ar/empresa/vizcaya-valeria/
113,7186,Casas Navarro	Luciana Selene,abogados-abogadas-estudios-juridicos,abogadas,https://guiarsanrafael.com.ar/empresa/casas-navarroluciana-selene/
113,7188,Di Marco Pellegrini	Pablo Iván,abogados-abogadas-estudios-juridicos,abogados,https://guiarsanrafael.com.ar/empresa/di-marco-pellegrinipablo-ivan/
113,7189,Cruz Funes Elisa María,abogados-abogadas-estudios-juridicos,abogadas,https://guiarsanrafael.com.ar/empresa/cruz-funes-elisa-maria/
113,7190,Raposeiras Gabriela Gisel,abogados-abogadas-estudios-juridicos,abogadas,https://guiarsanrafael.com.ar/empresa/raposeiras-gabriela-gisel/
113,7191,Oga	Cristian Yoel,abogados-abogadas-estudios-juridicos,abogados,https://guiarsanrafael.com.ar/empresa/ogacristian-yoel/
113,7192,Bertero Verónica Mariel,abogados-abogadas-estudios-juridicos,abogadas,https://guiarsanrafael.com.ar/empresa/bertero-veronica-mariel/
114,7171,Pozo Ariel Eduardo,abogados-abogadas-estudios-juridicos,abogados,https://guiarsanrafael.com.ar/empresa/pozo-ariel-eduardo/
114,7172,Bonino Natalia,abogados-abogadas-estudios-juridicos,abogadas,https://guiarsanrafael.com.ar/empresa/bonino-natalia/
114,7173,Trollano Iván,abogados-abogadas-estudios-juridicos,abogados,https://guiarsanrafael.com.ar/empresa/trollano-ivan/
114,7175,Casado María Belén,abogados-abogadas-estudios-juridicos,abogadas,https://guiarsanrafael.com.ar/empresa/casado-maria-belen/
114,7176,Yasuff Nadir Rafael,abogados-abogadas-estudios-juridicos,abogados,https://guiarsanrafael.com.ar/empresa/yasuff-nadir-rafael/
114,7177,Biagini Mariela Adriana,abogados-abogadas-estudios-juridicos,abogadas,https://guiarsanrafael.com.ar/empresa/biagini-mariela-adriana/
114,7178,Rivero Gonzalez Romina Soledad,abogados-abogadas-estudios-juridicos,abogadas,https://guiarsanrafael.com.ar/empresa/rivero-gonzalez-romina-soledad/
114,7179,Mendez Gisela del R.,abogados-abogadas-estudios-juridicos,abogadas,https://guiarsanrafael.com.ar/empresa/mendez-gisela-del-r/
114,7180,Porte Roxana Elisabeth,abogados-abogadas-estudios-juridicos,abogadas,https://guiarsanrafael.com.ar/empresa/porte-roxana-elisabeth/
114,7181,Lupo Agostina Vivian,abogados-abogadas-estudios-juridicos,abogadas,https://guiarsanrafael.com.ar/empresa/lupo-agostina-vivian/
115,7158,Carallós Valeria,abogados-abogadas-estudios-juridicos,abogadas,https://guiarsanrafael.com.ar/empresa/carallos-valeria/
115,7159,Jofré Luis Alberto,abogados-abogadas-estudios-juridicos,abogados,https://guiarsanrafael.com.ar/empresa/jofre-luis-alberto/
115,7160,Del Pozzi	María de Guadalupe,abogados-abogadas-estudios-juridicos,abogadas,https://guiarsanrafael.com.ar/empresa/del-pozzimaria-de-guadalupe/
115,7161,Vavalá Silvana,abogados-abogadas-estudios-juridicos,abogadas,https://guiarsanrafael.com.ar/empresa/vavala-silvana/
115,7162,Cordero María Laura,abogados-abogadas-estudios-juridicos,abogadas,https://guiarsanrafael.com.ar/empresa/cordero-maria-laura/
115,7163,Morbidelli Gustavo Jesús,abogados-abogadas-estudios-juridicos,abogados,https://guiarsanrafael.com.ar/empresa/morbidelli-gustavo-jesus/
115,7164,Giraudo Debora Cecilia,abogados-abogadas-estudios-juridicos,abogadas,https://guiarsanrafael.com.ar/empresa/giraudo-debora-cecilia/
115,7167,Orozco Cecilia Andrea,abogados-abogadas-estudios-juridicos,abogadas,https://guiarsanrafael.com.ar/empresa/orozco-cecilia-andrea/
115,7168,Fernández Scarponi Anabel,abogados-abogadas-estudios-juridicos,abogadas,https://guiarsanrafael.com.ar/empresa/fernandez-scarponi-anabel/
115,7169,Pardi Manuel,abogados-abogadas-estudios-juridicos,abogados,https://guiarsanrafael.com.ar/empresa/pardi-manuel/
116,7147,Martos Paula C.,abogados-abogadas-estudios-juridicos,abogadas,https://guiarsanrafael.com.ar/empresa/martos-paula-c/
116,7149,Cinta Federico A.,abogados-abogadas-estudios-juridicos,abogados,https://guiarsanrafael.com.ar/empresa/cinta-federico-a/
116,7150,Guardia José Luis,abogados-abogadas-estudios-juridicos,abogados,https://guiarsanrafael.com.ar/empresa/guardia-jose-luis/
116,7151,Hernando Natalia,abogados-abogadas-estudios-juridicos,abogadas,https://guiarsanrafael.com.ar/empresa/hernando-natalia/
116,7152,Fuentes María Noelia,abogados-abogadas-estudios-juridicos,abogadas,https://guiarsanrafael.com.ar/empresa/fuentes-maria-noelia/
116,7153,Aguilera María de los A.,abogados-abogadas-estudios-juridicos,abogadas,https://guiarsanrafael.com.ar/empresa/aguilera-maria-de-los-a/
116,7154,Bustos Clarisa Noemí,abogados-abogadas-estudios-juridicos,abogadas,https://guiarsanrafael.com.ar/empresa/bustos-clarisa-noemi/
116,7155,LILIANA B. BALDONI,abogados-abogadas-estudios-juridicos,abogadas,https://guiarsanrafael.com.ar/empresa/baldoni-liliana-b/
116,7156,Valdivia Christel Beatriz,abogados-abogadas-estudios-juridicos,abogadas,https://guiarsanrafael.com.ar/empresa/valdivia-christel-beatriz/
116,7157,Guillén Giuliana M.,abogados-abogadas-estudios-juridicos,abogadas,https://guiarsanrafael.com.ar/empresa/guillen-giuliana-m/
117,7137,Cabrera Silvia C.,abogados-abogadas-estudios-juridicos,abogadas,https://guiarsanrafael.com.ar/empresa/cabrera-silvia-c/
117,7138,Ayala Claudio Omar,abogados-abogadas-estudios-juridicos,abogados,https://guiarsanrafael.com.ar/empresa/ayala-claudio-omar/
117,7139,Guerrero Martín M.,abogados-abogadas-estudios-juridicos,abogados,https://guiarsanrafael.com.ar/empresa/guerrero-martin-m/
117,7140,Bisceglia Bernardo A.,abogados-abogadas-estudios-juridicos,abogadas,https://guiarsanrafael.com.ar/empresa/bisceglia-bernardo-a/
117,7141,Tatángelo Javier A.,abogados-abogadas-estudios-juridicos,abogados,https://guiarsanrafael.com.ar/empresa/tatangelo-javier-a/
117,7142,Mercau Lucas Sebastián,abogados-abogadas-estudios-juridicos,abogados,https://guiarsanrafael.com.ar/empresa/mercau-lucas-sebastian/
117,7143,Granollers Ramiro Germán,abogados-abogadas-estudios-juridicos,abogados,https://guiarsanrafael.com.ar/empresa/granollers-ramiro-german/
117,7144,Ayub Andrés Horacio,abogados-abogadas-estudios-juridicos,abogados,https://guiarsanrafael.com.ar/empresa/ayub-andres-horacio/
117,7145,Mastrocola Paola J.,abogados-abogadas-estudios-juridicos,abogadas,https://guiarsanrafael.com.ar/empresa/mastrocola-paola-j/
117,7146,Dí Césare	Pablo Federico,abogados-abogadas-estudios-juridicos,abogados,https://guiarsanrafael.com.ar/empresa/di-cesarepablo-federico/
118,7123,Panebianco Javier,abogados-abogadas-estudios-juridicos,abogados,https://guiarsanrafael.com.ar/empresa/panebianco-javier/
118,7124,Encinas Gustavo Elbio,abogados-abogadas-estudios-juridicos,abogados,https://guiarsanrafael.com.ar/empresa/encinas-gustavo-elbio/
118,7128,Failla María José,abogados-abogadas-estudios-juridicos,abogadas,https://guiarsanrafael.com.ar/empresa/failla-maria-jose/
118,7129,Bielli María Fernada,abogados-abogadas-estudios-juridicos,abogadas,https://guiarsanrafael.com.ar/empresa/bielli-maria-fernada/
118,7130,Juri Isaac Alfredo,abogados-abogadas-estudios-juridicos,abogados,https://guiarsanrafael.com.ar/empresa/juri-isaac-alfredo/
118,7131,Corvalan Raul Alberto,abogados-abogadas-estudios-juridicos,abogadas,https://guiarsanrafael.com.ar/empresa/corvalan-raul-alberto/
118,7132,Medde María Belén,abogados-abogadas-estudios-juridicos,abogadas,https://guiarsanrafael.com.ar/empresa/medde-maria-belen/
118,7133,Carpio Mariana C.,abogados-abogadas-estudios-juridicos,abogadas,https://guiarsanrafael.com.ar/empresa/carpio-mariana-c/
118,7135,Coduti Emanuel,abogados-abogadas-estudios-juridicos,abogados,https://guiarsanrafael.com.ar/empresa/coduti-emanuel/
118,7136,Carallol Melisa C.,abogados-abogadas-estudios-juridicos,abogadas,https://guiarsanrafael.com.ar/empresa/carallol-melisa-c/
119,7113,Altamiranda Sergio R.,abogados-abogadas-estudios-juridicos,abogados,https://guiarsanrafael.com.ar/empresa/altamiranda-sergio-r/
119,7114,Labanca Nicolás,abogados-abogadas-estudios-juridicos,abogados,https://guiarsanrafael.com.ar/empresa/labanca-nicolas/
119,7115,Pizarro Erica,abogados-abogadas-estudios-juridicos,abogadas,https://guiarsanrafael.com.ar/empresa/pizarro-erica/
119,7116,Camargo	Andrea E.,abogados-abogadas-estudios-juridicos,abogadas,https://guiarsanrafael.com.ar/empresa/camargoandrea-e/
119,7117,Miguel José David,abogados-abogadas-estudios-juridicos,abogados,https://guiarsanrafael.com.ar/empresa/miguel-jose-david/
119,7118,Pietrelli Andrea V.,abogados-abogadas-estudios-juridicos,abogadas,https://guiarsanrafael.com.ar/empresa/pietrelli-andrea-v/
119,7119,Sierra Diego Martin,abogados-abogadas-estudios-juridicos,abogados,https://guiarsanrafael.com.ar/empresa/sierra-diego-martin/
119,7120,Sánchez Mauricio R.,abogados-abogadas-estudios-juridicos,abogados,https://guiarsanrafael.com.ar/empresa/sanchez-mauricio-r/
119,7121,Bayona Silvia B.,abogados-abogadas-estudios-juridicos,abogadas,https://guiarsanrafael.com.ar/empresa/bayona-silvia-b/
119,7122,Buscemi Martín J.,abogados-abogadas-estudios-juridicos,abogados,https://guiarsanrafael.com.ar/empresa/buscemi-martin-j/
120,7055,DANIELA GRECO,dermatologia,dermatologia,https://guiarsanrafael.com.ar/empresa/daniela-greco/
120,7058,ALEJANDRA ATENCIO,dermatologia,dermatologia,https://guiarsanrafael.com.ar/empresa/alejandra-atencio/
120,7061,VERONICA MARTINEZ,pediatria-neonatologia,pediatria-y-neonatologia,https://guiarsanrafael.com.ar/empresa/veronica-martinez/
120,7064,SYSTEM Seguridad Electrónica,alarmas,alarmas,https://guiarsanrafael.com.ar/empresa/system-seguridad-electronica/
120,7073,AUGUSTO E. CLAUSEN,escribanias-escribanos-escribanas-mandatario-mandataria-notarios-notarias,escribanias,https://guiarsanrafael.com.ar/empresa/augusto-e-clausen/
120,7092,RICARDO LAZARO,odontologia,implantes,https://guiarsanrafael.com.ar/empresa/ricardo-lazaro/
120,7096,ZAÁZIL Vivero & Jardinería,jardineria,jardineria,https://guiarsanrafael.com.ar/empresa/zaazil-vivero-jardineria/
120,7105,MARÍA AYELÉN JUÁREZ,nutricion-nutricionistas,nutricionistas,https://guiarsanrafael.com.ar/empresa/maria-ayelen-juarez/
120,7109,Cornejo Noelia,abogados-abogadas-estudios-juridicos,abogadas,https://guiarsanrafael.com.ar/empresa/cornejo-noelia/
120,7112,Ochoa Marisa E.,abogados-abogadas-estudios-juridicos,abogadas,https://guiarsanrafael.com.ar/empresa/ochoa-marisa-e/
121,6974,EMILIA PATURLANNE,psicologia,psicologia,https://guiarsanrafael.com.ar/empresa/emilia-paturlanne/
121,6981,RECTIFICADORA 9 DE JULIO,rectificaciones-rectificadoras,mecanica-del-automotor,https://guiarsanrafael.com.ar/empresa/rectificadora-9-de-julio/
121,6991,GE – FIT Gimnasio,gimnasios-gym,gimnasios,https://guiarsanrafael.com.ar/empresa/ge-fit-gimnasio/
121,6999,MARTIN LEROY,medicina-de-familia,medicina-de-familia,https://guiarsanrafael.com.ar/empresa/martin-leroy/
121,7002,SANTINO MUEBLERÍA,amoblamientos,amoblamientos,https://guiarsanrafael.com.ar/empresa/santino-muebleria/
121,7013,MECANICA CARLOS MUÑOZ,diagnostico-computarizado-mecanica,diagnostico-computarizado,https://guiarsanrafael.com.ar/empresa/mecanica-carlos-munoz/
121,7021,FABIO RIOS BOBINADOS,bobinados-electricidad,bobinados,https://guiarsanrafael.com.ar/empresa/fabio-rios-bobinados/
121,7029,PELUQUERÍAS ALMAFUERTE,barberias-peluqueria-barberos,estilistas,https://guiarsanrafael.com.ar/empresa/peluquerias-almafuerte/
121,7037,BARBER SHOP,barberias-peluqueria-barberos,barberias,https://guiarsanrafael.com.ar/empresa/barber-shop/
121,7046,PLAZA CUCINA,casa-de-comidas-rotiseria-viandas,casa-de-comidas,https://guiarsanrafael.com.ar/empresa/plaza-cucina/
122,6896,PAMELA SALINAS,ginecologia-y-obsterticia,ginecologia-y-obsterticia,https://guiarsanrafael.com.ar/empresa/pamela-salinas/
122,6900,MARINA SERRANO,medicina-estetica,medicina-estetica,https://guiarsanrafael.com.ar/empresa/6900/
122,6910,MC Repuestos,electricidad-del-automotor,electricidad-del-automotor,https://guiarsanrafael.com.ar/empresa/mc-repuestos/
122,6918,RAIZ Tienda Saludable,dieteticas-productos-naturales,almacen-celiaco,https://guiarsanrafael.com.ar/empresa/raiz-tienda-saludable/
122,6932,GRACIELA VELAZQUEZ,pedicuria,centro-de-estetica,https://guiarsanrafael.com.ar/empresa/6932/
122,6940,BIG CELL Servicio & Telefonía,accesorios-de-telefonia-celular,servicio-tecnico,https://guiarsanrafael.com.ar/empresa/big-cell-servicio-telefonia/
122,6948,FIAMMA ESTÉTICA,centro-de-estetica,centro-de-estetica,https://guiarsanrafael.com.ar/empresa/fiamma-estetica/
122,6958,ADRIAN GIMENEZ,abogados-abogadas-estudios-juridicos,abogados,https://guiarsanrafael.com.ar/empresa/adrian-gimenez/
122,6962,MARINA AYELEN CHIRINO,abogados-abogadas-estudios-juridicos,abogadas,https://guiarsanrafael.com.ar/empresa/marina-ayelen-chirino/
122,6966,DIEGO AQUILES AIMONE,odontologia,instituto-odontologicos,https://guiarsanrafael.com.ar/empresa/diego-aquiles-aimone/
123,6813,NOVA Diseño y Publicidad,carteleria-graficas-ploteados-letreros,carteleria,https://guiarsanrafael.com.ar/empresa/nova-diseno-y-publicidad/
123,6824,VANINA LUGEA,estilistas-peluqueria-barberias,peluqueria,https://guiarsanrafael.com.ar/empresa/vanina-lugea/
123,6832,DETALLES  Levanta Cristales,alarmas,accesorios-del-automotor,https://guiarsanrafael.com.ar/empresa/detalles-levanta-cristales/
123,6839,MIRNA RUIZ,otorrinolaringologia-nariz-garganta-oido,nariz-garganta-y-oido,https://guiarsanrafael.com.ar/empresa/mirna-ruiz/
123,6852,DAYTONA Garage,estetica-vehicular-tuning,estetica-vehicular,https://guiarsanrafael.com.ar/empresa/daytona-garage/
123,6860,CLAUDIA RADA,manicuria-nails,manicuria,https://guiarsanrafael.com.ar/empresa/claudia-rada/
123,6868,JULIANA TORTOSA,endodoncia,odontologia,https://guiarsanrafael.com.ar/empresa/juliana-tortosa/
123,6873,SILVINA MERIELA PEREZ,protesistas-protesis,laboratorio-dental,https://guiarsanrafael.com.ar/empresa/silvina-meriela-perez/
123,6880,SANELEC Ferretería,ferreterias-herramientas,ferreterias,https://guiarsanrafael.com.ar/empresa/sanelec-ferreteria/
123,6887,VALENTIN Electrónica Automotriz,diagnostico-computarizado-mecanica,diagnostico-computarizado,https://guiarsanrafael.com.ar/empresa/6887/
124,6751,ANA BOROVINA,cardiologia-medico-cardiologo,cardiologia,https://guiarsanrafael.com.ar/empresa/ana-borovina/
124,6752,BRUNO BOROVINA,cardiologia-medico-cardiologo,cardiologia,https://guiarsanrafael.com.ar/empresa/bruno-borovina/
124,6753,ALDO BOROVINA,cardiologia-medico-cardiologo,cardiologia,https://guiarsanrafael.com.ar/empresa/aldo-borovina/
124,6770,MARIA LAURA SODERO,contadores-estudios-contables,contadores,https://guiarsanrafael.com.ar/empresa/maria-laura-sodero/
124,6771,PAMELA ROMINA FERNADEZ,neurologia-infantil-pediatria,neurologia-infantil,https://guiarsanrafael.com.ar/empresa/pamela-romina-fernadez/
124,6786,CERRAJERÍA GUAJARDO,cerrajerias,cerrajerias,https://guiarsanrafael.com.ar/empresa/cerrajeria-guajardo/
124,6792,DIETETICA 66,dieteticas-productos-naturales,dieteticas,https://guiarsanrafael.com.ar/empresa/dietetica-66/
124,6799,MARIANO EZEQUIEL DÍAZ,odontologia,odontologia,https://guiarsanrafael.com.ar/empresa/mariano-ezequiel-diaz/
124,6802,CRISTINA GÓMEZ,clinica-medica,nefrologia,https://guiarsanrafael.com.ar/empresa/cristina-gomez/
124,6805,DIGER Electrónica,electronica,electronica,https://guiarsanrafael.com.ar/empresa/diger-electronica/
125,6643,AQUA Pesca y Camping,articulos-de-camping,casa-de-pesca,https://guiarsanrafael.com.ar/empresa/aqua-pesca-y-camping/
125,6653,GENOVA Salud,consultorios-medicos,consultorios-medicos,https://guiarsanrafael.com.ar/empresa/genova-salud/
125,6654,JULIETA ESTEVAN GILI,clinica-medica,clinica-medica,https://guiarsanrafael.com.ar/empresa/julieta-estevan-gili/
125,6664,BAZAR LA CASA,articulos-para-el-hogar-bazar,articulos-para-el-hogar,https://guiarsanrafael.com.ar/empresa/bazar-la-casa/
125,6682,ANTONELLA CICHELLI,grafologia-grafoterapia-grafologa,grafologia,https://guiarsanrafael.com.ar/empresa/antonella-cichelli/
125,6703,FABIAN SOSA Zinguería & Metalúrgica,metalurgicas,corte-y-plegado-de-chapas,https://guiarsanrafael.com.ar/empresa/fabian-sosa-zingueria-metalurgica/
125,6715,TAURO GIM,gimnasios-gym,gimnasios,https://guiarsanrafael.com.ar/empresa/tauro-gim/
125,6722,AMARA Centro de Estética,centro-de-estetica,centro-de-estetica,https://guiarsanrafael.com.ar/empresa/amara-centro-de-estetica/
125,6731,GO AUTOS,agencia-de-autos-automotores,agencia-de-autos,https://guiarsanrafael.com.ar/empresa/go-autos/
125,6744,GABRIELA MIRON,abogados-abogadas-estudios-juridicos,abogadas,https://guiarsanrafael.com.ar/empresa/gabriela-miron/
126,6571,LOS MEDANOS Sabor Casero,carnicerias,carniceria,https://guiarsanrafael.com.ar/empresa/los-medanos-sabor-casero/
126,6580,MTM Ferretería Industrial,ferreterias-herramientas,ferreteria-industrial,https://guiarsanrafael.com.ar/empresa/mtm-ferreteria-industrial/
126,6583,MTM Servico Oficial,herramientas,herramientas,https://guiarsanrafael.com.ar/empresa/mtm-ferreteria-industrial-2/
126,6601,JM Carpintería de Aluminio,aberturas,aberturas,https://guiarsanrafael.com.ar/empresa/jm-carpinteria-de-aluminio/
126,6602,TRANSPORTE DON LUCHO,expresos-transporte-encomiendas,emcomiendas,https://guiarsanrafael.com.ar/empresa/transporte-don-lucho/
126,6604,DANI Aberturas de Aluminio,aberturas,aberturas,https://guiarsanrafael.com.ar/empresa/dani-aberturas-de-aluminio/
126,6628,EMILIANO SOSA PONS,odontologia,odontologia,https://guiarsanrafael.com.ar/empresa/emiliano-sosa-pons/
126,6631,ADRIANA GAMBARO,odontologia,odontologia,https://guiarsanrafael.com.ar/empresa/adriana-gambaro/
126,6634,FLORENCIA ALOSSI,odontologia,odontologia,https://guiarsanrafael.com.ar/empresa/florencia-alossi/
126,6638,DI PIETRO PAOLA,implantes,implantes,https://guiarsanrafael.com.ar/empresa/di-pietro-paola/
127,6531,SERGIO CIARDULLO,pediatria-neonatologia,pediatria-y-neonatologia,https://guiarsanrafael.com.ar/empresa/sergio-ciardullo/
127,6534,ORGANIZACIÓN DEMURU,productor-de-seguros,productor-de-seguros,https://guiarsanrafael.com.ar/empresa/organizacion-demuru/
127,6543,ALEJANDRA BLANCO ALLEMANT,endocrinologia,ginecologia-y-obsterticia,https://guiarsanrafael.com.ar/empresa/alejandra-blanco-allemant/
127,6546,FRANCO TALLEY,traumatologia-y-ortopedia,traumatologia,https://guiarsanrafael.com.ar/empresa/franco-talley/
127,6547,DIEGO RIPA,traumatologia-y-ortopedia,traumatologia,https://guiarsanrafael.com.ar/empresa/diego-ripa/
127,6548,DIEGO SOSA,traumatologia-y-ortopedia,traumatologia,https://guiarsanrafael.com.ar/empresa/diego-sosa/
127,6549,EDUARDO CHAVARRI,traumatologia-y-ortopedia,traumatologia,https://guiarsanrafael.com.ar/empresa/eduardo-chavari/
127,6550,INSTITUTO ARTRO SAN RAFAEL,institutos-medicos-consultorios-medicos,instituto-medico,https://guiarsanrafael.com.ar/empresa/artro-san-rafael/
127,6565,SILVANA QUINTANO,odontologia,implantes,https://guiarsanrafael.com.ar/empresa/silvana-quintano/
127,6568,GIA GARGANTINI ARQUITECTURA,arquitetos-arquitectura-estudios-tecnicos-arquitecta,arquitectos,https://guiarsanrafael.com.ar/empresa/gia-gargantini-arquitectura/
128,6467,ML Accesorios,accesorios-de-telefonia-celular,servicio-tecnico,https://guiarsanrafael.com.ar/empresa/ml-accesorios/
128,6474,ARIEL HUERTA Servicio de Gomería,gomerias-neumaticos-gomas-cubiertas,gomeria,https://guiarsanrafael.com.ar/empresa/ariel-huerta-servicio-de-gomeria/
128,6477,EVOLUTION CELL,accesorios-de-telefonia-celular,servicio-tecnico,https://guiarsanrafael.com.ar/empresa/evolution-cell/
128,6484,SEBASTIAN BIURRUM,clinica-medica,urologia,https://guiarsanrafael.com.ar/empresa/sebastian-biurrum/
128,6488,PATRICIA HUMAR,esteticista-cosmiatra,centro-de-estetica,https://guiarsanrafael.com.ar/empresa/patricia-humar/
128,6497,URBANA MEDICA,consultorios-medicos,consultorios-medicos,https://guiarsanrafael.com.ar/empresa/urbana-medica/
128,6498,URBANA MEDICA 2,consultorios-medicos,consultorios-medicos,https://guiarsanrafael.com.ar/empresa/urbana-medica-2/
128,6499,GONZALO HERRERA,pediatria-neonatologia,pediatria-y-neonatologia,https://guiarsanrafael.com.ar/empresa/gonzalo-herrera/
128,6514,SOL MAYOR Instituto de Música,institutos-de-musica,academias,https://guiarsanrafael.com.ar/empresa/sol-mayor-instituto-de-musica/
128,6522,CARLOS JAVIER LEITON,traumatologia-y-ortopedia,traumatologia,https://guiarsanrafael.com.ar/empresa/carlos-javier-leiton/
129,6398,LOURDES BURZACO,odontologia,odontologia,https://guiarsanrafael.com.ar/empresa/lourdes-burzaco/
129,6401,PIPI PANCHOS Sandwichería,pancherias-lomos-sanguchreria-pizaerias-pizzas,hamburgueserias,https://guiarsanrafael.com.ar/empresa/pipi-panchos-sandwicheria/
129,6410,BARCHIESI BOMBAS,bombas-de-agua-riego,bombas-de-agua,https://guiarsanrafael.com.ar/empresa/barchiesi-bombas/
129,6422,FEDERICO PÉREZ PESCE,kinesiologia-y-fisioterapia,kinesiologia-y-fisioterapia,https://guiarsanrafael.com.ar/empresa/federico-perez-pesce/
129,6425,JL MUEBLES San Rafael,amoblamientos,amoblamientos,https://guiarsanrafael.com.ar/empresa/jl-muebles-san-rafael/
129,6434,TAINA Rico y Saludable,casa-de-comidas-rotiseria-viandas,casa-de-comidas,https://guiarsanrafael.com.ar/empresa/taina-rico-y-saludable/
129,6435,MARÍA EUGENIA MORALES,nutricion-nutricionistas,nutricionistas,https://guiarsanrafael.com.ar/empresa/maria-eugenia-morales/
129,6445,MALCO RUBIN,diabetologia,diabetologia,https://guiarsanrafael.com.ar/empresa/malco-rubin/
129,6448,GABRIELA MOLINA,centro-de-estetica,centro-de-estetica,https://guiarsanrafael.com.ar/empresa/gabriela-molina/
129,6458,MARA MANCINI,estilistas-peluqueria-barberias,estilistas,https://guiarsanrafael.com.ar/empresa/mara-mancini/
130,6329,MORENO Panadería & Confitería,catering-empresas-gastronomicas,confiteria,https://guiarsanrafael.com.ar/empresa/moreno-panaderia-confiteria/
130,6340,GERÓNIMO MAGNENAT,centro-de-rehabilitacion,centro-de-rehabilitacion,https://guiarsanrafael.com.ar/empresa/geronimo-magnenat/
130,6343,CISA Centro Integral de Salud Animal,alimentos-balanceados,alimentos-balanceados,https://guiarsanrafael.com.ar/empresa/cisa-centro-integral-de-salud-animal/
130,6344,DIDIER DI CESARE,veterinarios,veterinarios,https://guiarsanrafael.com.ar/empresa/didier-di-cesare/
130,6348,FABIAN MUÑOZ,clinica-medica,clinica-medica,https://guiarsanrafael.com.ar/empresa/6348/
130,6355,FABIAN FERREIRA,ecografias,ginecologia-y-obsterticia,https://guiarsanrafael.com.ar/empresa/fabian-ferreira/
130,6372,ADRIAN ARANO,auxiliar-en-kinesiologia,masoterapeuta,https://guiarsanrafael.com.ar/empresa/adrian-arano/
130,6379,VICTORIA MARIA FLORENCIA,pediatria-neonatologia,pediatria-y-neonatologia,https://guiarsanrafael.com.ar/empresa/victoria-maria-florencia/
130,6383,LAURA MONDACA Cosmiatra,centro-de-estetica,centro-de-estetica,https://guiarsanrafael.com.ar/empresa/laura-mondaca-cosmiatra/
130,6391,LAVANDERÍA LAS HERAS,lavanderias,lavanderias,https://guiarsanrafael.com.ar/empresa/lavanderia-las-heras/
131,6254,GERMÁN A. SIRACUSA,centro-de-rehabilitacion,centro-de-rehabilitacion,https://guiarsanrafael.com.ar/empresa/german-a-siracusa/
131,6258,VALERIA SARMIENTO,abogados-abogadas-estudios-juridicos,abogadas,https://guiarsanrafael.com.ar/empresa/valeria-sarmiento/
131,6265,LUCIANA ANTONELLA GRASSI,clinica-medica,clinica-medica,https://guiarsanrafael.com.ar/empresa/luciana-antonella-grassi/
131,6277,PLAZA Instituto Médico,consultorios-medicos,consultorios-medicos,https://guiarsanrafael.com.ar/empresa/plaza-instituto-medico/
131,6279,NATALIA FREIRE,odontologia,odontologia,https://guiarsanrafael.com.ar/empresa/natalia-freire/
131,6280,MAS Instituto Médico,consultorios-medicos,consultorios-medicos,https://guiarsanrafael.com.ar/empresa/mas-instituto-medico/
131,6299,FERNANDO SUTTER,contadores-estudios-contables,contadores,https://guiarsanrafael.com.ar/empresa/fernando-sutter/
131,6305,EZEQUIEL GIMENEZ,kinesiologia-y-fisioterapia,kinesiologia-y-fisioterapia,https://guiarsanrafael.com.ar/empresa/ezequiel-gimenez/
131,6309,SAN MARINO Gimnasio,gimnasios-gym,gimnasios,https://guiarsanrafael.com.ar/empresa/san-marino-gimnasio/
131,6317,PASTELLA Pastelería & Cafetería,cafeterias-cafe-desayunos,cafeterias,https://guiarsanrafael.com.ar/empresa/pastella-pasteleria-cafeteria/
132,6172,IVANA CAPONE,bioquimicos-laboratorio,bioquimicos,https://guiarsanrafael.com.ar/empresa/ivana-capone/
132,6173,CARLOS MARTINEZ,bioquimicos-laboratorio,bioquimicos,https://guiarsanrafael.com.ar/empresa/carlos-martinez/
132,6194,DENISE LANA,administraciones-alquileres-inmobiliarias,administraciones,https://guiarsanrafael.com.ar/empresa/denise-lana/
132,6198,LALO FARINA Mecánica,inyeccion-electronica,mecanica-del-automotor,https://guiarsanrafael.com.ar/empresa/lalo-farina-mecanica/
132,6202,SOMBRA Hnos.,aridos-canteras,aridos,https://guiarsanrafael.com.ar/empresa/sombra-hnos/
132,6214,NATALIA ZINGARETTI,pediatria-neonatologia,pediatria-y-neonatologia,https://guiarsanrafael.com.ar/empresa/natalia-zingaretti/
132,6232,MELINA CRESPO,cardiologia-medico-cardiologo,cardiologia,https://guiarsanrafael.com.ar/empresa/melina-crespo/
132,6236,INTEGRAL PILATES,gimnasios-gym,gimnasios,https://guiarsanrafael.com.ar/empresa/integral-pilates/
132,6244,BELEN Panadería Y Confitería,confiterias-reposteria,confiteria,https://guiarsanrafael.com.ar/empresa/belen-panaderia-y-confiteria/
132,6257,GUILLERMO ROSALES,kinesiologia-y-fisioterapia,kinesiologia-y-fisioterapia,https://guiarsanrafael.com.ar/empresa/guillermo-rosales/
133,6098,DANIEL CATANESE,kinesiologia-y-fisioterapia,kinesiologia-y-fisioterapia,https://guiarsanrafael.com.ar/empresa/daniel-catanese/
133,6101,CENTRO DEL DIAGNÓSTICO,consultorios-medicos,consultorios-medicos,https://guiarsanrafael.com.ar/empresa/centro-del-diagnostico/
133,6112,INAGEN SALUD s.r.l.,diagnostico-por-imagenes-ecografia-mamografias,diagnostico-por-imagenes,https://guiarsanrafael.com.ar/empresa/inagen-salud-s-r-l/
133,6122,MARINA OLDANI,kinesiologia-y-fisioterapia,centro-de-rehabilitacion,https://guiarsanrafael.com.ar/empresa/marina-oldani/
133,6131,MC Racing,diagnostico-computarizado-mecanica,diagnostico-computarizado,https://guiarsanrafael.com.ar/empresa/mc-racing/
133,6139,DIEGO MARTIN MIRAS,implantes,implantes,https://guiarsanrafael.com.ar/empresa/diego-martin-miras/
133,6148,MONICA TORREGROSA,escribanias-escribanos-escribanas-mandatario-mandataria-notarios-notarias,escribanas,https://guiarsanrafael.com.ar/empresa/monica-torregrosa/
133,6149,MARIA MARTA DIAZ,escribanias-escribanos-escribanas-mandatario-mandataria-notarios-notarias,escribanas,https://guiarsanrafael.com.ar/empresa/maria-marta-diaz/
133,6158,ALEJANDRA TELLO,auxiliar-en-kinesiologia,auxiliar-en-kinesiologia,https://guiarsanrafael.com.ar/empresa/alejandra-tello/
133,6166,ALTA IMAGEN S.A. Diagnóstico Medico,diagnostico-por-imagenes-ecografia-mamografias,diagnostico-por-imagenes,https://guiarsanrafael.com.ar/empresa/alta-imagen-s-a-diagnostico-medico/
134,6041,JORGE MERCADO,oftalmologia-oftalmologos,oftalmologia,https://guiarsanrafael.com.ar/empresa/jorge-mercado/
134,6042,PABLO MAHIA,oftalmologia-oftalmologos,oftalmologia,https://guiarsanrafael.com.ar/empresa/pablo-mahia/
134,6043,CARLOS A. MUSSA,oftalmologia-oftalmologos,oftalmologia,https://guiarsanrafael.com.ar/empresa/carlos-a-mussa/
134,6044,LEANDRO ROCA,oftalmologia-oftalmologos,oftalmologia,https://guiarsanrafael.com.ar/empresa/leandro-roca/
134,6060,GUILLERMO CALLE,arquitetos-arquitectura-estudios-tecnicos-arquitecta,arquitectos,https://guiarsanrafael.com.ar/empresa/guillermo-calle/
134,6066,LA ESPERANZA DEL VALLE Cabañas,alojamiento-cabanas-camping,alojamientos,https://guiarsanrafael.com.ar/empresa/la-esperanza-del-valle-cabanas/
134,6079,LA ESPERANZA  Contenedores,aridos-canteras,contenedores,https://guiarsanrafael.com.ar/empresa/la-esperanza-contenedores/
134,6084,NORBERTO MOLZALVO,agrimensores-agrimensura-estudios-tecnicos,agrimensores,https://guiarsanrafael.com.ar/empresa/norberto-molzalvo/
134,6085,ARIAN NORBERTO MONZALVO,agrimensores-agrimensura-estudios-tecnicos,agrimensores,https://guiarsanrafael.com.ar/empresa/arian-norberto-monzalvo/
134,6086,MONZALVO y ASOCIADOS Grupo Consultor,agrimensores-agrimensura-estudios-tecnicos,agrimensores,https://guiarsanrafael.com.ar/empresa/monzalvo-y-asociados-grupo-consultor/
135,5989,CERENART Centro de Rehabilitación,centro-de-rehabilitacion,centro-de-rehabilitacion,https://guiarsanrafael.com.ar/empresa/cerenart-centro-de-rehabilitacion/
135,5990,MARCELO FERREYRA,centro-de-rehabilitacion,centro-de-rehabilitacion,https://guiarsanrafael.com.ar/empresa/marcelo-ferreyra/
135,5995,GOOD PANCHO,pancherias-lomos-sanguchreria-pizaerias-pizzas,hamburgueserias,https://guiarsanrafael.com.ar/empresa/5995/
135,6006,MATIAS CARO,veterinarios,veterinarios,https://guiarsanrafael.com.ar/empresa/matias-caro/
135,6021,CRISTIAN GINESTAR,veterinarios,veterinarios,https://guiarsanrafael.com.ar/empresa/cristian-ginestar/
135,6022,MARIANO MASINI,veterinarios,veterinarios,https://guiarsanrafael.com.ar/empresa/mariano-masini/
135,6024,CECILIA GARCIA,veterinarios,veterinarios,https://guiarsanrafael.com.ar/empresa/cecilia-garcia/
135,6028,VETERINARIA SAN RAFAEL,alimentos-balanceados,alimentos-balanceados,https://guiarsanrafael.com.ar/empresa/veterinaria-san-rafael/
135,6029,CECILIA ARREDONDO,centro-de-estetica,centro-de-estetica,https://guiarsanrafael.com.ar/empresa/cecilia-arredondo/
135,6040,INSTITUTO DR. MERCADO  SURVISION S.A.,institutos-oftalmologicos-oftalmologia-oftalmologos,centro-oftalmologico,https://guiarsanrafael.com.ar/empresa/instituto-dr-mercado-survision-s-a/
136,5916,ANTENOR CRUZ FUNEZ,kinesiologia-y-fisioterapia,kinesiologia-y-fisioterapia,https://guiarsanrafael.com.ar/empresa/antenor-cruz-funez/
136,5925,SINERGIA Academia,academia,academias,https://guiarsanrafael.com.ar/empresa/sinergia-academia/
136,5942,SINERGIA Insumos de Peluquería,insumos-para-estetica,insumos-para-estetica,https://guiarsanrafael.com.ar/empresa/sinergia-insumos-de-peluqueria/
136,5946,MORBIDELLI Amoblamientos & Marmolería,amoblamientos,amoblamientos,https://guiarsanrafael.com.ar/empresa/morbidelli-amoblamientos-marmoleria/
136,5953,PLAZA COPIADOS,carteleria-graficas-ploteados-letreros,carteleria,https://guiarsanrafael.com.ar/empresa/plaza-copiados/
136,5961,MARCELA FERNADEZ,academia,academias,https://guiarsanrafael.com.ar/empresa/marcela-fernadez/
136,5968,SERGIO R. FERNANDEZ,psiquiatria,psiquiatria,https://guiarsanrafael.com.ar/empresa/5968/
136,5971,GORILLA Grow Shop,fertilizantes,fertilizantes,https://guiarsanrafael.com.ar/empresa/gorilla-grow-shop/
136,5977,ANDRES GERVASI,productor-de-seguros,productor-de-seguros,https://guiarsanrafael.com.ar/empresa/andres-gervasi/
136,5983,GONZALO A. TORRICO RODRIGUEZ,escribanias-escribanos-escribanas-mandatario-mandataria-notarios-notarias,escribanas,https://guiarsanrafael.com.ar/empresa/gonzalo-a-torrico-rodriguez/
137,5829,VC INFORMÁTICA,computacion-informatica,computacion,https://guiarsanrafael.com.ar/empresa/vc-informatica/
137,5836,COSMOS CONSTRUCTORA,constructoras,constructoras,https://guiarsanrafael.com.ar/empresa/cosmos-constructora/
137,5839,MARIANA  PIRAGINE,odontologia,odontologia,https://guiarsanrafael.com.ar/empresa/mariana-piragine/
137,5842,FABIO M. GAUNA,centro-de-rehabilitacion,centro-de-rehabilitacion,https://guiarsanrafael.com.ar/empresa/fabio-m-gauna/
137,5856,LA BOHEMIA Artística,artesanias,artesanias,https://guiarsanrafael.com.ar/empresa/la-bohemia-artistica/
137,5868,CLERICI Alineaciones,alineacion-y-balanceo,alineacion-y-balanceo,https://guiarsanrafael.com.ar/empresa/clerici-alineaciones/
137,5874,TALLER DELAMARRE,estetica-vehicular-tuning,taller-chapa-y-pintura,https://guiarsanrafael.com.ar/empresa/taller-delamarre/
137,5882,ASTUDILLO Amoblamietos,amoblamientos,amoblamientos,https://guiarsanrafael.com.ar/empresa/astudillo-amoblamietos/
137,5901,M y J Cortinas & Diseño,cortinados,cortinados,https://guiarsanrafael.com.ar/empresa/m-y-j-cortinas-diseno/
137,5908,NET ACCESS Computación,computacion-informatica,computacion,https://guiarsanrafael.com.ar/empresa/net-access-computacion/
138,5754,DE NEVREZÉ y ASOCIADOS,contadores-estudios-contables,contadores,https://guiarsanrafael.com.ar/empresa/de-nevreze-y-asociados/
138,5756,MARTHA RAQUEL DE NEVREZÉ,contadores-estudios-contables,contadores,https://guiarsanrafael.com.ar/empresa/martha-raquel-de-nevreze/
138,5765,MATTY RULO Barber Shop,barberias-peluqueria-barberos,barberias,https://guiarsanrafael.com.ar/empresa/mattyrulo-barber-shop/
138,5774,RSK Motopartes y Servicios,lubricantes-aceites-lubricentro,accesorios-para-motos,https://guiarsanrafael.com.ar/empresa/rsk-motos/
138,5781,EL PINITO Helados Artesanales,heladerias-postres,heladerias,https://guiarsanrafael.com.ar/empresa/el-pinito-helados-artesanales/
138,5795,GISELA CERDA,productor-de-seguros,productor-de-seguros,https://guiarsanrafael.com.ar/empresa/gisela-cerda/
138,5798,TRIAC GAME,accesorios-de-telefonia-celular,accesorios-de-telefonia,https://guiarsanrafael.com.ar/empresa/triac-game/
138,5805,BELGRANO REPUESTOS,autopartes,autopartes,https://guiarsanrafael.com.ar/empresa/belgrano-repuestos/
138,5812,PASTAS DON NICOLA,fabrica-de-pastas,fabrica-de-pastas,https://guiarsanrafael.com.ar/empresa/pastas-don-nicola/
138,5822,CHAINE Taller de Chapa y Pintura,estetica-vehicular-tuning,taller-chapa-y-pintura,https://guiarsanrafael.com.ar/empresa/chaine-taller-de-chapa-y-pintura/
139,5662,COP Centro Oftalmológico Privado,institutos-oftalmologicos-oftalmologia-oftalmologos,centro-oftalmologico,https://guiarsanrafael.com.ar/empresa/cop-centro-oftalmologico-privado/
139,5663,LAURA CELINA SANS,institutos-oftalmologicos-oftalmologia-oftalmologos,centro-oftalmologico,https://guiarsanrafael.com.ar/empresa/laura-celina-sans/
139,5664,MARISA E. FERNADEZ DE CIAN,institutos-oftalmologicos-oftalmologia-oftalmologos,centro-oftalmologico,https://guiarsanrafael.com.ar/empresa/marisa-e-fernadez-de-cian/
139,5716,JAVIER HERNANDEZ ZAPARRAT,escribanias-escribanos-escribanas-mandatario-mandataria-notarios-notarias,escribanas,https://guiarsanrafael.com.ar/empresa/javier-hernandez-zaparrat/
139,5719,LOS SUREÑOS,carnicerias,carniceria,https://guiarsanrafael.com.ar/empresa/los-surenos/
139,5728,ORIENTE Ortopedia,ortopedias,ortopedias,https://guiarsanrafael.com.ar/empresa/oriente-ortopedia/
139,5734,DR. LUFFI Clínica Veterinaria,alimentos-balanceados,alimentos-balanceados,https://guiarsanrafael.com.ar/empresa/dr-luffi-clinica-veterinaria/
139,5736,JUAN IGNACIO LUFI,veterinarios,veterinarios,https://guiarsanrafael.com.ar/empresa/juan-ignacio-lufi/
139,5746,ROBERTO E. PEREZ,protesistas-protesis,laboratorio-dental,https://guiarsanrafael.com.ar/empresa/roberto-e-perez/
139,5757,JUAN CARLOS DE NEVREZÉ,contadores-estudios-contables,contadores,https://guiarsanrafael.com.ar/empresa/juan-carlos-de-nevreze/
140,5580,SAN RAFAEL Maquinas,controladores-fiscales,controladores-fiscales,https://guiarsanrafael.com.ar/empresa/san-rafael-maquinas/
140,5591,ROTISERIA CASTELLI,casa-de-comidas-rotiseria-viandas,casa-de-comidas,https://guiarsanrafael.com.ar/empresa/rotiseria-castelli/
140,5603,S&M Drinks Bebidas y Fiambrería,fiambrerias,,https://guiarsanrafael.com.ar/empresa/sm-drinks-bebidas-y-fiambreria/
140,5606,MARTÍN QUIROGA,odontologia,odontologia,https://guiarsanrafael.com.ar/empresa/martin-quiroga/
140,5609,OMAR ALLOLIO Servicio Mecánico,diagnostico-computarizado-mecanica,diagnostico-computarizado,https://guiarsanrafael.com.ar/empresa/omar-allolio-servicio-mecanico/
140,5616,ANDRÉS RUBIO,kinesiologia-y-fisioterapia,centro-de-rehabilitacion,https://guiarsanrafael.com.ar/empresa/andres-rubio/
140,5621,LA GRINGA Fiambres y Vinos,fiambrerias,fiamfreria,https://guiarsanrafael.com.ar/empresa/la-gringa-fiambres-y-vinos/
140,5634,ODONTO CUYO insumos odontológicos,equipamientos-odontologicos,equipamientos-odontologicos,https://guiarsanrafael.com.ar/empresa/odonto-cuyo-insumos-odontologicos/
140,5650,POGLIANI Bicycles,bicicleterias,bicicleterias,https://guiarsanrafael.com.ar/empresa/pogliani-bicycles/
140,5656,FONDO DE BIKINI Acuario,acuario-tienda,acuarios,https://guiarsanrafael.com.ar/empresa/fondo-de-bikini-acuario/
141,5540,Hernández  Javier,traumatologia-y-ortopedia,traumatologia,https://guiarsanrafael.com.ar/empresa/hernandez-javier/
141,5541,RICARDO TROYANO,traumatologia-y-ortopedia,traumatologia,https://guiarsanrafael.com.ar/empresa/troyano-ricardo/
141,5542,MARTIN ARAYA,productor-de-seguros,productor-de-seguros,https://guiarsanrafael.com.ar/empresa/martin-araya/
141,5545,GRIDO Helados,heladerias-postres,heladerias,https://guiarsanrafael.com.ar/empresa/grido-helados/
141,5557,GRIDO Helados,heladerias-postres,heladerias,https://guiarsanrafael.com.ar/empresa/grido-helados-2/
141,5558,EDUARDO RIOFRIO,productor-de-seguros,productor-de-seguros,https://guiarsanrafael.com.ar/empresa/eduardo-riofrio/
141,5562,GLOBAL English Institute,intitutos-de-ingles,instituos,https://guiarsanrafael.com.ar/empresa/global-english-institute/
141,5570,SEÑOR MATAFUEGO,matafuegos,matafuegos,https://guiarsanrafael.com.ar/empresa/senor-matafuego/
141,5571,La Casa del Matafuego,matafuegos,matafuegos,https://guiarsanrafael.com.ar/empresa/la-casa-del-matafuego/
141,5572,VIDRIERIA  RIVADAVIA,vidrierias-vidrios-cristales-cristalerias,cristalerias,https://guiarsanrafael.com.ar/empresa/vidrieria-rivadavia/
142,5530,Lorena López,terapia-ocupacional-terapista,terapista-ocupacional,https://guiarsanrafael.com.ar/empresa/lorena-lopez/
142,5531,Ana Paula  Maggioni,terapia-ocupacional-terapista,terapista-ocupacional,https://guiarsanrafael.com.ar/empresa/ana-paula-maggioni/
142,5532,Romina Maldonado,terapia-ocupacional-terapista,terapista-ocupacional,https://guiarsanrafael.com.ar/empresa/romina-maldonado/
142,5533,Betiana Sánchez,terapia-ocupacional-terapista,terapista-ocupacional,https://guiarsanrafael.com.ar/empresa/betiana-sanchez/
142,5534,Camilletti Mariano,traumatologia-y-ortopedia,traumatologia,https://guiarsanrafael.com.ar/empresa/camilletti-mariano/
142,5535,Pablo Carayol,traumatologia-y-ortopedia,traumatologia,https://guiarsanrafael.com.ar/empresa/pablo-carayol/
142,5536,Emiliano Garcia Coloccini,traumatologia-y-ortopedia,traumatologia,https://guiarsanrafael.com.ar/empresa/emiliano-garcia-coloccini/
142,5537,ANDRES GATTI,traumatologia-y-ortopedia,traumatologia,https://guiarsanrafael.com.ar/empresa/andres-gatti/
142,5538,Genovesi Eduardo Marcelo,traumatologia-y-ortopedia,traumatologia,https://guiarsanrafael.com.ar/empresa/genovesi-eduardo-marcelo/
142,5539,CELILIO HERMOSA,traumatologia-y-ortopedia,traumatologia,https://guiarsanrafael.com.ar/empresa/hermosa-cecilio/
143,5517,Paula Sesma,psicologia,psicologia,https://guiarsanrafael.com.ar/empresa/paula-sesma/
143,5518,BRENDA ANGRIMAN,psicologia,psicologia,https://guiarsanrafael.com.ar/empresa/brenda-angriman/
143,5519,Mariela Castro,psicopedagogia,psicopedagogia,https://guiarsanrafael.com.ar/empresa/mariela-castro/
143,5520,Mariana Chesak,psicopedagogia,psicopedagogia,https://guiarsanrafael.com.ar/empresa/mariana-chesak/
143,5521,Romina Collado,psicopedagogia,psicopedagogia,https://guiarsanrafael.com.ar/empresa/romina-collado/
143,5522,Giambenedetti Giuliana,psicopedagogia,psicopedagogia,https://guiarsanrafael.com.ar/empresa/giambenedetti-giuliana/
143,5523,Giusto Florencia,psicopedagogia,psicopedagogia,https://guiarsanrafael.com.ar/empresa/giusto-florencia/
143,5524,Torres Janet,psicopedagogia,psicopedagogia,https://guiarsanrafael.com.ar/empresa/torres-janet/
143,5525,Roldan Brian,reumatologia,reumatologia,https://guiarsanrafael.com.ar/empresa/roldan-brian/
143,5528,Lucca  Natalia,terapia-del-lenguaje-terapista,terapia-del-lenguaje,https://guiarsanrafael.com.ar/empresa/lucca-natalia/
144,5505,Melisa Daniela López,psicologia,psicologia,https://guiarsanrafael.com.ar/empresa/melisa-daniela-lopez/
144,5506,Carolina Martinelli,psicologia,psicologia,https://guiarsanrafael.com.ar/empresa/carolina-martinelli/
144,5507,JULIANA MENDOZA CANELA,psicologia,psicologia,https://guiarsanrafael.com.ar/empresa/juliana-mendoza-canela/
144,5510,Ontivero Analía,psicologia,psicologia,https://guiarsanrafael.com.ar/empresa/ontivero-analia/
144,5511,Celeste Parra,psicologia,psicologia,https://guiarsanrafael.com.ar/empresa/celeste-parra/
144,5512,Daniela Peralta,psicologia,psicologia,https://guiarsanrafael.com.ar/empresa/daniela-peralta/
144,5513,Mariángeles Pizarro,psicologia,psicologia,https://guiarsanrafael.com.ar/empresa/mariangeles-pizarro-bombal-456-260-423-7623/
144,5514,Fátima Rossi,psicologia,psicologia,https://guiarsanrafael.com.ar/empresa/fatima-rossi/
144,5515,María Sol Santarossa,psicologia,psicologia,https://guiarsanrafael.com.ar/empresa/maria-sol-santarossa/
144,5516,Noelia Senarega,psicologia,psicologia,https://guiarsanrafael.com.ar/empresa/noelia-senarega/
145,5484,María Virginia Sánchez,pediatria-neonatologia,psicologia,https://guiarsanrafael.com.ar/empresa/maria-virginia-sanchez/
145,5485,Sabrina Acuña,psicologia,psicologia,https://guiarsanrafael.com.ar/empresa/sabrina-acuna/
145,5486,María Florencia Azcárate,psicologia,psicologia,https://guiarsanrafael.com.ar/empresa/maria-florencia-azcarate/
145,5487,Kevin Barchiesi,psicologia,psicologia,https://guiarsanrafael.com.ar/empresa/kevin-barchiesi/
145,5489,Julieta Boschin,psicologia,psicologia,https://guiarsanrafael.com.ar/empresa/julieta-boschin/
145,5500,Vanina Chaine,psicologia,psicologia,https://guiarsanrafael.com.ar/empresa/vanina-chaine/
145,5501,Marina Coussillan,psicologia,psicologia,https://guiarsanrafael.com.ar/empresa/marina-coussillan/
145,5502,Julieta Delpozzi,psicologia,psicologia,https://guiarsanrafael.com.ar/empresa/julieta-delpozzi/
145,5503,Melisa Fuentes,psicologia,psicologia,https://guiarsanrafael.com.ar/empresa/melisa-fuentes/
145,5504,Carola Giglio,psicologia,psicologia,https://guiarsanrafael.com.ar/empresa/carola-giglio/
146,5472,Mariana Castillo,pediatria-neonatologia,pediatria-y-neonatologia,https://guiarsanrafael.com.ar/empresa/mariana-castillo/
146,5473,PABLO CITÓN,neumonologia,neumonologia,https://guiarsanrafael.com.ar/empresa/pablo-citon/
146,5475,Gabriel Ferrara,neumonologia,neumonologia,https://guiarsanrafael.com.ar/empresa/gabriel-ferrara/
146,5476,Jorge Giaroli,pediatria-neonatologia,pediatria-y-neonatologia,https://guiarsanrafael.com.ar/empresa/jorge-giaroli/
146,5477,Pablo Hernández,pediatria-neonatologia,pediatria-y-neonatologia,https://guiarsanrafael.com.ar/empresa/pablo-hernandez/
146,5478,Sergio Molina,pediatria-neonatologia,pediatria-y-neonatologia,https://guiarsanrafael.com.ar/empresa/sergio-molina/
146,5480,Mariela Peretó,pediatria-neonatologia,pediatria-y-neonatologia,https://guiarsanrafael.com.ar/empresa/mariela-pereto/
146,5481,Marcos Prieto,pediatria-neonatologia,pediatria-y-neonatologia,https://guiarsanrafael.com.ar/empresa/marcos-prieto/
146,5482,Sandro Suoni,pediatria-neonatologia,pediatria-y-neonatologia,https://guiarsanrafael.com.ar/empresa/sandro-suoni/
146,5483,Omar Zapata,pediatria-neonatologia,psicologia,https://guiarsanrafael.com.ar/empresa/omar-zapata/
147,5450,Soledad Morales,oftalmologia-oftalmologos,oftalmologia,https://guiarsanrafael.com.ar/empresa/soledad-morales/
147,5451,Martín Oliva,institutos-oftalmologicos-oftalmologia-oftalmologos,instituto-oftalmologico,https://guiarsanrafael.com.ar/empresa/martin-oliva/
147,5452,María Alejandra Bittar,oncologia,oncologia,https://guiarsanrafael.com.ar/empresa/maria-alejandra-bittar/
147,5453,José Occhipinti,oncologia,oncologia,https://guiarsanrafael.com.ar/empresa/jose-occhipinti/
147,5454,Ana María Prior,oncologia,oncologia,https://guiarsanrafael.com.ar/empresa/ana-maria-prior/
147,5459,Eliana Molina,ortopedagogia,ortopedagogia,https://guiarsanrafael.com.ar/empresa/eliana-molina/
147,5460,Edgardo Sciarrabba,otorrinolaringologia-nariz-garganta-oido,nariz-garganta-y-oido,https://guiarsanrafael.com.ar/empresa/edgardo-sciarrabba/
147,5462,Mario Javier  Yapur,otorrinolaringologia-nariz-garganta-oido,nariz-garganta-y-oido,https://guiarsanrafael.com.ar/empresa/mario-javier-yapur/
147,5463,DIEGO MARTIN SOSA,otorrinolaringologia-nariz-garganta-oido,nariz-garganta-y-oido,https://guiarsanrafael.com.ar/empresa/diego-martin-sosa/
147,5464,Paola Calle,pediatria-neonatologia,pediatria-y-neonatologia,https://guiarsanrafael.com.ar/empresa/paola-calle/
148,5434,Johana Reche,nutricion-nutricionistas,nutricionistas,https://guiarsanrafael.com.ar/empresa/johana-reche/
148,5435,Inés Analy Rivelli,nutricion-nutricionistas,nutricionistas,https://guiarsanrafael.com.ar/empresa/ines-analy-rivelli/
148,5436,Andrea Serrano,nutricion-nutricionistas,nutricionistas,https://guiarsanrafael.com.ar/empresa/andrea-serrano/
148,5437,Felisa Terrero,nutricion-nutricionistas,nutricionistas,https://guiarsanrafael.com.ar/empresa/felisa-terrero/
148,5438,Sonia Torres,nutricion-nutricionistas,nutricionistas,https://guiarsanrafael.com.ar/empresa/sonia-torres/
148,5440,Paula Villar,nutricion-nutricionistas,nutricionistas,https://guiarsanrafael.com.ar/empresa/paula-villar/
148,5441,Laura Alvarez,obstetricia-ginecologia,ginecologia-y-obsterticia,https://guiarsanrafael.com.ar/empresa/laura-alvarez/
148,5446,Pablo Gómez,oftalmologia-oftalmologos,oftalmologia,https://guiarsanrafael.com.ar/empresa/pablo-gomez/
148,5447,Jennifer Lagunas Roldán,oftalmologia-oftalmologos,centro-oftalmologico,https://guiarsanrafael.com.ar/empresa/jennifer-lagunas-roldan/
148,5449,Jorge López,oftalmologia-oftalmologos,oftalmologia,https://guiarsanrafael.com.ar/empresa/jorge-lopez/
149,5424,Anabella Galera,nutricion-nutricionistas,nutricionistas,https://guiarsanrafael.com.ar/empresa/anabella-galera/
149,5425,María Victoria García,nutricion-nutricionistas,nutricionistas,https://guiarsanrafael.com.ar/empresa/maria-victoria-garcia/
149,5426,Regina Gigón,nutricion-nutricionistas,nutricionistas,https://guiarsanrafael.com.ar/empresa/regina-gigon/
149,5427,Wanda K. González,nutricion-nutricionistas,nutricionistas,https://guiarsanrafael.com.ar/empresa/wanda-k-gonzalez/
149,5428,Florencia Julio,nutricion-nutricionistas,nutricionistas,https://guiarsanrafael.com.ar/empresa/florencia-julio/
149,5429,Roxana Maturano,nutricion-nutricionistas,nutricionistas,https://guiarsanrafael.com.ar/empresa/roxana-maturano/
149,5430,Nicolás Moya,nutricion-nutricionistas,nutricionistas,https://guiarsanrafael.com.ar/empresa/nicolas-moya/
149,5431,Claudia Nieto,nutricion-nutricionistas,nutricionistas,https://guiarsanrafael.com.ar/empresa/claudia-nieto/
149,5432,Victoria Pelayes,nutricion-nutricionistas,nutricionistas,https://guiarsanrafael.com.ar/empresa/victoria-pelayes/
149,5433,Mariela Piastrellini,nutricion-nutricionistas,nutricionistas,https://guiarsanrafael.com.ar/empresa/mariela-piastrellini/
150,5411,Carla Romina Lamolla,medicina-legal,medicina-general,https://guiarsanrafael.com.ar/empresa/carla-romina-lamolla/
150,5412,Luis Nicora Fernández,medicina-legal,medicina-general,https://guiarsanrafael.com.ar/empresa/luis-nicora-fernandez/
150,5413,YAIR YASUFF,clinica-medica,clinica-medica,https://guiarsanrafael.com.ar/empresa/yair-yasuff/
150,5414,VANESA CORDERO,neumonologia,clinica-medica,https://guiarsanrafael.com.ar/empresa/vanesa-cordero/
150,5417,Gustavo Grilli,neurocirugia-neurocirujano-infantil,neurocirugia,https://guiarsanrafael.com.ar/empresa/gustavo-grilli/
150,5418,PABLO SOSA,neurocirugia-neurocirujano-infantil,neurocirugia,https://guiarsanrafael.com.ar/empresa/pablo-sosa/
150,5419,Noelia Barrenechea,nutricion-nutricionistas,nutricionistas,https://guiarsanrafael.com.ar/empresa/noelia-barrenechea/
150,5421,Gisela Cañizares,nutricion-nutricionistas,nutricionistas,https://guiarsanrafael.com.ar/empresa/gisela-canizares/
150,5422,Carina Farina,nutricion-nutricionistas,nutricionistas,https://guiarsanrafael.com.ar/empresa/carina-farina/
150,5423,Valeria Fernández,nutricion-nutricionistas,nutricionistas,https://guiarsanrafael.com.ar/empresa/valeria-fernandez/
151,5399,María Carolina Sequeiros,kinesiologia-y-fisioterapia,kinesiologia-y-fisioterapia,https://guiarsanrafael.com.ar/empresa/maria-carolina-sequeiros/
151,5400,Santiago Simón,kinesiologia-y-fisioterapia,kinesiologia-y-fisioterapia,https://guiarsanrafael.com.ar/empresa/santiago-simon/
151,5401,María Florentina Tapia,kinesiologia-y-fisioterapia,kinesiologia-y-fisioterapia,https://guiarsanrafael.com.ar/empresa/maria-florentina-tapia/
151,5402,Mariana Teruel Galletti,kinesiologia-y-fisioterapia,kinesiologia-y-fisioterapia,https://guiarsanrafael.com.ar/empresa/mariana-teruel-galletti/
151,5403,Brenda Verón,kinesiologia-y-fisioterapia,kinesiologia-y-fisioterapia,https://guiarsanrafael.com.ar/empresa/brenda-veron/
151,5404,Lucía Caride,kinesiologia-y-fisioterapia,kinesiologia-y-fisioterapia,https://guiarsanrafael.com.ar/empresa/lucia-caride/
151,5405,Valentina Romaniuk,kinesiologia-y-fisioterapia,kinesiologia-y-fisioterapia,https://guiarsanrafael.com.ar/empresa/valentina-romaniuk/
151,5406,Dámaris Ludueña,medicina-de-familia,clinica-medica,https://guiarsanrafael.com.ar/empresa/damaris-luduena/
151,5407,José Luis Ibáñez,medicina-laboral,medicina-laboral,https://guiarsanrafael.com.ar/empresa/jose-luis-ibanez/
151,5410,Orlando Alberto Franks,medicina-legal,medicina-general,https://guiarsanrafael.com.ar/empresa/orlando-alberto-franks/
152,5389,CAROLINA ALDAVE,kinesiologia-y-fisioterapia,kinesiologia-y-fisioterapia,https://guiarsanrafael.com.ar/empresa/carolina-aldave-2/
152,5390,Agustina Godoy,kinesiologia-y-fisioterapia,kinesiologia-y-fisioterapia,https://guiarsanrafael.com.ar/empresa/agustina-godoy/
152,5391,Elina Greco,kinesiologia-y-fisioterapia,kinesiologia-y-fisioterapia,https://guiarsanrafael.com.ar/empresa/elina-greco/
152,5392,María Cecilia Kasjan,kinesiologia-y-fisioterapia,kinesiologia-y-fisioterapia,https://guiarsanrafael.com.ar/empresa/maria-cecilia-kasjan/
152,5393,Sofia Llach,kinesiologia-y-fisioterapia,kinesiologia-y-fisioterapia,https://guiarsanrafael.com.ar/empresa/sofia-llach/
152,5394,Valentina Marinelli,kinesiologia-y-fisioterapia,kinesiologia-y-fisioterapia,https://guiarsanrafael.com.ar/empresa/valentina-marinelli/
152,5395,Mariano Parasecoli,kinesiologia-y-fisioterapia,kinesiologia-y-fisioterapia,https://guiarsanrafael.com.ar/empresa/mariano-parasecoli/
152,5396,Jésica Pravata,kinesiologia-y-fisioterapia,kinesiologia-y-fisioterapia,https://guiarsanrafael.com.ar/empresa/jesica-pravata/
152,5397,Florencia Romani,kinesiologia-y-fisioterapia,kinesiologia-y-fisioterapia,https://guiarsanrafael.com.ar/empresa/florencia-romani/
152,5398,MARCOS SANCHEZ,centro-de-rehabilitacion,centro-de-rehabilitacion,https://guiarsanrafael.com.ar/empresa/marcos-sanchez/
153,5376,Facundo Boschin,kinesiologia-y-fisioterapia,kinesiologia-y-fisioterapia,https://guiarsanrafael.com.ar/empresa/facundo-boschin/
153,5377,Eliana Caballero,kinesiologia-y-fisioterapia,kinesiologia-y-fisioterapia,https://guiarsanrafael.com.ar/empresa/eliana-caballero/
153,5378,Valentín Camerucci,kinesiologia-y-fisioterapia,kinesiologia-y-fisioterapia,https://guiarsanrafael.com.ar/empresa/valentin-camerucci/
153,5379,Mayra Carallós,kinesiologia-y-fisioterapia,kinesiologia-y-fisioterapia,https://guiarsanrafael.com.ar/empresa/mayra-carallos/
153,5380,Yamila Carbonetti,kinesiologia-y-fisioterapia,kinesiologia-y-fisioterapia,https://guiarsanrafael.com.ar/empresa/yamila-carbonetti/
153,5381,Denise Chambard,kinesiologia-y-fisioterapia,kinesiologia-y-fisioterapia,https://guiarsanrafael.com.ar/empresa/denise-chambard/
153,5382,Rocio Daniela Cianci,kinesiologia-y-fisioterapia,centro-de-rehabilitacion,https://guiarsanrafael.com.ar/empresa/rocio-daniela-cianci/
153,5383,Macarena Conforti,kinesiologia-y-fisioterapia,kinesiologia-y-fisioterapia,https://guiarsanrafael.com.ar/empresa/macarena-conforti/
153,5384,Vanesa Coria,kinesiologia-y-fisioterapia,kinesiologia-y-fisioterapia,https://guiarsanrafael.com.ar/empresa/vanesa-coria/
153,5385,SOFÍA GALDON,kinesiologia-y-fisioterapia,hidroterapia,https://guiarsanrafael.com.ar/empresa/sofia-galdon/
154,5344,José Federico Simone,ginecologia-y-obsterticia,ginecologia-y-obsterticia,https://guiarsanrafael.com.ar/empresa/jose-federico-simone/
154,5345,Daniela Sanchez,ginecologia-y-obsterticia,ginecologia-y-obsterticia,https://guiarsanrafael.com.ar/empresa/daniela-sanchez/
154,5347,Susana Tortosa,hematologia,hematologia,https://guiarsanrafael.com.ar/empresa/susana-tortosa/
154,5351,HEMALAB Laboratorio Hematológico,hematologia,hematologia,https://guiarsanrafael.com.ar/empresa/hemalab-laboratorio-hematologico/
154,5364,ROBERTO MAMANI,hematologia,hematologia,https://guiarsanrafael.com.ar/empresa/roberto-mamani/
154,5369,OM – Oncológico Médico,institutos-medicos-consultorios-medicos,centro-oncologico,https://guiarsanrafael.com.ar/empresa/om-instituto-medico-oncologico/
154,5371,Carolina Aldave,kinesiologia-y-fisioterapia,kinesiologia-y-fisioterapia,https://guiarsanrafael.com.ar/empresa/carolina-aldave/
154,5373,Jesica Araya,kinesiologia-y-fisioterapia,kinesiologia-y-fisioterapia,https://guiarsanrafael.com.ar/empresa/jesica-araya/
154,5374,Julieta Ávila,kinesiologia-y-fisioterapia,kinesiologia-y-fisioterapia,https://guiarsanrafael.com.ar/empresa/julieta-avila/
154,5375,Hugo Berdún,kinesiologia-y-fisioterapia,kinesiologia-y-fisioterapia,https://guiarsanrafael.com.ar/empresa/hugo-berdun/
155,5334,JAVIER RAUL CABAÑA,ginecologia-y-obsterticia,ginecologia-y-obsterticia,https://guiarsanrafael.com.ar/empresa/javier-raul-cabana/
155,5335,María Inés Cruz Pérez,ginecologia-y-obsterticia,ginecologia-y-obsterticia,https://guiarsanrafael.com.ar/empresa/maria-ines-cruz-perez/
155,5336,Sergio Espinosa,ginecologia-y-obsterticia,ginecologia-y-obsterticia,https://guiarsanrafael.com.ar/empresa/sergio-espinosa/
155,5337,Cyntia Anabella Gil,ginecologia-y-obsterticia,ginecologia-y-obsterticia,https://guiarsanrafael.com.ar/empresa/cyntia-anabella-gil/
155,5338,Andrea Gutiérrez,ginecologia-y-obsterticia,ginecologia-y-obsterticia,https://guiarsanrafael.com.ar/empresa/andrea-gutierrez/
155,5339,Karina Herrera,ginecologia-y-obsterticia,ginecologia-y-obsterticia,https://guiarsanrafael.com.ar/empresa/karina-herrera/
155,5340,Carlos Parra,ginecologia-y-obsterticia,ginecologia-y-obsterticia,https://guiarsanrafael.com.ar/empresa/carlos-parra-c-w-lencinas-20-2-piso-2604-632650/
155,5341,Juan Peralta Lorca,cirugia-oncologica,cirugia-ontologica,https://guiarsanrafael.com.ar/empresa/juan-peralta-lorca/
155,5342,Erika Gabriela Schulz,ginecologia-y-obsterticia,ginecologia-y-obsterticia,https://guiarsanrafael.com.ar/empresa/erika-gabriela-schulz/
155,5343,Martín Taboas,ginecologia-y-obsterticia,ginecologia-y-obsterticia,https://guiarsanrafael.com.ar/empresa/martin-taboas/
156,5320,Virginia Magali Criado,clinica-del-lenguaje,clinica-del-lenguaje,https://guiarsanrafael.com.ar/empresa/virginia-magali-criado-2/
156,5321,Paula Medina,clinica-del-lenguaje,clinica-del-lenguaje,https://guiarsanrafael.com.ar/empresa/paula-medina/
156,5322,Antonella Morandin,clinica-del-lenguaje,clinica-del-lenguaje,https://guiarsanrafael.com.ar/empresa/antonella-morandin/
156,5324,Maria Victoria Palomares,clinica-del-lenguaje,clinica-del-lenguaje,https://guiarsanrafael.com.ar/empresa/maria-victoria-palomares/
156,5325,María Jimena Soria,clinica-del-lenguaje,clinica-del-lenguaje,https://guiarsanrafael.com.ar/empresa/maria-jimena-soria/
156,5326,Alejandra Troyano,clinica-del-lenguaje,clinica-del-lenguaje,https://guiarsanrafael.com.ar/empresa/alejandra-troyano/
156,5327,Paola Valentina Valdivieso,clinica-del-lenguaje,clinica-del-lenguaje,https://guiarsanrafael.com.ar/empresa/paola-valentina-valdivieso/
156,5328,Jorge Di Césare,gastroenterologia,gastroenterologia,https://guiarsanrafael.com.ar/empresa/jorge-di-cesare/
156,5329,Marcos Barroso,gastroenterologia,gastroenterologia,https://guiarsanrafael.com.ar/empresa/marcos-barroso/
156,5333,Hernán Alías Fernández,ginecologia-y-obsterticia,ginecologia-y-obsterticia,https://guiarsanrafael.com.ar/empresa/hernan-alias-fernandez/
157,5302,Juan Martin March,cirujanos-cirugia,cirujanos,https://guiarsanrafael.com.ar/empresa/juan-martin-march-2/
157,5303,Constanza Andreoni,clinica-del-lenguaje,clinica-del-lenguaje,https://guiarsanrafael.com.ar/empresa/constanza-andreoni/
157,5308,Leticia Contreras,clinica-del-lenguaje,clinica-del-lenguaje,https://guiarsanrafael.com.ar/empresa/leticia-contreras/
157,5309,María Celia Cornejo,clinica-del-lenguaje,clinica-del-lenguaje,https://guiarsanrafael.com.ar/empresa/maria-celia-cornejo/
157,5310,Virginia Magali Criado,clinica-del-lenguaje,clinica-del-lenguaje,https://guiarsanrafael.com.ar/empresa/virginia-magali-criado/
157,5311,María Elena Encinas,clinica-del-lenguaje,clinica-del-lenguaje,https://guiarsanrafael.com.ar/empresa/maria-elena-encinas/
157,5312,Luciana González,clinica-del-lenguaje,clinica-del-lenguaje,https://guiarsanrafael.com.ar/empresa/luciana-gonzalez/
157,5313,Carolina Gullotta,clinica-del-lenguaje,clinica-del-lenguaje,https://guiarsanrafael.com.ar/empresa/carolina-gullotta/
157,5314,Valentina Lara,clinica-del-lenguaje,clinica-del-lenguaje,https://guiarsanrafael.com.ar/empresa/valentina-lara/
157,5315,Carola Rocio Lujan,clinica-del-lenguaje,clinica-del-lenguaje,https://guiarsanrafael.com.ar/empresa/carola-rocio-lujan/
158,5292,Daniel Giorgini,clinica-medica,clinica-medica,https://guiarsanrafael.com.ar/empresa/daniel-giorgini/
158,5293,ARGOS Diagnósticos Oftalmológicos,diagnostico-por-imagenes-ecografia-mamografias,centro-oftalmologico,https://guiarsanrafael.com.ar/empresa/argos-diagnosticos-oftalmologicos/
158,5294,Carolina Chaín,diagnostico-por-imagenes-ecografia-mamografias,diagnostico-por-imagenes,https://guiarsanrafael.com.ar/empresa/carolina-chain/
158,5295,ROXANA CORTEZ,diagnostico-por-imagenes-ecografia-mamografias,diagnostico-por-imagenes,https://guiarsanrafael.com.ar/empresa/roxana-cortez/
158,5296,Jacqueline Ellerbach,diagnostico-por-imagenes-ecografia-mamografias,diagnostico-por-imagenes,https://guiarsanrafael.com.ar/empresa/jacqueline-ellerbach/
158,5297,Alberto Eztala,diagnostico-por-imagenes-ecografia-mamografias,diagnostico-por-imagenes,https://guiarsanrafael.com.ar/empresa/alberto-eztala/
158,5298,JULIO VARELA,diagnostico-por-imagenes-ecografia-mamografias,diagnostico-por-imagenes,https://guiarsanrafael.com.ar/empresa/julio-varela/
158,5299,Lucía Fuzs,endocrinologia,endocrinologia,https://guiarsanrafael.com.ar/empresa/lucia-fuzs/
158,5300,Karina Rocio Oblitas Rodriguez,endocrinologia,endocrinologia,https://guiarsanrafael.com.ar/empresa/karina-rocio-oblitas-rodriguez/
158,5301,CARLOS SANZ,endocrinologia,endocrinologia,https://guiarsanrafael.com.ar/empresa/carlos-sanz/
159,5282,Gabriela Funes,clinica-medica,clinica-medica,https://guiarsanrafael.com.ar/empresa/gabriela-funes/
159,5283,Franco Bellomo,clinica-medica,clinica-medica,https://guiarsanrafael.com.ar/empresa/franco-bellomo/
159,5284,Marcos Borgia,clinica-medica,clinica-medica,https://guiarsanrafael.com.ar/empresa/marcos-borgia/
159,5285,Gabriela Gamboa,clinica-medica,clinica-medica,https://guiarsanrafael.com.ar/empresa/gabriela-gamboa/
159,5286,Gustavo Giménez,clinica-medica,clinica-medica,https://guiarsanrafael.com.ar/empresa/gustavo-gimenez/
159,5287,Marta Orce,clinica-medica,clinica-medica,https://guiarsanrafael.com.ar/empresa/marta-orce/
159,5288,MACARENA PEREZ,clinica-medica,clinica-medica,https://guiarsanrafael.com.ar/empresa/macarena-perez/
159,5289,Maira Yamila Rigazzio,clinica-medica,clinica-medica,https://guiarsanrafael.com.ar/empresa/maira-yamila-rigazzio/
159,5290,Silvana Rodríguez,clinica-medica,clinica-medica,https://guiarsanrafael.com.ar/empresa/silvana-rodriguez/
159,5291,Viviana Sorasio,clinica-medica,clinica-medica,https://guiarsanrafael.com.ar/empresa/viviana-sorasio/
160,5270,FRANCO ROSSO,cirugia-estetica,cirugia-estetica,https://guiarsanrafael.com.ar/empresa/franco-rosso/
160,5272,CLAUDIA SCHIAVONE,cirugia-plastica-cirujano-cirujana,cirugia-plastica,https://guiarsanrafael.com.ar/empresa/claudia-schiavone/
160,5273,ALEJANDRO GARCIA HERAS,cirugia-plastica-cirujano-cirujana,cirugia-plastica,https://guiarsanrafael.com.ar/empresa/alejandro-garcia-heras/
160,5274,SONIA SIMÓN,dermatologia,dermatologia,https://guiarsanrafael.com.ar/empresa/sonia-simon/
160,5276,SOLEDAD ACOSTA,clinica-medica,clinica-medica,https://guiarsanrafael.com.ar/empresa/acosta-maria-c-soledad-cday-866/
160,5277,PAULA ALIAS,clinica-medica,clinica-medica,https://guiarsanrafael.com.ar/empresa/paula-alias/
160,5278,GUSTAVO ANTONINI,clinica-medica,clinica-medica,https://guiarsanrafael.com.ar/empresa/gustavo-antonini/
160,5279,María Eugenia Báez,clinica-medica,clinica-medica,https://guiarsanrafael.com.ar/empresa/maria-eugenia-baez/
160,5280,Adriana Cortez,clinica-medica,clinica-medica,https://guiarsanrafael.com.ar/empresa/adriana-cortez/
160,5281,Walter Croce,clinica-medica,clinica-medica,https://guiarsanrafael.com.ar/empresa/walter-croce/
161,5206,AL DENTE Pastas,casa-de-comidas-rotiseria-viandas,fabrica-de-pastas,https://guiarsanrafael.com.ar/empresa/al-dente-pastas/
161,5216,NEWEN Construcciones,aislantes-impemeabilizantes,aislantes-2,https://guiarsanrafael.com.ar/empresa/newen-construcciones/
161,5225,CLINICA BOMBAL Excelencia en Oftalmología,institutos-oftalmologicos-oftalmologia-oftalmologos,centro-oftalmologico,https://guiarsanrafael.com.ar/empresa/clinica-bombal-excelencia-en-oftalmologia/
161,5232,NICOLÁS SCARPONI,cirujanos-cirugia,cirujanos,https://guiarsanrafael.com.ar/empresa/nicolas-scarponi/
161,5233,FERNADO FUENTES BONTHOUX,cirujanos-cirugia,cirujanos,https://guiarsanrafael.com.ar/empresa/fernado-fuentes/
161,5234,GUILLERMO FERNÁNDEZ,cirujanos-cirugia,cirujanos,https://guiarsanrafael.com.ar/empresa/guillermo-fernandez/
161,5237,RAMIRO PRIETO,cirujanos-cirugia,cirujanos,https://guiarsanrafael.com.ar/empresa/ramiro-prieto/
161,5259,DIANA SOSA,cirugia-infantil-cirujano-cirujana,cirugia-infantil,https://guiarsanrafael.com.ar/empresa/diana-sosa/
161,5266,MARTIN BARBOD,cirugia-infantil-cirujano-cirujana,cirugia-infantil,https://guiarsanrafael.com.ar/empresa/martin-barbod/
161,5267,DARIO BIANCOTTI,cirugia-estetica,cirujanos,https://guiarsanrafael.com.ar/empresa/dario-biancotti/
162,5121,FAS Electricidad,electricidad-iluminacion,electricidad,https://guiarsanrafael.com.ar/empresa/fas-electricidad/
162,5131,Sportacus Deportes,accesorios-deportivos,accesorios-deportivos,https://guiarsanrafael.com.ar/empresa/sportacus-deporte/
162,5138,ADDICTIVE GIM,gimnasios-gym,gimnasios,https://guiarsanrafael.com.ar/empresa/addictive-gtm/
162,5146,ELADIO GUIJARRO,bioquimicos-laboratorio,bioquimicos,https://guiarsanrafael.com.ar/empresa/eladio-guijarro/
162,5156,REGALAME Juguetería,jugueterias-regaleria,jugueteria,https://guiarsanrafael.com.ar/empresa/regalame-jugueteria/
162,5167,DAYRA RODADOS,bicicleterias,bicicleterias,https://guiarsanrafael.com.ar/empresa/dayra-rodados/
162,5177,PAÑALERA JAZMIN,panaleras,panaleras,https://guiarsanrafael.com.ar/empresa/panalera-jazmin/
162,5187,SABIO ABERTURAS,aberturas,aberturas,https://guiarsanrafael.com.ar/empresa/sabio-aberturas/
162,5194,ROMA Ferretería,ferreterias-herramientas,ferreterias,https://guiarsanrafael.com.ar/empresa/roma-ferreteria/
162,5203,LA CASA DEL CARPINTERO Egger Haus,amoblamientos,amoblamientos,https://guiarsanrafael.com.ar/empresa/la-casa-del-carpintero-egger-haus/
163,5062,JUAN MARTIN MARCH,cirujia-cirujano,cirugia-general,https://guiarsanrafael.com.ar/empresa/juan-martin-march/
163,5063,MARIA PAMELA ROJAS,cirujia-cirujano,cirugia-general,https://guiarsanrafael.com.ar/empresa/maria-pamela-rojas/
163,5065,ARCO COTILLON,cotillon,cotillon,https://guiarsanrafael.com.ar/empresa/arco-cotillon/
163,5066,LA PAÑALERA,panaleras,panaleras,https://guiarsanrafael.com.ar/empresa/la-panalera/
163,5075,DESAGOTES YA,atmosfericos-desagotes-pozos-septicos-perforaciones,atmosfericos,https://guiarsanrafael.com.ar/empresa/desagotes-ya/
163,5084,Atmosféricos Del Sur,atmosfericos-desagotes-pozos-septicos-perforaciones,atmosfericos,https://guiarsanrafael.com.ar/empresa/atmosfericos-del-sur/
163,5086,Perforaciones San Rafael,atmosfericos-desagotes-pozos-septicos-perforaciones,atmosfericos,https://guiarsanrafael.com.ar/empresa/perforaciones-san-rafael/
163,5089,FAORO Mecánica Integral,inyeccion-electronica,inyeccion-electronica,https://guiarsanrafael.com.ar/empresa/faoro-mecanica-integral/
163,5096,LA PRIMERA Pastas,fabrica-de-pastas,fabrica-de-pastas,https://guiarsanrafael.com.ar/empresa/la-primera-pastas/
163,5105,MON CIEL Panadería & Café,confiterias-reposteria,confiteria,https://guiarsanrafael.com.ar/empresa/mon-ciel-panaderia-cafe/
164,5038,MELISA QUIROGA,odontologia,odontologia,https://guiarsanrafael.com.ar/empresa/melisa-quiroga/
164,5041,FAUSTO CERRUTI,cardiologia-medico-cardiologo,cardiologia,https://guiarsanrafael.com.ar/empresa/fausto-cerruti/
164,5046,JENNIFER COZZARI,cardiologia-medico-cardiologo,cardiologia,https://guiarsanrafael.com.ar/empresa/jennifer-cozzari/
164,5049,GONZALO DELLA FAZIA,cardiologia-medico-cardiologo,cardiologia,https://guiarsanrafael.com.ar/empresa/gonzalo-della-fazia/
164,5050,LEANDRO HERRERO,cardiologia-medico-cardiologo,cardiologia,https://guiarsanrafael.com.ar/empresa/leandro-herrero/
164,5051,EMILIANO LAFARGUE PRADOS,cardiologia-medico-cardiologo,cardiologia,https://guiarsanrafael.com.ar/empresa/emiliano-lafargue-prados/
164,5052,LEONARDO SCHIAVONE,cardiologia-medico-cardiologo,cardiologia,https://guiarsanrafael.com.ar/empresa/leonardo-schiavone/
164,5053,FERNANDO ARANCIBIA,cirujia-cirujano,cirugia-general,https://guiarsanrafael.com.ar/empresa/fernando-arancibia/
164,5056,MILCEADES CABRERA,cirujia-cirujano,cirugia-general,https://guiarsanrafael.com.ar/empresa/milceades-cabrera/
164,5061,MARCOS FITT,cirujia-cirujano,cirugia-general,https://guiarsanrafael.com.ar/empresa/5061/
165,4966,HIPER SERVICE,servicio-de-electrodomesticos-service,servicio-de-electrodomesticos,https://guiarsanrafael.com.ar/empresa/hiper-service/
165,4978,CONSULTORIOS ATUEL,centro-de-rehabilitacion,centro-de-rehabilitacion,https://guiarsanrafael.com.ar/empresa/consultorios-atuel/
165,4985,ALEJANDRO PÉREZ AZCURRA,traumatologia-y-ortopedia,traumatologia,https://guiarsanrafael.com.ar/empresa/alejandro-perez-azcurra/
165,4986,MARÍA BELÉN AZCURRA,ginecologia-y-obsterticia,ginecologia-y-obsterticia,https://guiarsanrafael.com.ar/empresa/maria-belen-azcurra/
165,4987,SIERRA Electricidad & Iluminación,electricidad-iluminacion,electricidad,https://guiarsanrafael.com.ar/empresa/sierra-iluminacion/
165,4997,ZAIDA MATAR Propiedades,corredor-publico-inmobiliario,bienes-raises,https://guiarsanrafael.com.ar/empresa/zaida-matar-propiedades/
165,5000,NEUMATICOS MORENO,alineacion-y-balanceo,autopartes,https://guiarsanrafael.com.ar/empresa/neumaticos-moreno/
165,5009,STELLA MARIS MAZZAGATTI,clinica-medica,clinica-medica,https://guiarsanrafael.com.ar/empresa/stella-maris-mazzagatti/
165,5012,ENRRIQUE ÁLVAREZ,kinesiologia-y-fisioterapia,centro-de-rehabilitacion,https://guiarsanrafael.com.ar/empresa/enrrique-alvarez/
165,5027,LA LINEA Pesca,armeria,armeria,https://guiarsanrafael.com.ar/empresa/la-linea-pesca/
166,4869,JS REPUESTOS,autopartes,autopartes,https://guiarsanrafael.com.ar/empresa/js-repuestos/
166,4879,TIMAX Fotocopiadoras,fotocopiadoras-servicio-tecnico-informatica-electronica,fotocopiadoras,https://guiarsanrafael.com.ar/empresa/timax-fotocopiadoras/
166,4888,BARBERIA ARGENTO,barberias-peluqueria-barberos,barberias,https://guiarsanrafael.com.ar/empresa/barberia-argento/
166,4897,GS MOTOS,mecanica-de-motos,mecanica-de-motos,https://guiarsanrafael.com.ar/empresa/gs-motos/
166,4904,CELFER Celulares Y Tablets,accesorios-de-telefonia-celular,servicio-tecnico,https://guiarsanrafael.com.ar/empresa/celfer-celulares-y-tablets/
166,4910,LIBRA Gimnasio,gimnasios-gym,,https://guiarsanrafael.com.ar/empresa/libra-gimnasio/
166,4916,FG SERVICIOS,diagnostico-computarizado-mecanica,diagnostico-computarizado,https://guiarsanrafael.com.ar/empresa/fg-servicios/
166,4933,LOUVRE Enmarcados,marqueteria-marcos,,https://guiarsanrafael.com.ar/empresa/louvre-enmarcados/
166,4940,GUTIERREZ INDIRA CAROLINA,abogados-abogadas-estudios-juridicos,abogadas,https://guiarsanrafael.com.ar/empresa/gutierrez-indira-carolina/
166,4958,HIPERPISOS Diseño & Estilo,ceramicas,ceramicas,https://guiarsanrafael.com.ar/empresa/hiperpisos-diseno-estilo/
167,4763,CITO PATH Laboratorio,anatomia-patologica,anatomia-patologica,https://guiarsanrafael.com.ar/empresa/cito-path-laboratorio/
167,4770,LA TIA NONA Rivadavia,carnicerias,carniceria,https://guiarsanrafael.com.ar/empresa/la-tia-nona-rivadavia/
167,4788,MAX OPTICA,contactologia,contactologia,https://guiarsanrafael.com.ar/empresa/max-optica/
167,4800,VALERIA SORROCHE,escribanias-escribanos-escribanas-mandatario-mandataria-notarios-notarias,escribanas,https://guiarsanrafael.com.ar/empresa/valeria-sorroche/
167,4804,GARCIA DUEÑAS Amoblamiento Integral de Oficinas,amoblamientos,amoblamientos,https://guiarsanrafael.com.ar/empresa/garcia-duenas-amoblamiento-integral-de-oficinas/
167,4817,SANITARIOS San Rafael,griferia-sanitarios,griferias,https://guiarsanrafael.com.ar/empresa/sanitarios-san-rafael/
167,4826,RODOLFO ARIEL FARÍA,implantes,implantes,https://guiarsanrafael.com.ar/empresa/rodolfo-ariel-faria/
167,4843,FERRETERIA VILLALOBOS,ferreterias-herramientas,ferreterias,https://guiarsanrafael.com.ar/empresa/ferreteria-villalobos-2/
167,4852,CERRAJERIA LA LLAVE,cerrajerias,cerrajerias,https://guiarsanrafael.com.ar/empresa/cerrajeria-la-llave/
167,4861,ATÉRMICOS PARIS,farica-de-atermicos-impermeabilizantes,aislantes-2,https://guiarsanrafael.com.ar/empresa/atermicos-paris/
168,4681,ALEJANDRA VIZCAYA,centro-de-estetica,centro-de-rehabilitacion,https://guiarsanrafael.com.ar/empresa/alejandra-vizcaya/
168,4692,METALÚRGICA TROYANO,aberturas,aberturas,https://guiarsanrafael.com.ar/empresa/metalurgica-troyano/
168,4702,CERRO NEVADO Automotores,agencia-de-autos-automotores,agencia-de-autos,https://guiarsanrafael.com.ar/empresa/cerro-nevado-automotores/
168,4709,LOS MERINO Pinturería,aislantes-impemeabilizantes,aislantes-2,https://guiarsanrafael.com.ar/empresa/los-merino-pintureria/
168,4724,SUEÑOS Estilistas,estilistas-peluqueria-barberias,estilistas,https://guiarsanrafael.com.ar/empresa/suenos-estilistas/
168,4732,VIVIANA CARRICONDO Estilista,estilistas-peluqueria-barberias,estilistas,https://guiarsanrafael.com.ar/empresa/viviana-carricondo-estilista/
168,4733,SILVIA FIGUEROA Estilista,estilistas-peluqueria-barberias,estilistas,https://guiarsanrafael.com.ar/empresa/silvia-figueroa-estilista/
168,4738,FLORENCIA QUIROGA Estilista,estilistas-peluqueria-barberias,estilistas,https://guiarsanrafael.com.ar/empresa/florencia-quiroga-estilista/
168,4748,GRAFICA GRAMAJO,carteleria-graficas-ploteados-letreros,carteleria,https://guiarsanrafael.com.ar/empresa/grafica-gramajo/
168,4755,ESTÉTICA LÁSER San Rafael,centro-de-estetica,centro-de-estetica,https://guiarsanrafael.com.ar/empresa/estetica-laser-san-rafael/
169,4564,MEGA MADERA s.r.l.,amoblamientos,amoblamientos,https://guiarsanrafael.com.ar/empresa/mega-madera-s-r-l/
169,4575,RODRIGO C. PEREZ,centro-de-rehabilitacion,centro-de-rehabilitacion,https://guiarsanrafael.com.ar/empresa/rodrigo-c-perez/
169,4590,CEPA Centro Patológico,anatomia-patologica,anatomia-patologica,https://guiarsanrafael.com.ar/empresa/cepa-centro-patologico/
169,4591,MARIBEL TRENCH,anatomia-patologica,anatomia-patologica,https://guiarsanrafael.com.ar/empresa/maribel-trench/
169,4592,MARISA FRANSISCO,anatomia-patologica,anatomia-patologica,https://guiarsanrafael.com.ar/empresa/marisa-fransisco/
169,4593,JORGE GOMILA,anatomia-patologica,anatomia-patologica,https://guiarsanrafael.com.ar/empresa/jorge-gomila/
169,4608,ISCC Instituto Superior de Carreras Cortas,educacion,carreras-cortas,https://guiarsanrafael.com.ar/empresa/iscc-instituto-superior-de-carreras-cortas/
169,4629,OPALO Tienda Holistica,tienda-holistica,tienda-holistica-3,https://guiarsanrafael.com.ar/empresa/opalo-tienda-holistica/
169,4637,JM Todo en Descartables,bazar-regaleria,cotillon,https://guiarsanrafael.com.ar/empresa/jm-todo-en-descartables/
169,4653,DISTRIMAR Distribuidora Mayorista,cotillon,descartables,https://guiarsanrafael.com.ar/empresa/distrimar-papeleria-mayorista/
170,4419,MINI LOOK,estilistas-peluqueria-barberias,estilistas,https://guiarsanrafael.com.ar/empresa/mini-look/
170,4435,YESO PLACK,aislantes-impemeabilizantes,aislantes-2,https://guiarsanrafael.com.ar/empresa/yeso-plack/
170,4447,TECHOS SUR,aberturas,aislantes-2,https://guiarsanrafael.com.ar/empresa/techos-sur/
170,4481,VIVIAN PETCOFF Óptica y Contactología,contactologia,contactologia,https://guiarsanrafael.com.ar/empresa/vivian-petcoff-optica-y-contactologia/
170,4496,AL BUEN DORMIR,blanco-colchones-sabanas-tuallones,blanco,https://guiarsanrafael.com.ar/empresa/al-buen-dormir/
170,4504,ESSENCE Estética Integral,belleza-de-pies-y-manos-unas-nails,centro-de-estetica,https://guiarsanrafael.com.ar/empresa/essence-estetica-integral/
170,4516,ALUMINIO 2000,aberturas,aberturas,https://guiarsanrafael.com.ar/empresa/aluminio-2000/
170,4533,C y M Construcciones Y Montajes,constructoras,aberturas,https://guiarsanrafael.com.ar/empresa/c-y-m-construcciones-y-montajes/
170,4534,GURU BIKES,bicicleterias,bicicleterias,https://guiarsanrafael.com.ar/empresa/guru-bikes/
170,4543,PONCE Carpainter,estetica-vehicular-tuning,estetica-vehicular,https://guiarsanrafael.com.ar/empresa/ponce-carpainter/
171,4320,ABERTURAS EMILIO,aberturas,aberturas,https://guiarsanrafael.com.ar/empresa/aberturas-emilio/
171,4327,FADEVA VIDRIOS,cristaleria-vidrios,cristalerias,https://guiarsanrafael.com.ar/empresa/fadeva-vidrios/
171,4335,ARANA VIDRIOS,cristaleria-vidrios,cristalerias,https://guiarsanrafael.com.ar/empresa/arana-vidrios/
171,4345,CUEVAS REFRIGERACION,aire-acondicionado,aire-acondicionado,https://guiarsanrafael.com.ar/empresa/cuevas-refrijeracion/
171,4352,PRONTO GRÁFICA,carteleria-graficas-ploteados-letreros,carteleria,https://guiarsanrafael.com.ar/empresa/pronto-grafica/
171,4362,TERRUÑO Licores & Vinos,licoreria-tienda-de-bebidas,almacen-de-bebidas,https://guiarsanrafael.com.ar/empresa/terruno-licores-vinos/
171,4371,MICA BEAUTY Insumos Estéticos,centro-de-estetica,insumos-para-estetica,https://guiarsanrafael.com.ar/empresa/mica-beauty-instituto/
171,4379,MICROBOLLOS ESTILO,estetica-vehicular-tuning,estetica-vehicular,https://guiarsanrafael.com.ar/empresa/microbollos-estilo/
171,4393,LIBRERIA MAGENTA,fotocopias,fotocopiadoras,https://guiarsanrafael.com.ar/empresa/libreria-magenta/
171,4412,LUCIA RUBIO DUCA,diagnostico-por-imagenes-ecografia-mamografias,diagnostico-por-imagenes,https://guiarsanrafael.com.ar/empresa/lucia-rubio-duca/
172,4246,KAIZEN Deco & Santería,tienda-holistica,tienda-holistica,https://guiarsanrafael.com.ar/empresa/kaizen-deco-santeria/
172,4252,APOLO GYM Hard Trainer,destacados,gimnasios,https://guiarsanrafael.com.ar/empresa/apolo-gym-hard-trainer/
172,4266,LA SAHUMERÍA,bazar-regaleria,bazar-regaleria,https://guiarsanrafael.com.ar/empresa/la-sahumeria/
172,4269,MENDOZA Bienes Raíces,inmobiliarias-alquileres-lotes-corredor-publico-inmobiliario-administraciones,bienes-raises,https://guiarsanrafael.com.ar/empresa/mendoza-bienes-raices/
172,4282,EL GRINGO Ferretería,ferreterias-herramientas,ferreterias,https://guiarsanrafael.com.ar/empresa/el-gringo-ferreteria/
172,4290,ZINGUERIA El Gringo,corte-y-plegado-de-chapas,zingueria,https://guiarsanrafael.com.ar/empresa/zingueria-el-gringo/
172,4297,PLEGADOS VERNINI,corte-y-plegado-de-chapas,corte-y-plegado-de-chapas,https://guiarsanrafael.com.ar/empresa/plegados-vernini/
172,4306,CECILIA MAYA,productor-de-seguros,productor-de-seguros,https://guiarsanrafael.com.ar/empresa/cecilia-maya/
172,4309,RAPI PAGO,rapi-pago,pagofacil,https://guiarsanrafael.com.ar/empresa/rapi-pago/
172,4315,CECILIA MAYA,gestoria-gestor-gestora,gestoria-del-automotor,https://guiarsanrafael.com.ar/empresa/cecilia-maya-2/
173,4136,CEMEL Centro Médico Laboral,clinica-medica,clinica-medica,https://guiarsanrafael.com.ar/empresa/cemel-centro-medico-laboral/
173,4145,MECANICA SALINAS,diagnostico-computarizado-mecanica,diagnostico-computarizado,https://guiarsanrafael.com.ar/empresa/mecanica-salinas/
173,4151,ORGANIZACIÓN FERNÁNDEZ,productor-de-seguros,productor-de-seguros,https://guiarsanrafael.com.ar/empresa/organizacion-fernandez/
173,4158,GLOBAL Climatización,aire-acondicionado,aire-acondicionado,https://guiarsanrafael.com.ar/empresa/global-climatizacion/
173,4188,MULTITECNO Informática,computacion-informatica,computacion,https://guiarsanrafael.com.ar/empresa/multitecno-informatica/
173,4194,UNICA Salón de Belleza,centro-de-estetica,centro-de-estetica,https://guiarsanrafael.com.ar/empresa/unica-salon-de-belleza/
173,4206,LAURA MORENO,centro-de-estetica,centro-de-estetica,https://guiarsanrafael.com.ar/empresa/laura-moreno/
173,4217,YEMINA JULIAN,escribanias-escribanos-escribanas-mandatario-mandataria-notarios-notarias,escribanias,https://guiarsanrafael.com.ar/empresa/yemina-julian/
173,4229,TINTORERIA PARIS,lavanderias,lavanderias,https://guiarsanrafael.com.ar/empresa/tintoreria-paris/
173,4240,MEMORIAL Salas Velatorias,sala-de-velatorios-cremaciones-cocherias,cocherias,https://guiarsanrafael.com.ar/empresa/memorial-salas-velatorias/
174,4091,FARMACIA CONSTITUCION,farmacias,farmacias,https://guiarsanrafael.com.ar/empresa/farmacia-constitucion-%c2%b7-0260-442-4713/
174,4097,FARMACIA ANDINA,farmacias,farmacias,https://guiarsanrafael.com.ar/empresa/farmacia-andina-2/
174,4098,FARMACIA LOS SAUCES,farmacias,farmacias,https://guiarsanrafael.com.ar/empresa/farmacia-los-sauces/
174,4103,FARMACIA PELLEGRINI,farmacias,farmacias,https://guiarsanrafael.com.ar/empresa/farmacia-pellegrini/
174,4104,FARMACIA DIFABIO,farmacias,farmacias,https://guiarsanrafael.com.ar/empresa/faramacia-difabio/
174,4105,FARMACIA SANTA FE,farmacias,farmacias,https://guiarsanrafael.com.ar/empresa/farmacia-santa-fe-farmacia-%c2%b7-0260/
174,4107,FARMACIA LA TERMINAL,farmacias,farmacias,https://guiarsanrafael.com.ar/empresa/farmacia-la-terminal-2/
174,4108,FARMACIA ROCA,farmacias,farmacias,https://guiarsanrafael.com.ar/empresa/farmacia-roca/
174,4115,DITAINE GARAGE,estetica-vehicular-tuning,estetica-vehicular,https://guiarsanrafael.com.ar/empresa/ditaine-garage/
174,4118,DIETETICA INTEGRAL,dieteticas-productos-naturales,dieteticas,https://guiarsanrafael.com.ar/empresa/dietetica-integral/
175,4075,FARMACIA AMANECER,farmacias,farmacias,https://guiarsanrafael.com.ar/empresa/farmacia-amanecer/
175,4076,FARMACIA ESPAÑA,farmacias,farmacias,https://guiarsanrafael.com.ar/empresa/farmacia-espana/
175,4077,FARMACIA LUZ Y VIDA,farmacias,farmacias,https://guiarsanrafael.com.ar/empresa/farmacia-luz-y-vida/
175,4078,FARMACIA BALLOFFET II,farmacias,farmacias,https://guiarsanrafael.com.ar/empresa/farmacia-balloffet-ii/
175,4085,FARMACIA BALLOFFET,farmacias,farmacias,https://guiarsanrafael.com.ar/empresa/farmacia-balloffet/
175,4086,FARMACIA UNIMEV,farmacias,farmacias,https://guiarsanrafael.com.ar/empresa/farmacia-unimev/
175,4087,FARMACIA ABBONA,farmacias,farmacias,https://guiarsanrafael.com.ar/empresa/farmacia-abbona/
175,4088,FARMACIA CABILDO,farmacias,farmacias,https://guiarsanrafael.com.ar/empresa/farmacia-cabildo/
175,4089,FARMACIA DIAMANTE,farmacias,farmacias,https://guiarsanrafael.com.ar/empresa/farmacia-diamante/
175,4090,FARMACIA EL SALTO,farmacias,farmacias,https://guiarsanrafael.com.ar/empresa/farmacia-el-salto/
176,4061,FARMACIA CRUZ DEL SUR,farmacias,farmacias,https://guiarsanrafael.com.ar/empresa/farmacia-cruz-del-sur/
176,4062,FARMACIA SARMIENTO,farmacias,farmacias,https://guiarsanrafael.com.ar/empresa/farmacia-sarmiento/
176,4064,FARMACIA SINI,farmacias,farmacias,https://guiarsanrafael.com.ar/empresa/farmacia-sini/
176,4066,FARMACIA CERIONI,farmacias,farmacias,https://guiarsanrafael.com.ar/empresa/farmacia-cerioni/
176,4069,FARMACIA ZORRILLA,farmacias,farmacias,https://guiarsanrafael.com.ar/empresa/farmacia-zorrilla/
176,4070,FARMACIA ALBERDI,farmacias,farmacias,https://guiarsanrafael.com.ar/empresa/farmacia-alberdi/
176,4071,FARMACIA 9 DE JULIO,farmacias,farmacias,https://guiarsanrafael.com.ar/empresa/farmacia-9-de-julio/
176,4072,FARMACIA GRISEL,farmacias,farmacias,https://guiarsanrafael.com.ar/empresa/farmacia-grisel/
176,4073,FARMCACIA 16 HORAS Dean Funes,farmacias,farmacias,https://guiarsanrafael.com.ar/empresa/farmcacia-16-horas-dean-funes/
176,4074,FARMACIA ADOLFO CALLE,farmacias,farmacias,https://guiarsanrafael.com.ar/empresa/farmacia-adolfo-calle/
177,4051,FARMACIA INDEPENDENCIA,farmacias,farmacias,https://guiarsanrafael.com.ar/empresa/farmacia-independencia/
177,4052,FARMACIA SAN RAFAEL 3,farmacias,farmacias,https://guiarsanrafael.com.ar/empresa/farmacia-san-rafael-3/
177,4053,FARMACIA ALEM,farmacias,farmacias,https://guiarsanrafael.com.ar/empresa/farmacia-alem/
177,4054,FARMACIA ANDINA,farmacias,farmacias,https://guiarsanrafael.com.ar/empresa/farmacia-andina/
177,4055,FARMACIA DEL PUEBLO,farmacias,farmacias,https://guiarsanrafael.com.ar/empresa/farmacia-del-pueblo/
177,4056,FARMACIA MARILYN,farmacias,farmacias,https://guiarsanrafael.com.ar/empresa/farmacia-marilyn/
177,4057,FARMACIA CRISTO REY,farmacias,farmacias,https://guiarsanrafael.com.ar/empresa/farmacia-cristo-rey/
177,4058,FARMACIA DEL ANGEL,farmacias,farmacias,https://guiarsanrafael.com.ar/empresa/farmacia-del-angel/
177,4059,FARMACIA SAN JUAN,farmacias,farmacias,https://guiarsanrafael.com.ar/empresa/farmacia-san-juan/
177,4060,FARMACIA LA TERMINAL,farmacias,farmacias,https://guiarsanrafael.com.ar/empresa/farmacia-la-terminal/
178,4037,FARMACIA SAN MARTIN,farmacias,farmacias,https://guiarsanrafael.com.ar/empresa/farmacia-san-martin-farmacia-%c2%b7-0260/
178,4039,FARMACIA BUENOS AIRES,farmacias,farmacias,https://guiarsanrafael.com.ar/empresa/farmacia-buenos-aires/
178,4040,FARMACIA ATENCIO,farmacias,farmacias,https://guiarsanrafael.com.ar/empresa/farmacia-atencio/
178,4041,FARMACIA LISENO,farmacias,farmacias,https://guiarsanrafael.com.ar/empresa/farmacia-liseno/
178,4042,FARMACIA DEL CARMEN,farmacias,farmacias,https://guiarsanrafael.com.ar/empresa/farmacia-del-carmen/
178,4043,FARMACIA MUÑOZ,farmacias,farmacias,https://guiarsanrafael.com.ar/empresa/farmacia-munoz/
178,4045,FARMACIA SAN RAFAEL 1,farmacias,farmacias,https://guiarsanrafael.com.ar/empresa/farmacia-san-rafael-1/
178,4048,FARMACIA PLAZA,farmacias,farmacias,https://guiarsanrafael.com.ar/empresa/farmacia-plaza/
178,4049,FARMACIA SAN ANDRES,farmacias,farmacias,https://guiarsanrafael.com.ar/empresa/farmacia-san-andres/
178,4050,FARMACIA FLORIDA,farmacias,farmacias,https://guiarsanrafael.com.ar/empresa/farmacia-florida/
179,3467,CUIDARTE Salud y Bienestar,consultorios-medicos,consultorios-medicos,https://guiarsanrafael.com.ar/empresa/cuidarte-salud-y-bienestar/
179,3937,SANITARIOS ITALIA,griferia-sanitarios,griferias,https://guiarsanrafael.com.ar/empresa/sanitarios-italia/
179,3955,FARMACIA ALMAFUERTE,farmacias,farmacias,https://guiarsanrafael.com.ar/empresa/farmacia-almafuerte/
179,4014,RAULINA MAÑAS,abogados-abogadas-estudios-juridicos,abogados,https://guiarsanrafael.com.ar/empresa/raulina-manas/
179,4027,FARMACIA MAYO,farmacias,farmacias,https://guiarsanrafael.com.ar/empresa/farmacia-mayo/
179,4030,FARMACIA RIVADAVIA,farmacias,farmacias,https://guiarsanrafael.com.ar/empresa/farmacia-rivadavia/
179,4031,FARMACIA SAN RAFAEL 2,farmacias,farmacias,https://guiarsanrafael.com.ar/empresa/farmacia-san-rafael-2/
179,4034,FARMACIA 16 HORAS,farmacias,farmacias,https://guiarsanrafael.com.ar/empresa/farmacia-16-horas/
179,4035,FARMACIA MORENO,destacados,farmacias,https://guiarsanrafael.com.ar/empresa/farmacia-moreno/
179,4036,FARMACIA AVENIDA,farmacias,farmacias,https://guiarsanrafael.com.ar/empresa/farmacia-avenida/
180,3464,VITALIS Salud Integral,consultorios-medicos,consultorios-medicos,https://guiarsanrafael.com.ar/empresa/vitalis-salud-integral/
180,3543,ARIEL CERVANTES  Servicio Mecánico,diagnostico-computarizado-mecanica,diagnostico-computarizado,https://guiarsanrafael.com.ar/empresa/ariel-cervantes-servicio-mecanico/
180,3886,AGRO INSUMOS GONZALO,agroquimicos,agroquimicos,https://guiarsanrafael.com.ar/empresa/agro-insumos-gonzalo/
180,3893,COMPUTACION DC,computacion-informatica,computacion,https://guiarsanrafael.com.ar/empresa/computacion-dc/
180,3909,CRISTALERIA EL DIAMANTE,cristaleria-vidrios,cristalerias,https://guiarsanrafael.com.ar/empresa/cristaleria-el-ciamante/
180,3920,NEUMATICOS CAMILETTI,alineacion-y-balanceo,alineacion-y-balanceo,https://guiarsanrafael.com.ar/empresa/neumaticos-camietti/
181,9273,Ketobac,artesanias,artesanias,https://guiarsanrafael.com.ar/empresa/9273/
181,9274,Ketobac,chocolateria,artesanias,https://guiarsanrafael.com.ar/empresa/ketobac/
181,9310,CASASUR,tinenda-de-bebidas-vinotecas-licores,tienda-de-bebidas,https://guiarsanrafael.com.ar/empresa/casasur/
181,9354,MARLUK’S,lubricantes-aceites-lubricentro,lubricantes,https://guiarsanrafael.com.ar/empresa/marluks/
181,9680,Gerar,alimentos-balanceados,alimentos-balanceados,https://guiarsanrafael.com.ar/empresa/gerar/
181,9689,SURIEGO,herramientas,herramientas,https://guiarsanrafael.com.ar/empresa/suriego-3/
181,9690,SURIEGO,energia-solar,energia-solar,https://guiarsanrafael.com.ar/empresa/suriego-2/
181,9761,CORPOBELLO,centro-de-estetica,centro-de-estetica,https://guiarsanrafael.com.ar/empresa/corpobello/
181,10266,L’Obrador,restaurantes-parrilas,restaurantes,https://guiarsanrafael.com.ar/empresa/lobrador/
182,6694,AUTOLED,electricidad-del-automotor,electricidad-del-automotor,https://guiarsanrafael.com.ar/empresa/autoled/
182,6730,LUBRISERVICE,lubricantes-aceites-lubricentro,lubricantes,https://guiarsanrafael.com.ar/empresa/lubriservice/
182,7643,SURIEGO,destacados,bombas-de-agua,https://guiarsanrafael.com.ar/empresa/suriego/
182,7917,FGH,materiales-de-construccion,corralones,https://guiarsanrafael.com.ar/empresa/fgh/
182,8364,SANTAGUCHERIA,bares-cocteleria,bares,https://guiarsanrafael.com.ar/empresa/santagucheria/
182,8423,DISTRISUR,herramientas,autopartes,https://guiarsanrafael.com.ar/empresa/distrisur/
182,8439,Re-Cam-Fi,repuestos-de-camiones,autopartes,https://guiarsanrafael.com.ar/empresa/re-cam-fi/
182,8453,Motoca,repuestos-de-motos,accesorios-para-motos,https://guiarsanrafael.com.ar/empresa/8453/
182,8509,SURTIGOMA,articulos-de-goma,articulos-de-goma,https://guiarsanrafael.com.ar/empresa/surtigoma/
182,9219,AutoLed,estetica-vehicular-tuning,accesorios-del-automotor,https://guiarsanrafael.com.ar/empresa/autoled-2/
183,4672,SAMARTfix,accesorios-de-telefonia-celular,accesorios-de-telefonia,https://guiarsanrafael.com.ar/empresa/samartfix/
